Tweet_ID,Username,Tweet_Text,Date_Time,City,Hashtags,Language,Sentiment_Score,Sentiment_Label,Emotion_Type,Topic_Category,Retweet_Count,Likes_Count,Weather_Data,Lowercase_Text,URLs_Found,Emojis,Contains_Question,Contains_Exclamation,Avg_Word_Length,Tokens,Tokens_No_Stopwords,Tokens_No_Punct,Lemmatized_Tokens,Cleaned_Text,Word_Count,Unique_Word_Count,Predicted_Emotion,Predicted_Topic
TWT1,user_408415,Climate researchers in Quetta are raising concerns about health risks related to heatwave as weather conditions shift.,11/20/2025 12:00:00 AM,Quetta,#Floods,en,-0.16392,Negative,Climate Stress,Climate,1921,9013,heatwave,climate researchers in quetta are raising concerns about health risks related to heatwave as weather conditions shift.,[],[],FALSE,FALSE,6,"['climate', 'researchers', 'in', 'quetta', 'are', 'raising', 'concerns', 'about', 'health', 'risks', 'related', 'to', 'heatwave', 'as', 'weather', 'conditions', 'shift', '.']","['climate', 'researchers', 'quetta', 'raising', 'concerns', 'health', 'risks', 'related', 'heatwave', 'weather', 'conditions', 'shift', '.']","['climate', 'researchers', 'quetta', 'raising', 'concerns', 'health', 'risks', 'related', 'heatwave', 'weather', 'conditions', 'shift']","['climate', 'researcher', 'quetta', 'raising', 'concern', 'health', 'risk', 'related', 'heatwave', 'weather', 'condition', 'shift']",climate researcher quetta raising concern health risk related heatwave weather condition shift,12,12,Severe Disaster Concern,Disaster
TWT2,user_308108,Residents in Islamabad are observing serious impacts related to water scarcity due to changing climate patterns.,9/6/2024 12:00:00 AM,Islamabad,#Heatwave,en,-0.107431111,Neutral,Resource Crisis,Climate,1189,2441,water scarcity,residents in islamabad are observing serious impacts related to water scarcity due to changing climate patterns.,[],[],FALSE,FALSE,6.0625,"['residents', 'in', 'islamabad', 'are', 'observing', 'serious', 'impacts', 'related', 'to', 'water', 'scarcity', 'due', 'to', 'changing', 'climate', 'patterns', '.']","['residents', 'islamabad', 'observing', 'serious', 'impacts', 'related', 'water', 'scarcity', 'due', 'changing', 'climate', 'patterns', '.']","['residents', 'islamabad', 'observing', 'serious', 'impacts', 'related', 'water', 'scarcity', 'due', 'changing', 'climate', 'patterns']","['resident', 'islamabad', 'observing', 'serious', 'impact', 'related', 'water', 'scarcity', 'due', 'changing', 'climate', 'pattern']",resident islamabad observing serious impact related water scarcity due changing climate pattern,12,12,Resource Crisis,Resource Issue
TWT3,user_151548,Residents in Larkana have noticed long-term effects related to heatwave during ongoing environmental changes.,12/10/2023 12:00:00 AM,Larkana,#Environment,en,0,Neutral,Climate Stress,Climate,2202,5039,heatwave,residents in larkana have noticed long-term effects related to heatwave during ongoing environmental changes.,[],[],FALSE,FALSE,6.857142857,"['residents', 'in', 'larkana', 'have', 'noticed', 'long-term', 'effects', 'related', 'to', 'heatwave', 'during', 'ongoing', 'environmental', 'changes', '.']","['residents', 'larkana', 'noticed', 'long-term', 'effects', 'related', 'heatwave', 'ongoing', 'environmental', 'changes', '.']","['residents', 'larkana', 'noticed', 'long-term', 'effects', 'related', 'heatwave', 'ongoing', 'environmental', 'changes']","['resident', 'larkana', 'noticed', 'long-term', 'effect', 'related', 'heatwave', 'ongoing', 'environmental', 'change']",resident larkana noticed long-term effect related heatwave ongoing environmental change,10,10,Disaster Relief / Recovery,Disaster
TWT4,user_117132,Local communities in Nawabshah are discussing serious impacts related to flooding due to changing climate patterns.,7/27/2018 12:00:00 AM,Nawabshah,#PakistanClimate,en,-0.092153333,Neutral,Disaster Risk,Climate,846,6400,flooding,local communities in nawabshah are discussing serious impacts related to flooding due to changing climate patterns.,[],[],FALSE,FALSE,6.25,"['local', 'communities', 'in', 'nawabshah', 'are', 'discussing', 'serious', 'impacts', 'related', 'to', 'flooding', 'due', 'to', 'changing', 'climate', 'patterns', '.']","['local', 'communities', 'nawabshah', 'discussing', 'serious', 'impacts', 'related', 'flooding', 'due', 'changing', 'climate', 'patterns', '.']","['local', 'communities', 'nawabshah', 'discussing', 'serious', 'impacts', 'related', 'flooding', 'due', 'changing', 'climate', 'patterns']","['local', 'community', 'nawabshah', 'discussing', 'serious', 'impact', 'related', 'flooding', 'due', 'changing', 'climate', 'pattern']",local community nawabshah discussing serious impact related flooding due changing climate pattern,12,12,Severe Disaster Concern,Disaster
TWT5,user_127767,Health officials in Islamabad are experiencing environmental challenges related to heatwave during ongoing environmental changes.,2/6/2025 12:00:00 AM,Islamabad,#Environment,en,0.04632,Neutral,Climate Stress,Climate,3793,3258,heatwave,health officials in islamabad are experiencing environmental challenges related to heatwave during ongoing environmental changes.,[],[],FALSE,FALSE,7.666666667,"['health', 'officials', 'in', 'islamabad', 'are', 'experiencing', 'environmental', 'challenges', 'related', 'to', 'heatwave', 'during', 'ongoing', 'environmental', 'changes', '.']","['health', 'officials', 'islamabad', 'experiencing', 'environmental', 'challenges', 'related', 'heatwave', 'ongoing', 'environmental', 'changes', '.']","['health', 'officials', 'islamabad', 'experiencing', 'environmental', 'challenges', 'related', 'heatwave', 'ongoing', 'environmental', 'changes']","['health', 'official', 'islamabad', 'experiencing', 'environmental', 'challenge', 'related', 'heatwave', 'ongoing', 'environmental', 'change']",health official islamabad experiencing environmental challenge related heatwave ongoing environmental change,11,10,General Disaster Discussion,Disaster
TWT6,user_476221,Health officials in Islamabad are raising concerns about economic pressure related to heatwave as weather conditions shift.,12/6/2021 12:00:00 AM,Islamabad,#ClimateChange,en,-0.1376,Negative,Climate Stress,Climate,4060,3458,heatwave,health officials in islamabad are raising concerns about economic pressure related to heatwave as weather conditions shift.,[],[],FALSE,FALSE,6.294117647,"['health', 'officials', 'in', 'islamabad', 'are', 'raising', 'concerns', 'about', 'economic', 'pressure', 'related', 'to', 'heatwave', 'as', 'weather', 'conditions', 'shift', '.']","['health', 'officials', 'islamabad', 'raising', 'concerns', 'economic', 'pressure', 'related', 'heatwave', 'weather', 'conditions', 'shift', '.']","['health', 'officials', 'islamabad', 'raising', 'concerns', 'economic', 'pressure', 'related', 'heatwave', 'weather', 'conditions', 'shift']","['health', 'official', 'islamabad', 'raising', 'concern', 'economic', 'pressure', 'related', 'heatwave', 'weather', 'condition', 'shift']",health official islamabad raising concern economic pressure related heatwave weather condition shift,12,12,Severe Disaster Concern,Disaster
TWT7,user_358674,Environmental experts in Swabi are reporting environmental challenges related to heavy rainfall after recent reports.,2/5/2019 12:00:00 AM,Swabi,#PakistanClimate,en,0.019653333,Neutral,Disaster Risk,Climate,791,7505,heavy rainfall,environmental experts in swabi are reporting environmental challenges related to heavy rainfall after recent reports.,[],[],FALSE,FALSE,6.866666667,"['environmental', 'experts', 'in', 'swabi', 'are', 'reporting', 'environmental', 'challenges', 'related', 'to', 'heavy', 'rainfall', 'after', 'recent', 'reports', '.']","['environmental', 'experts', 'swabi', 'reporting', 'environmental', 'challenges', 'related', 'heavy', 'rainfall', 'recent', 'reports', '.']","['environmental', 'experts', 'swabi', 'reporting', 'environmental', 'challenges', 'related', 'heavy', 'rainfall', 'recent', 'reports']","['environmental', 'expert', 'swabi', 'reporting', 'environmental', 'challenge', 'related', 'heavy', 'rainfall', 'recent', 'report']",environmental expert swabi reporting environmental challenge related heavy rainfall recent report,11,10,General Disaster Discussion,Disaster
TWT8,user_837509,Local communities in Gwadar have noticed health risks related to flooding after recent reports.,7/21/2020 12:00:00 AM,Gwadar,#Smog,en,-0.16392,Negative,Disaster Risk,Climate,3145,2954,flooding,local communities in gwadar have noticed health risks related to flooding after recent reports.,[],[],FALSE,FALSE,5.857142857,"['local', 'communities', 'in', 'gwadar', 'have', 'noticed', 'health', 'risks', 'related', 'to', 'flooding', 'after', 'recent', 'reports', '.']","['local', 'communities', 'gwadar', 'noticed', 'health', 'risks', 'related', 'flooding', 'recent', 'reports', '.']","['local', 'communities', 'gwadar', 'noticed', 'health', 'risks', 'related', 'flooding', 'recent', 'reports']","['local', 'community', 'gwadar', 'noticed', 'health', 'risk', 'related', 'flooding', 'recent', 'report']",local community gwadar noticed health risk related flooding recent report,10,10,Severe Disaster Concern,Disaster
TWT9,user_241217,Health officials in Charsadda are discussing environmental challenges related to extreme weather as weather conditions shift.,8/13/2020 12:00:00 AM,Charsadda,#PakistanClimate,en,0.02132,Neutral,Climate Concern,Climate,149,8015,extreme weather,health officials in charsadda are discussing environmental challenges related to extreme weather as weather conditions shift.,[],[],FALSE,FALSE,6.875,"['health', 'officials', 'in', 'charsadda', 'are', 'discussing', 'environmental', 'challenges', 'related', 'to', 'extreme', 'weather', 'as', 'weather', 'conditions', 'shift', '.']","['health', 'officials', 'charsadda', 'discussing', 'environmental', 'challenges', 'related', 'extreme', 'weather', 'weather', 'conditions', 'shift', '.']","['health', 'officials', 'charsadda', 'discussing', 'environmental', 'challenges', 'related', 'extreme', 'weather', 'weather', 'conditions', 'shift']","['health', 'official', 'charsadda', 'discussing', 'environmental', 'challenge', 'related', 'extreme', 'weather', 'weather', 'condition', 'shift']",health official charsadda discussing environmental challenge related extreme weather weather condition shift,12,11,Positive Environmental Outlook,General
TWT10,user_355298,Citizens in Islamabad are experiencing public safety issues related to rising temperatures during ongoing environmental changes.,5/31/2018 12:00:00 AM,Islamabad,#PakistanClimate,en,0.2529,Positive,Climate Stress,Climate,4492,1441,rising temperatures,citizens in islamabad are experiencing public safety issues related to rising temperatures during ongoing environmental changes.,[],[],FALSE,FALSE,7.0625,"['citizens', 'in', 'islamabad', 'are', 'experiencing', 'public', 'safety', 'issues', 'related', 'to', 'rising', 'temperatures', 'during', 'ongoing', 'environmental', 'changes', '.']","['citizens', 'islamabad', 'experiencing', 'public', 'safety', 'issues', 'related', 'rising', 'temperatures', 'ongoing', 'environmental', 'changes', '.']","['citizens', 'islamabad', 'experiencing', 'public', 'safety', 'issues', 'related', 'rising', 'temperatures', 'ongoing', 'environmental', 'changes']","['citizen', 'islamabad', 'experiencing', 'public', 'safety', 'issue', 'related', 'rising', 'temperature', 'ongoing', 'environmental', 'change']",citizen islamabad experiencing public safety issue related rising temperature ongoing environmental change,12,12,Climate Awareness,Climate Change
TWT11,user_945144,Health officials in Islamabad are reporting serious impacts related to smog in recent months.,11/19/2025 12:00:00 AM,Islamabad,#Environment,en,-0.261164444,Negative,Health Hazard,Climate,1898,3819,smog,health officials in islamabad are reporting serious impacts related to smog in recent months.,[],[],FALSE,FALSE,5.714285714,"['health', 'officials', 'in', 'islamabad', 'are', 'reporting', 'serious', 'impacts', 'related', 'to', 'smog', 'in', 'recent', 'months', '.']","['health', 'officials', 'islamabad', 'reporting', 'serious', 'impacts', 'related', 'smog', 'recent', 'months', '.']","['health', 'officials', 'islamabad', 'reporting', 'serious', 'impacts', 'related', 'smog', 'recent', 'months']","['health', 'official', 'islamabad', 'reporting', 'serious', 'impact', 'related', 'smog', 'recent', 'month']",health official islamabad reporting serious impact related smog recent month,10,10,Health Hazard,Pollution
TWT12,user_53134,Environmental experts in Rahim Yar Khan have noticed health risks related to heavy rainfall during ongoing environmental changes.,10/28/2021 12:00:00 AM,Rahim Yar Khan,#PakistanClimate,en,-0.20392,Negative,Disaster Risk,Climate,3911,9491,heavy rainfall,environmental experts in rahim yar khan have noticed health risks related to heavy rainfall during ongoing environmental changes.,[],[],FALSE,FALSE,6.222222222,"['environmental', 'experts', 'in', 'rahim', 'yar', 'khan', 'have', 'noticed', 'health', 'risks', 'related', 'to', 'heavy', 'rainfall', 'during', 'ongoing', 'environmental', 'changes', '.']","['environmental', 'experts', 'rahim', 'yar', 'khan', 'noticed', 'health', 'risks', 'related', 'heavy', 'rainfall', 'ongoing', 'environmental', 'changes', '.']","['environmental', 'experts', 'rahim', 'yar', 'khan', 'noticed', 'health', 'risks', 'related', 'heavy', 'rainfall', 'ongoing', 'environmental', 'changes']","['environmental', 'expert', 'rahim', 'yar', 'khan', 'noticed', 'health', 'risk', 'related', 'heavy', 'rainfall', 'ongoing', 'environmental', 'change']",environmental expert rahim yar khan noticed health risk related heavy rainfall ongoing environmental change,14,13,Severe Disaster Concern,Disaster
TWT13,user_811789,Residents in Vehari are experiencing economic pressure related to air pollution due to changing climate patterns.,9/11/2024 12:00:00 AM,Vehari,#GlobalWarming,en,-0.1676,Negative,Health Hazard,Climate,1729,6630,air pollution,residents in vehari are experiencing economic pressure related to air pollution due to changing climate patterns.,[],[],FALSE,FALSE,6.125,"['residents', 'in', 'vehari', 'are', 'experiencing', 'economic', 'pressure', 'related', 'to', 'air', 'pollution', 'due', 'to', 'changing', 'climate', 'patterns', '.']","['residents', 'vehari', 'experiencing', 'economic', 'pressure', 'related', 'air', 'pollution', 'due', 'changing', 'climate', 'patterns', '.']","['residents', 'vehari', 'experiencing', 'economic', 'pressure', 'related', 'air', 'pollution', 'due', 'changing', 'climate', 'patterns']","['resident', 'vehari', 'experiencing', 'economic', 'pressure', 'related', 'air', 'pollution', 'due', 'changing', 'climate', 'pattern']",resident vehari experiencing economic pressure related air pollution due changing climate pattern,12,12,Health Hazard,Pollution
TWT14,user_674192,Climate researchers in Rawalpindi have noticed health risks related to water scarcity due to changing climate patterns.,7/28/2022 12:00:00 AM,Rawalpindi,#GlobalWarming,en,-0.18892,Negative,Resource Crisis,Climate,307,3960,water scarcity,climate researchers in rawalpindi have noticed health risks related to water scarcity due to changing climate patterns.,[],[],FALSE,FALSE,6.058823529,"['climate', 'researchers', 'in', 'rawalpindi', 'have', 'noticed', 'health', 'risks', 'related', 'to', 'water', 'scarcity', 'due', 'to', 'changing', 'climate', 'patterns', '.']","['climate', 'researchers', 'rawalpindi', 'noticed', 'health', 'risks', 'related', 'water', 'scarcity', 'due', 'changing', 'climate', 'patterns', '.']","['climate', 'researchers', 'rawalpindi', 'noticed', 'health', 'risks', 'related', 'water', 'scarcity', 'due', 'changing', 'climate', 'patterns']","['climate', 'researcher', 'rawalpindi', 'noticed', 'health', 'risk', 'related', 'water', 'scarcity', 'due', 'changing', 'climate', 'pattern']",climate researcher rawalpindi noticed health risk related water scarcity due changing climate pattern,13,12,Resource Crisis,Resource Issue
TWT15,user_157098,Local communities in Gwadar are observing health risks related to heatwave as weather conditions shift.,5/31/2018 12:00:00 AM,Gwadar,#PakistanClimate,en,-0.16392,Negative,Climate Stress,Climate,3374,2991,heatwave,local communities in gwadar are observing health risks related to heatwave as weather conditions shift.,[],[],FALSE,FALSE,5.933333333,"['local', 'communities', 'in', 'gwadar', 'are', 'observing', 'health', 'risks', 'related', 'to', 'heatwave', 'as', 'weather', 'conditions', 'shift', '.']","['local', 'communities', 'gwadar', 'observing', 'health', 'risks', 'related', 'heatwave', 'weather', 'conditions', 'shift', '.']","['local', 'communities', 'gwadar', 'observing', 'health', 'risks', 'related', 'heatwave', 'weather', 'conditions', 'shift']","['local', 'community', 'gwadar', 'observing', 'health', 'risk', 'related', 'heatwave', 'weather', 'condition', 'shift']",local community gwadar observing health risk related heatwave weather condition shift,11,11,Severe Disaster Concern,Disaster
TWT16,user_834928,Climate researchers in Abbottabad are observing serious impacts related to smog as weather conditions shift.,6/25/2021 12:00:00 AM,Abbottabad,#GlobalWarming,en,-0.283386667,Negative,Health Hazard,Climate,2520,442,smog,climate researchers in abbottabad are observing serious impacts related to smog as weather conditions shift.,[],[],FALSE,FALSE,6.266666667,"['climate', 'researchers', 'in', 'abbottabad', 'are', 'observing', 'serious', 'impacts', 'related', 'to', 'smog', 'as', 'weather', 'conditions', 'shift', '.']","['climate', 'researchers', 'abbottabad', 'observing', 'serious', 'impacts', 'related', 'smog', 'weather', 'conditions', 'shift', '.']","['climate', 'researchers', 'abbottabad', 'observing', 'serious', 'impacts', 'related', 'smog', 'weather', 'conditions', 'shift']","['climate', 'researcher', 'abbottabad', 'observing', 'serious', 'impact', 'related', 'smog', 'weather', 'condition', 'shift']",climate researcher abbottabad observing serious impact related smog weather condition shift,11,11,Health Hazard,Pollution
TWT17,user_160314,Environmental experts in Abbottabad are discussing long-term effects related to rising temperatures during ongoing environmental changes.,8/23/2020 12:00:00 AM,Abbottabad,#Floods,en,0,Neutral,Climate Stress,Climate,3021,6073,rising temperatures,environmental experts in abbottabad are discussing long-term effects related to rising temperatures during ongoing environmental changes.,[],[],FALSE,FALSE,7.625,"['environmental', 'experts', 'in', 'abbottabad', 'are', 'discussing', 'long-term', 'effects', 'related', 'to', 'rising', 'temperatures', 'during', 'ongoing', 'environmental', 'changes', '.']","['environmental', 'experts', 'abbottabad', 'discussing', 'long-term', 'effects', 'related', 'rising', 'temperatures', 'ongoing', 'environmental', 'changes', '.']","['environmental', 'experts', 'abbottabad', 'discussing', 'long-term', 'effects', 'related', 'rising', 'temperatures', 'ongoing', 'environmental', 'changes']","['environmental', 'expert', 'abbottabad', 'discussing', 'long-term', 'effect', 'related', 'rising', 'temperature', 'ongoing', 'environmental', 'change']",environmental expert abbottabad discussing long-term effect related rising temperature ongoing environmental change,12,11,Climate Awareness,Climate Change
TWT18,user_426773,Citizens in Islamabad are experiencing long-term effects related to heavy rainfall in recent months.,10/13/2025 12:00:00 AM,Islamabad,#Smog,en,-0.026666667,Neutral,Disaster Risk,Climate,4248,6773,heavy rainfall,citizens in islamabad are experiencing long-term effects related to heavy rainfall in recent months.,[],[],FALSE,FALSE,6.214285714,"['citizens', 'in', 'islamabad', 'are', 'experiencing', 'long-term', 'effects', 'related', 'to', 'heavy', 'rainfall', 'in', 'recent', 'months', '.']","['citizens', 'islamabad', 'experiencing', 'long-term', 'effects', 'related', 'heavy', 'rainfall', 'recent', 'months', '.']","['citizens', 'islamabad', 'experiencing', 'long-term', 'effects', 'related', 'heavy', 'rainfall', 'recent', 'months']","['citizen', 'islamabad', 'experiencing', 'long-term', 'effect', 'related', 'heavy', 'rainfall', 'recent', 'month']",citizen islamabad experiencing long-term effect related heavy rainfall recent month,10,10,Severe Disaster Concern,Disaster
TWT19,user_359656,Climate researchers in Sibi are discussing economic pressure related to rising temperatures in recent months.,11/21/2022 12:00:00 AM,Sibi,#Floods,en,-0.150933333,Negative,Climate Stress,Climate,4261,4863,rising temperatures,climate researchers in sibi are discussing economic pressure related to rising temperatures in recent months.,[],[],FALSE,FALSE,6.333333333,"['climate', 'researchers', 'in', 'sibi', 'are', 'discussing', 'economic', 'pressure', 'related', 'to', 'rising', 'temperatures', 'in', 'recent', 'months', '.']","['climate', 'researchers', 'sibi', 'discussing', 'economic', 'pressure', 'related', 'rising', 'temperatures', 'recent', 'months', '.']","['climate', 'researchers', 'sibi', 'discussing', 'economic', 'pressure', 'related', 'rising', 'temperatures', 'recent', 'months']","['climate', 'researcher', 'sibi', 'discussing', 'economic', 'pressure', 'related', 'rising', 'temperature', 'recent', 'month']",climate researcher sibi discussing economic pressure related rising temperature recent month,11,11,Climate Stress,Climate Change
TWT20,user_837736,Citizens in Faisalabad are experiencing long-term effects related to air pollution as weather conditions shift.,6/18/2019 12:00:00 AM,Faisalabad,#Floods,en,0,Neutral,Health Hazard,Climate,738,2546,air pollution,citizens in faisalabad are experiencing long-term effects related to air pollution as weather conditions shift.,[],[],FALSE,FALSE,6.466666667,"['citizens', 'in', 'faisalabad', 'are', 'experiencing', 'long-term', 'effects', 'related', 'to', 'air', 'pollution', 'as', 'weather', 'conditions', 'shift', '.']","['citizens', 'faisalabad', 'experiencing', 'long-term', 'effects', 'related', 'air', 'pollution', 'weather', 'conditions', 'shift', '.']","['citizens', 'faisalabad', 'experiencing', 'long-term', 'effects', 'related', 'air', 'pollution', 'weather', 'conditions', 'shift']","['citizen', 'faisalabad', 'experiencing', 'long-term', 'effect', 'related', 'air', 'pollution', 'weather', 'condition', 'shift']",citizen faisalabad experiencing long-term effect related air pollution weather condition shift,11,11,Environmental Awareness,Pollution
TWT21,user_532196,Citizens in Hyderabad are reporting public safety issues related to climate change after recent reports.,4/8/2023 12:00:00 AM,Hyderabad,#GlobalWarming,en,0.2529,Positive,Climate Concern,Climate,3330,7449,climate change,citizens in hyderabad are reporting public safety issues related to climate change after recent reports.,[],[],FALSE,FALSE,6,"['citizens', 'in', 'hyderabad', 'are', 'reporting', 'public', 'safety', 'issues', 'related', 'to', 'climate', 'change', 'after', 'recent', 'reports', '.']","['citizens', 'hyderabad', 'reporting', 'public', 'safety', 'issues', 'related', 'climate', 'change', 'recent', 'reports', '.']","['citizens', 'hyderabad', 'reporting', 'public', 'safety', 'issues', 'related', 'climate', 'change', 'recent', 'reports']","['citizen', 'hyderabad', 'reporting', 'public', 'safety', 'issue', 'related', 'climate', 'change', 'recent', 'report']",citizen hyderabad reporting public safety issue related climate change recent report,11,11,Climate Awareness,Climate Change
TWT22,user_233048,Residents in Jacobabad are observing public safety issues related to heatwave during ongoing environmental changes.,12/2/2022 12:00:00 AM,Jacobabad,#GlobalWarming,en,0.2529,Positive,Climate Stress,Climate,2823,1688,heatwave,residents in jacobabad are observing public safety issues related to heatwave during ongoing environmental changes.,[],[],FALSE,FALSE,6.733333333,"['residents', 'in', 'jacobabad', 'are', 'observing', 'public', 'safety', 'issues', 'related', 'to', 'heatwave', 'during', 'ongoing', 'environmental', 'changes', '.']","['residents', 'jacobabad', 'observing', 'public', 'safety', 'issues', 'related', 'heatwave', 'ongoing', 'environmental', 'changes', '.']","['residents', 'jacobabad', 'observing', 'public', 'safety', 'issues', 'related', 'heatwave', 'ongoing', 'environmental', 'changes']","['resident', 'jacobabad', 'observing', 'public', 'safety', 'issue', 'related', 'heatwave', 'ongoing', 'environmental', 'change']",resident jacobabad observing public safety issue related heatwave ongoing environmental change,11,11,General Disaster Discussion,Disaster
TWT23,user_175962,Citizens in Mardan have noticed environmental challenges related to climate change after recent reports.,10/27/2025 12:00:00 AM,Mardan,#ClimateChange,en,0.04632,Neutral,Climate Concern,Climate,1053,9034,climate change,citizens in mardan have noticed environmental challenges related to climate change after recent reports.,[],[],FALSE,FALSE,6.5,"['citizens', 'in', 'mardan', 'have', 'noticed', 'environmental', 'challenges', 'related', 'to', 'climate', 'change', 'after', 'recent', 'reports', '.']","['citizens', 'mardan', 'noticed', 'environmental', 'challenges', 'related', 'climate', 'change', 'recent', 'reports', '.']","['citizens', 'mardan', 'noticed', 'environmental', 'challenges', 'related', 'climate', 'change', 'recent', 'reports']","['citizen', 'mardan', 'noticed', 'environmental', 'challenge', 'related', 'climate', 'change', 'recent', 'report']",citizen mardan noticed environmental challenge related climate change recent report,10,10,Climate Awareness,Climate Change
TWT24,user_805166,Local communities in Mardan are reporting health risks related to flooding after recent reports.,11/3/2022 12:00:00 AM,Mardan,#Heatwave,en,-0.16392,Negative,Disaster Risk,Climate,4745,279,flooding,local communities in mardan are reporting health risks related to flooding after recent reports.,[],[],FALSE,FALSE,5.928571429,"['local', 'communities', 'in', 'mardan', 'are', 'reporting', 'health', 'risks', 'related', 'to', 'flooding', 'after', 'recent', 'reports', '.']","['local', 'communities', 'mardan', 'reporting', 'health', 'risks', 'related', 'flooding', 'recent', 'reports', '.']","['local', 'communities', 'mardan', 'reporting', 'health', 'risks', 'related', 'flooding', 'recent', 'reports']","['local', 'community', 'mardan', 'reporting', 'health', 'risk', 'related', 'flooding', 'recent', 'report']",local community mardan reporting health risk related flooding recent report,10,10,Severe Disaster Concern,Disaster
TWT25,user_984570,Climate researchers in Swat are raising concerns about long-term effects related to heavy rainfall due to changing climate patterns.,4/9/2024 12:00:00 AM,Swat,#ClimateChange,en,-0.043333333,Neutral,Disaster Risk,Climate,2876,8666,heavy rainfall,climate researchers in swat are raising concerns about long-term effects related to heavy rainfall due to changing climate patterns.,[],[],FALSE,FALSE,6,"['climate', 'researchers', 'in', 'swat', 'are', 'raising', 'concerns', 'about', 'long-term', 'effects', 'related', 'to', 'heavy', 'rainfall', 'due', 'to', 'changing', 'climate', 'patterns', '.']","['climate', 'researchers', 'swat', 'raising', 'concerns', 'long-term', 'effects', 'related', 'heavy', 'rainfall', 'due', 'changing', 'climate', 'patterns', '.']","['climate', 'researchers', 'swat', 'raising', 'concerns', 'long-term', 'effects', 'related', 'heavy', 'rainfall', 'due', 'changing', 'climate', 'patterns']","['climate', 'researcher', 'swat', 'raising', 'concern', 'long-term', 'effect', 'related', 'heavy', 'rainfall', 'due', 'changing', 'climate', 'pattern']",climate researcher swat raising concern long-term effect related heavy rainfall due changing climate pattern,14,13,Severe Disaster Concern,Disaster
TWT26,user_781076,Local communities in Nowshera are reporting long-term effects related to air pollution as weather conditions shift.,3/3/2025 12:00:00 AM,Nowshera,#PakistanClimate,en,0,Neutral,Health Hazard,Climate,4124,2006,air pollution,local communities in nowshera are reporting long-term effects related to air pollution as weather conditions shift.,[],[],FALSE,FALSE,6.25,"['local', 'communities', 'in', 'nowshera', 'are', 'reporting', 'long-term', 'effects', 'related', 'to', 'air', 'pollution', 'as', 'weather', 'conditions', 'shift', '.']","['local', 'communities', 'nowshera', 'reporting', 'long-term', 'effects', 'related', 'air', 'pollution', 'weather', 'conditions', 'shift', '.']","['local', 'communities', 'nowshera', 'reporting', 'long-term', 'effects', 'related', 'air', 'pollution', 'weather', 'conditions', 'shift']","['local', 'community', 'nowshera', 'reporting', 'long-term', 'effect', 'related', 'air', 'pollution', 'weather', 'condition', 'shift']",local community nowshera reporting long-term effect related air pollution weather condition shift,12,12,Environmental Awareness,Pollution
TWT27,user_677622,Citizens in Nowshera are observing public safety issues related to extreme weather in recent months.,8/1/2022 12:00:00 AM,Nowshera,#GlobalWarming,en,0.2404,Positive,Climate Concern,Climate,4195,1628,extreme weather,citizens in nowshera are observing public safety issues related to extreme weather in recent months.,[],[],FALSE,FALSE,5.733333333,"['citizens', 'in', 'nowshera', 'are', 'observing', 'public', 'safety', 'issues', 'related', 'to', 'extreme', 'weather', 'in', 'recent', 'months', '.']","['citizens', 'nowshera', 'observing', 'public', 'safety', 'issues', 'related', 'extreme', 'weather', 'recent', 'months', '.']","['citizens', 'nowshera', 'observing', 'public', 'safety', 'issues', 'related', 'extreme', 'weather', 'recent', 'months']","['citizen', 'nowshera', 'observing', 'public', 'safety', 'issue', 'related', 'extreme', 'weather', 'recent', 'month']",citizen nowshera observing public safety issue related extreme weather recent month,11,11,Positive Environmental Outlook,General
TWT28,user_227471,Environmental experts in Khuzdar are experiencing economic pressure related to extreme weather due to changing climate patterns.,12/18/2021 12:00:00 AM,Khuzdar,#ClimateChange,en,-0.1826,Negative,Climate Concern,Climate,2215,3864,extreme weather,environmental experts in khuzdar are experiencing economic pressure related to extreme weather due to changing climate patterns.,[],[],FALSE,FALSE,6.588235294,"['environmental', 'experts', 'in', 'khuzdar', 'are', 'experiencing', 'economic', 'pressure', 'related', 'to', 'extreme', 'weather', 'due', 'to', 'changing', 'climate', 'patterns', '.']","['environmental', 'experts', 'khuzdar', 'experiencing', 'economic', 'pressure', 'related', 'extreme', 'weather', 'due', 'changing', 'climate', 'patterns', '.']","['environmental', 'experts', 'khuzdar', 'experiencing', 'economic', 'pressure', 'related', 'extreme', 'weather', 'due', 'changing', 'climate', 'patterns']","['environmental', 'expert', 'khuzdar', 'experiencing', 'economic', 'pressure', 'related', 'extreme', 'weather', 'due', 'changing', 'climate', 'pattern']",environmental expert khuzdar experiencing economic pressure related extreme weather due changing climate pattern,13,13,Negative Climate Concern,General
TWT29,user_330828,Climate researchers in Sargodha have noticed public safety issues related to heatwave in recent months.,3/30/2025 12:00:00 AM,Sargodha,#Smog,en,0.2529,Positive,Climate Stress,Climate,856,9172,heatwave,climate researchers in sargodha have noticed public safety issues related to heatwave in recent months.,[],[],FALSE,FALSE,5.933333333,"['climate', 'researchers', 'in', 'sargodha', 'have', 'noticed', 'public', 'safety', 'issues', 'related', 'to', 'heatwave', 'in', 'recent', 'months', '.']","['climate', 'researchers', 'sargodha', 'noticed', 'public', 'safety', 'issues', 'related', 'heatwave', 'recent', 'months', '.']","['climate', 'researchers', 'sargodha', 'noticed', 'public', 'safety', 'issues', 'related', 'heatwave', 'recent', 'months']","['climate', 'researcher', 'sargodha', 'noticed', 'public', 'safety', 'issue', 'related', 'heatwave', 'recent', 'month']",climate researcher sargodha noticed public safety issue related heatwave recent month,11,11,Disaster Relief / Recovery,Disaster
TWT30,user_2227,Urban planners in Islamabad have noticed health risks related to heavy rainfall after recent reports.,10/19/2022 12:00:00 AM,Islamabad,#GlobalWarming,en,-0.18392,Negative,Disaster Risk,Climate,4788,913,heavy rainfall,urban planners in islamabad have noticed health risks related to heavy rainfall after recent reports.,[],[],FALSE,FALSE,5.8,"['urban', 'planners', 'in', 'islamabad', 'have', 'noticed', 'health', 'risks', 'related', 'to', 'heavy', 'rainfall', 'after', 'recent', 'reports', '.']","['urban', 'planners', 'islamabad', 'noticed', 'health', 'risks', 'related', 'heavy', 'rainfall', 'recent', 'reports', '.']","['urban', 'planners', 'islamabad', 'noticed', 'health', 'risks', 'related', 'heavy', 'rainfall', 'recent', 'reports']","['urban', 'planner', 'islamabad', 'noticed', 'health', 'risk', 'related', 'heavy', 'rainfall', 'recent', 'report']",urban planner islamabad noticed health risk related heavy rainfall recent report,11,11,Severe Disaster Concern,Disaster
TWT31,user_103015,Residents in Khuzdar have noticed environmental challenges related to rising temperatures after recent reports.,4/16/2024 12:00:00 AM,Khuzdar,#ClimateChange,en,0.04632,Neutral,Climate Stress,Climate,2117,1432,rising temperatures,residents in khuzdar have noticed environmental challenges related to rising temperatures after recent reports.,[],[],FALSE,FALSE,7,"['residents', 'in', 'khuzdar', 'have', 'noticed', 'environmental', 'challenges', 'related', 'to', 'rising', 'temperatures', 'after', 'recent', 'reports', '.']","['residents', 'khuzdar', 'noticed', 'environmental', 'challenges', 'related', 'rising', 'temperatures', 'recent', 'reports', '.']","['residents', 'khuzdar', 'noticed', 'environmental', 'challenges', 'related', 'rising', 'temperatures', 'recent', 'reports']","['resident', 'khuzdar', 'noticed', 'environmental', 'challenge', 'related', 'rising', 'temperature', 'recent', 'report']",resident khuzdar noticed environmental challenge related rising temperature recent report,10,10,Climate Awareness,Climate Change
TWT32,user_148629,Citizens in Multan are discussing environmental challenges related to smog in recent months.,7/19/2022 12:00:00 AM,Multan,#PakistanClimate,en,-0.13578,Negative,Health Hazard,Climate,4416,4056,smog,citizens in multan are discussing environmental challenges related to smog in recent months.,[],[],FALSE,FALSE,6.153846154,"['citizens', 'in', 'multan', 'are', 'discussing', 'environmental', 'challenges', 'related', 'to', 'smog', 'in', 'recent', 'months', '.']","['citizens', 'multan', 'discussing', 'environmental', 'challenges', 'related', 'smog', 'recent', 'months', '.']","['citizens', 'multan', 'discussing', 'environmental', 'challenges', 'related', 'smog', 'recent', 'months']","['citizen', 'multan', 'discussing', 'environmental', 'challenge', 'related', 'smog', 'recent', 'month']",citizen multan discussing environmental challenge related smog recent month,9,9,Health Hazard,Pollution
TWT33,user_313539,Climate researchers in Charsadda are discussing serious impacts related to air pollution in recent months.,12/5/2024 12:00:00 AM,Charsadda,#Heatwave,en,-0.090764444,Neutral,Health Hazard,Climate,3447,579,air pollution,climate researchers in charsadda are discussing serious impacts related to air pollution in recent months.,[],[],FALSE,FALSE,6.133333333,"['climate', 'researchers', 'in', 'charsadda', 'are', 'discussing', 'serious', 'impacts', 'related', 'to', 'air', 'pollution', 'in', 'recent', 'months', '.']","['climate', 'researchers', 'charsadda', 'discussing', 'serious', 'impacts', 'related', 'air', 'pollution', 'recent', 'months', '.']","['climate', 'researchers', 'charsadda', 'discussing', 'serious', 'impacts', 'related', 'air', 'pollution', 'recent', 'months']","['climate', 'researcher', 'charsadda', 'discussing', 'serious', 'impact', 'related', 'air', 'pollution', 'recent', 'month']",climate researcher charsadda discussing serious impact related air pollution recent month,11,11,Health Hazard,Pollution
TWT34,user_654949,Urban planners in Islamabad have noticed public safety issues related to air pollution during ongoing environmental changes.,12/1/2022 12:00:00 AM,Islamabad,#Environment,en,0.2529,Positive,Health Hazard,Climate,3791,2187,air pollution,urban planners in islamabad have noticed public safety issues related to air pollution during ongoing environmental changes.,[],[],FALSE,FALSE,6.352941176,"['urban', 'planners', 'in', 'islamabad', 'have', 'noticed', 'public', 'safety', 'issues', 'related', 'to', 'air', 'pollution', 'during', 'ongoing', 'environmental', 'changes', '.']","['urban', 'planners', 'islamabad', 'noticed', 'public', 'safety', 'issues', 'related', 'air', 'pollution', 'ongoing', 'environmental', 'changes', '.']","['urban', 'planners', 'islamabad', 'noticed', 'public', 'safety', 'issues', 'related', 'air', 'pollution', 'ongoing', 'environmental', 'changes']","['urban', 'planner', 'islamabad', 'noticed', 'public', 'safety', 'issue', 'related', 'air', 'pollution', 'ongoing', 'environmental', 'change']",urban planner islamabad noticed public safety issue related air pollution ongoing environmental change,13,13,Environmental Awareness,Pollution
TWT35,user_355918,Urban planners in Islamabad are discussing health risks related to heavy rainfall as weather conditions shift.,10/5/2021 12:00:00 AM,Islamabad,#Smog,en,-0.190586667,Negative,Disaster Risk,Climate,3542,2656,heavy rainfall,urban planners in islamabad are discussing health risks related to heavy rainfall as weather conditions shift.,[],[],FALSE,FALSE,5.9375,"['urban', 'planners', 'in', 'islamabad', 'are', 'discussing', 'health', 'risks', 'related', 'to', 'heavy', 'rainfall', 'as', 'weather', 'conditions', 'shift', '.']","['urban', 'planners', 'islamabad', 'discussing', 'health', 'risks', 'related', 'heavy', 'rainfall', 'weather', 'conditions', 'shift', '.']","['urban', 'planners', 'islamabad', 'discussing', 'health', 'risks', 'related', 'heavy', 'rainfall', 'weather', 'conditions', 'shift']","['urban', 'planner', 'islamabad', 'discussing', 'health', 'risk', 'related', 'heavy', 'rainfall', 'weather', 'condition', 'shift']",urban planner islamabad discussing health risk related heavy rainfall weather condition shift,12,12,Severe Disaster Concern,Disaster
TWT36,user_835333,Citizens in Rawalpindi are observing public safety issues related to smog after recent reports.,4/10/2024 12:00:00 AM,Rawalpindi,#Heatwave,en,0.09186,Neutral,Health Hazard,Climate,2370,6207,smog,citizens in rawalpindi are observing public safety issues related to smog after recent reports.,[],[],FALSE,FALSE,5.857142857,"['citizens', 'in', 'rawalpindi', 'are', 'observing', 'public', 'safety', 'issues', 'related', 'to', 'smog', 'after', 'recent', 'reports', '.']","['citizens', 'rawalpindi', 'observing', 'public', 'safety', 'issues', 'related', 'smog', 'recent', 'reports', '.']","['citizens', 'rawalpindi', 'observing', 'public', 'safety', 'issues', 'related', 'smog', 'recent', 'reports']","['citizen', 'rawalpindi', 'observing', 'public', 'safety', 'issue', 'related', 'smog', 'recent', 'report']",citizen rawalpindi observing public safety issue related smog recent report,10,10,Environmental Awareness,Pollution
TWT37,user_713725,Local communities in Thatta have noticed health risks related to water scarcity due to changing climate patterns.,9/21/2018 12:00:00 AM,Thatta,#PakistanClimate,en,-0.180586667,Negative,Resource Crisis,Climate,1828,7023,water scarcity,local communities in thatta have noticed health risks related to water scarcity due to changing climate patterns.,[],[],FALSE,FALSE,5.705882353,"['local', 'communities', 'in', 'thatta', 'have', 'noticed', 'health', 'risks', 'related', 'to', 'water', 'scarcity', 'due', 'to', 'changing', 'climate', 'patterns', '.']","['local', 'communities', 'thatta', 'noticed', 'health', 'risks', 'related', 'water', 'scarcity', 'due', 'changing', 'climate', 'patterns', '.']","['local', 'communities', 'thatta', 'noticed', 'health', 'risks', 'related', 'water', 'scarcity', 'due', 'changing', 'climate', 'patterns']","['local', 'community', 'thatta', 'noticed', 'health', 'risk', 'related', 'water', 'scarcity', 'due', 'changing', 'climate', 'pattern']",local community thatta noticed health risk related water scarcity due changing climate pattern,13,13,Resource Crisis,Resource Issue
TWT38,user_89922,Citizens in Islamabad are observing health risks related to heavy rainfall due to changing climate patterns.,5/6/2025 12:00:00 AM,Islamabad,#Floods,en,-0.207253333,Negative,Disaster Risk,Climate,4666,8611,heavy rainfall,citizens in islamabad are observing health risks related to heavy rainfall due to changing climate patterns.,[],[],FALSE,FALSE,5.8125,"['citizens', 'in', 'islamabad', 'are', 'observing', 'health', 'risks', 'related', 'to', 'heavy', 'rainfall', 'due', 'to', 'changing', 'climate', 'patterns', '.']","['citizens', 'islamabad', 'observing', 'health', 'risks', 'related', 'heavy', 'rainfall', 'due', 'changing', 'climate', 'patterns', '.']","['citizens', 'islamabad', 'observing', 'health', 'risks', 'related', 'heavy', 'rainfall', 'due', 'changing', 'climate', 'patterns']","['citizen', 'islamabad', 'observing', 'health', 'risk', 'related', 'heavy', 'rainfall', 'due', 'changing', 'climate', 'pattern']",citizen islamabad observing health risk related heavy rainfall due changing climate pattern,12,12,Severe Disaster Concern,Disaster
TWT39,user_597046,Citizens in Thatta are reporting economic pressure related to flooding due to changing climate patterns.,8/23/2024 12:00:00 AM,Thatta,#GlobalWarming,en,-0.1676,Negative,Disaster Risk,Climate,3453,3639,flooding,citizens in thatta are reporting economic pressure related to flooding due to changing climate patterns.,[],[],FALSE,FALSE,6,"['citizens', 'in', 'thatta', 'are', 'reporting', 'economic', 'pressure', 'related', 'to', 'flooding', 'due', 'to', 'changing', 'climate', 'patterns', '.']","['citizens', 'thatta', 'reporting', 'economic', 'pressure', 'related', 'flooding', 'due', 'changing', 'climate', 'patterns', '.']","['citizens', 'thatta', 'reporting', 'economic', 'pressure', 'related', 'flooding', 'due', 'changing', 'climate', 'patterns']","['citizen', 'thatta', 'reporting', 'economic', 'pressure', 'related', 'flooding', 'due', 'changing', 'climate', 'pattern']",citizen thatta reporting economic pressure related flooding due changing climate pattern,11,11,Severe Disaster Concern,Disaster
TWT40,user_813451,Health officials in Islamabad are discussing long-term effects related to flooding in recent months.,5/18/2019 12:00:00 AM,Islamabad,#Environment,en,0,Neutral,Disaster Risk,Climate,3345,3296,flooding,health officials in islamabad are discussing long-term effects related to flooding in recent months.,[],[],FALSE,FALSE,6.214285714,"['health', 'officials', 'in', 'islamabad', 'are', 'discussing', 'long-term', 'effects', 'related', 'to', 'flooding', 'in', 'recent', 'months', '.']","['health', 'officials', 'islamabad', 'discussing', 'long-term', 'effects', 'related', 'flooding', 'recent', 'months', '.']","['health', 'officials', 'islamabad', 'discussing', 'long-term', 'effects', 'related', 'flooding', 'recent', 'months']","['health', 'official', 'islamabad', 'discussing', 'long-term', 'effect', 'related', 'flooding', 'recent', 'month']",health official islamabad discussing long-term effect related flooding recent month,10,10,General Disaster Discussion,Disaster
TWT41,user_32032,Environmental experts in Bahawalpur are observing economic pressure related to air pollution due to changing climate patterns.,9/7/2025 12:00:00 AM,Bahawalpur,#Smog,en,-0.1676,Negative,Health Hazard,Climate,4955,1929,air pollution,environmental experts in bahawalpur are observing economic pressure related to air pollution due to changing climate patterns.,[],[],FALSE,FALSE,6.470588235,"['environmental', 'experts', 'in', 'bahawalpur', 'are', 'observing', 'economic', 'pressure', 'related', 'to', 'air', 'pollution', 'due', 'to', 'changing', 'climate', 'patterns', '.']","['environmental', 'experts', 'bahawalpur', 'observing', 'economic', 'pressure', 'related', 'air', 'pollution', 'due', 'changing', 'climate', 'patterns', '.']","['environmental', 'experts', 'bahawalpur', 'observing', 'economic', 'pressure', 'related', 'air', 'pollution', 'due', 'changing', 'climate', 'patterns']","['environmental', 'expert', 'bahawalpur', 'observing', 'economic', 'pressure', 'related', 'air', 'pollution', 'due', 'changing', 'climate', 'pattern']",environmental expert bahawalpur observing economic pressure related air pollution due changing climate pattern,13,13,Health Hazard,Pollution
TWT42,user_635083,Local communities in Khuzdar are experiencing public safety issues related to extreme weather after recent reports.,10/24/2025 12:00:00 AM,Khuzdar,#PakistanClimate,en,0.2429,Positive,Climate Concern,Climate,1595,3265,extreme weather,local communities in khuzdar are experiencing public safety issues related to extreme weather after recent reports.,[],[],FALSE,FALSE,6.25,"['local', 'communities', 'in', 'khuzdar', 'are', 'experiencing', 'public', 'safety', 'issues', 'related', 'to', 'extreme', 'weather', 'after', 'recent', 'reports', '.']","['local', 'communities', 'khuzdar', 'experiencing', 'public', 'safety', 'issues', 'related', 'extreme', 'weather', 'recent', 'reports', '.']","['local', 'communities', 'khuzdar', 'experiencing', 'public', 'safety', 'issues', 'related', 'extreme', 'weather', 'recent', 'reports']","['local', 'community', 'khuzdar', 'experiencing', 'public', 'safety', 'issue', 'related', 'extreme', 'weather', 'recent', 'report']",local community khuzdar experiencing public safety issue related extreme weather recent report,12,12,Positive Environmental Outlook,General
TWT43,user_481536,Health officials in Badin are reporting health risks related to climate change in recent months.,10/26/2018 12:00:00 AM,Badin,#Floods,en,-0.16392,Negative,Climate Concern,Climate,2048,5266,climate change,health officials in badin are reporting health risks related to climate change in recent months.,[],[],FALSE,FALSE,5.466666667,"['health', 'officials', 'in', 'badin', 'are', 'reporting', 'health', 'risks', 'related', 'to', 'climate', 'change', 'in', 'recent', 'months', '.']","['health', 'officials', 'badin', 'reporting', 'health', 'risks', 'related', 'climate', 'change', 'recent', 'months', '.']","['health', 'officials', 'badin', 'reporting', 'health', 'risks', 'related', 'climate', 'change', 'recent', 'months']","['health', 'official', 'badin', 'reporting', 'health', 'risk', 'related', 'climate', 'change', 'recent', 'month']",health official badin reporting health risk related climate change recent month,11,10,Climate Stress,Climate Change
TWT44,user_920036,Health officials in Islamabad are discussing serious impacts related to extreme weather after recent reports.,7/8/2025 12:00:00 AM,Islamabad,#GlobalWarming,en,-0.092153333,Neutral,Climate Concern,Climate,3637,3639,extreme weather,health officials in islamabad are discussing serious impacts related to extreme weather after recent reports.,[],[],FALSE,FALSE,6.333333333,"['health', 'officials', 'in', 'islamabad', 'are', 'discussing', 'serious', 'impacts', 'related', 'to', 'extreme', 'weather', 'after', 'recent', 'reports', '.']","['health', 'officials', 'islamabad', 'discussing', 'serious', 'impacts', 'related', 'extreme', 'weather', 'recent', 'reports', '.']","['health', 'officials', 'islamabad', 'discussing', 'serious', 'impacts', 'related', 'extreme', 'weather', 'recent', 'reports']","['health', 'official', 'islamabad', 'discussing', 'serious', 'impact', 'related', 'extreme', 'weather', 'recent', 'report']",health official islamabad discussing serious impact related extreme weather recent report,11,11,Negative Climate Concern,General
TWT45,user_451192,Residents in Sargodha are raising concerns about health risks related to water scarcity as weather conditions shift.,6/20/2025 12:00:00 AM,Sargodha,#GlobalWarming,en,-0.16392,Negative,Resource Crisis,Climate,4300,9050,water scarcity,residents in sargodha are raising concerns about health risks related to water scarcity as weather conditions shift.,[],[],FALSE,FALSE,5.882352941,"['residents', 'in', 'sargodha', 'are', 'raising', 'concerns', 'about', 'health', 'risks', 'related', 'to', 'water', 'scarcity', 'as', 'weather', 'conditions', 'shift', '.']","['residents', 'sargodha', 'raising', 'concerns', 'health', 'risks', 'related', 'water', 'scarcity', 'weather', 'conditions', 'shift', '.']","['residents', 'sargodha', 'raising', 'concerns', 'health', 'risks', 'related', 'water', 'scarcity', 'weather', 'conditions', 'shift']","['resident', 'sargodha', 'raising', 'concern', 'health', 'risk', 'related', 'water', 'scarcity', 'weather', 'condition', 'shift']",resident sargodha raising concern health risk related water scarcity weather condition shift,12,12,Resource Crisis,Resource Issue
TWT46,user_814225,Health officials in Shikarpur are experiencing serious impacts related to water scarcity as weather conditions shift.,11/6/2023 12:00:00 AM,Shikarpur,#ClimateChange,en,-0.112986667,Neutral,Resource Crisis,Climate,3489,4371,water scarcity,health officials in shikarpur are experiencing serious impacts related to water scarcity as weather conditions shift.,[],[],FALSE,FALSE,6.375,"['health', 'officials', 'in', 'shikarpur', 'are', 'experiencing', 'serious', 'impacts', 'related', 'to', 'water', 'scarcity', 'as', 'weather', 'conditions', 'shift', '.']","['health', 'officials', 'shikarpur', 'experiencing', 'serious', 'impacts', 'related', 'water', 'scarcity', 'weather', 'conditions', 'shift', '.']","['health', 'officials', 'shikarpur', 'experiencing', 'serious', 'impacts', 'related', 'water', 'scarcity', 'weather', 'conditions', 'shift']","['health', 'official', 'shikarpur', 'experiencing', 'serious', 'impact', 'related', 'water', 'scarcity', 'weather', 'condition', 'shift']",health official shikarpur experiencing serious impact related water scarcity weather condition shift,12,12,Resource Crisis,Resource Issue
TWT47,user_568560,Citizens in Nowshera are experiencing serious impacts related to flooding due to changing climate patterns.,11/7/2024 12:00:00 AM,Nowshera,#PakistanClimate,en,-0.107431111,Neutral,Disaster Risk,Climate,2440,7287,flooding,citizens in nowshera are experiencing serious impacts related to flooding due to changing climate patterns.,[],[],FALSE,FALSE,6.2,"['citizens', 'in', 'nowshera', 'are', 'experiencing', 'serious', 'impacts', 'related', 'to', 'flooding', 'due', 'to', 'changing', 'climate', 'patterns', '.']","['citizens', 'nowshera', 'experiencing', 'serious', 'impacts', 'related', 'flooding', 'due', 'changing', 'climate', 'patterns', '.']","['citizens', 'nowshera', 'experiencing', 'serious', 'impacts', 'related', 'flooding', 'due', 'changing', 'climate', 'patterns']","['citizen', 'nowshera', 'experiencing', 'serious', 'impact', 'related', 'flooding', 'due', 'changing', 'climate', 'pattern']",citizen nowshera experiencing serious impact related flooding due changing climate pattern,11,11,Severe Disaster Concern,Disaster
TWT48,user_504112,Local communities in Swabi are experiencing environmental challenges related to heatwave as weather conditions shift.,8/27/2020 12:00:00 AM,Swabi,#Heatwave,en,0.04632,Neutral,Climate Stress,Climate,1174,8422,heatwave,local communities in swabi are experiencing environmental challenges related to heatwave as weather conditions shift.,[],[],FALSE,FALSE,6.866666667,"['local', 'communities', 'in', 'swabi', 'are', 'experiencing', 'environmental', 'challenges', 'related', 'to', 'heatwave', 'as', 'weather', 'conditions', 'shift', '.']","['local', 'communities', 'swabi', 'experiencing', 'environmental', 'challenges', 'related', 'heatwave', 'weather', 'conditions', 'shift', '.']","['local', 'communities', 'swabi', 'experiencing', 'environmental', 'challenges', 'related', 'heatwave', 'weather', 'conditions', 'shift']","['local', 'community', 'swabi', 'experiencing', 'environmental', 'challenge', 'related', 'heatwave', 'weather', 'condition', 'shift']",local community swabi experiencing environmental challenge related heatwave weather condition shift,11,11,General Disaster Discussion,Disaster
TWT49,user_784614,Residents in Sialkot are experiencing environmental challenges related to extreme weather after recent reports.,2/16/2025 12:00:00 AM,Sialkot,#Environment,en,0.029653333,Neutral,Climate Concern,Climate,226,1740,extreme weather,residents in sialkot are experiencing environmental challenges related to extreme weather after recent reports.,[],[],FALSE,FALSE,7,"['residents', 'in', 'sialkot', 'are', 'experiencing', 'environmental', 'challenges', 'related', 'to', 'extreme', 'weather', 'after', 'recent', 'reports', '.']","['residents', 'sialkot', 'experiencing', 'environmental', 'challenges', 'related', 'extreme', 'weather', 'recent', 'reports', '.']","['residents', 'sialkot', 'experiencing', 'environmental', 'challenges', 'related', 'extreme', 'weather', 'recent', 'reports']","['resident', 'sialkot', 'experiencing', 'environmental', 'challenge', 'related', 'extreme', 'weather', 'recent', 'report']",resident sialkot experiencing environmental challenge related extreme weather recent report,10,10,Positive Environmental Outlook,General
TWT50,user_507123,Urban planners in Gwadar have noticed health risks related to water scarcity in recent months.,2/4/2020 12:00:00 AM,Gwadar,#Heatwave,en,-0.16392,Negative,Resource Crisis,Climate,554,9024,water scarcity,urban planners in gwadar have noticed health risks related to water scarcity in recent months.,[],[],FALSE,FALSE,5.333333333,"['urban', 'planners', 'in', 'gwadar', 'have', 'noticed', 'health', 'risks', 'related', 'to', 'water', 'scarcity', 'in', 'recent', 'months', '.']","['urban', 'planners', 'gwadar', 'noticed', 'health', 'risks', 'related', 'water', 'scarcity', 'recent', 'months', '.']","['urban', 'planners', 'gwadar', 'noticed', 'health', 'risks', 'related', 'water', 'scarcity', 'recent', 'months']","['urban', 'planner', 'gwadar', 'noticed', 'health', 'risk', 'related', 'water', 'scarcity', 'recent', 'month']",urban planner gwadar noticed health risk related water scarcity recent month,11,11,Resource Crisis,Resource Issue
TWT51,user_727153,Health officials in Swat have noticed environmental challenges related to extreme weather as weather conditions shift.,10/5/2021 12:00:00 AM,Swat,#PakistanClimate,en,0.02132,Neutral,Climate Concern,Climate,2186,8109,extreme weather,health officials in swat have noticed environmental challenges related to extreme weather as weather conditions shift.,[],[],FALSE,FALSE,6.4375,"['health', 'officials', 'in', 'swat', 'have', 'noticed', 'environmental', 'challenges', 'related', 'to', 'extreme', 'weather', 'as', 'weather', 'conditions', 'shift', '.']","['health', 'officials', 'swat', 'noticed', 'environmental', 'challenges', 'related', 'extreme', 'weather', 'weather', 'conditions', 'shift', '.']","['health', 'officials', 'swat', 'noticed', 'environmental', 'challenges', 'related', 'extreme', 'weather', 'weather', 'conditions', 'shift']","['health', 'official', 'swat', 'noticed', 'environmental', 'challenge', 'related', 'extreme', 'weather', 'weather', 'condition', 'shift']",health official swat noticed environmental challenge related extreme weather weather condition shift,12,11,Positive Environmental Outlook,General
TWT52,user_292056,Health officials in Islamabad are experiencing public safety issues related to heavy rainfall due to changing climate patterns.,10/1/2025 12:00:00 AM,Islamabad,#PakistanClimate,en,0.2204,Positive,Disaster Risk,Climate,790,4868,heavy rainfall,health officials in islamabad are experiencing public safety issues related to heavy rainfall due to changing climate patterns.,[],[],FALSE,FALSE,6.111111111,"['health', 'officials', 'in', 'islamabad', 'are', 'experiencing', 'public', 'safety', 'issues', 'related', 'to', 'heavy', 'rainfall', 'due', 'to', 'changing', 'climate', 'patterns', '.']","['health', 'officials', 'islamabad', 'experiencing', 'public', 'safety', 'issues', 'related', 'heavy', 'rainfall', 'due', 'changing', 'climate', 'patterns', '.']","['health', 'officials', 'islamabad', 'experiencing', 'public', 'safety', 'issues', 'related', 'heavy', 'rainfall', 'due', 'changing', 'climate', 'patterns']","['health', 'official', 'islamabad', 'experiencing', 'public', 'safety', 'issue', 'related', 'heavy', 'rainfall', 'due', 'changing', 'climate', 'pattern']",health official islamabad experiencing public safety issue related heavy rainfall due changing climate pattern,14,14,General Disaster Discussion,Disaster
TWT53,user_321317,Environmental experts in Mirpurkhas are observing economic pressure related to water scarcity as weather conditions shift.,1/21/2024 12:00:00 AM,Mirpurkhas,#Heatwave,en,-0.1376,Negative,Resource Crisis,Climate,35,9992,water scarcity,environmental experts in mirpurkhas are observing economic pressure related to water scarcity as weather conditions shift.,[],[],FALSE,FALSE,6.6875,"['environmental', 'experts', 'in', 'mirpurkhas', 'are', 'observing', 'economic', 'pressure', 'related', 'to', 'water', 'scarcity', 'as', 'weather', 'conditions', 'shift', '.']","['environmental', 'experts', 'mirpurkhas', 'observing', 'economic', 'pressure', 'related', 'water', 'scarcity', 'weather', 'conditions', 'shift', '.']","['environmental', 'experts', 'mirpurkhas', 'observing', 'economic', 'pressure', 'related', 'water', 'scarcity', 'weather', 'conditions', 'shift']","['environmental', 'expert', 'mirpurkhas', 'observing', 'economic', 'pressure', 'related', 'water', 'scarcity', 'weather', 'condition', 'shift']",environmental expert mirpurkhas observing economic pressure related water scarcity weather condition shift,12,12,Resource Crisis,Resource Issue
TWT54,user_101410,Environmental experts in Kohat are experiencing public safety issues related to water scarcity due to changing climate patterns.,6/11/2018 12:00:00 AM,Kohat,#Smog,en,0.236233333,Positive,Resource Crisis,Climate,1833,9907,water scarcity,environmental experts in kohat are experiencing public safety issues related to water scarcity due to changing climate patterns.,[],[],FALSE,FALSE,6.166666667,"['environmental', 'experts', 'in', 'kohat', 'are', 'experiencing', 'public', 'safety', 'issues', 'related', 'to', 'water', 'scarcity', 'due', 'to', 'changing', 'climate', 'patterns', '.']","['environmental', 'experts', 'kohat', 'experiencing', 'public', 'safety', 'issues', 'related', 'water', 'scarcity', 'due', 'changing', 'climate', 'patterns', '.']","['environmental', 'experts', 'kohat', 'experiencing', 'public', 'safety', 'issues', 'related', 'water', 'scarcity', 'due', 'changing', 'climate', 'patterns']","['environmental', 'expert', 'kohat', 'experiencing', 'public', 'safety', 'issue', 'related', 'water', 'scarcity', 'due', 'changing', 'climate', 'pattern']",environmental expert kohat experiencing public safety issue related water scarcity due changing climate pattern,14,14,Resource Discussion,Resource Issue
TWT55,user_25685,Urban planners in Rahim Yar Khan are reporting economic pressure related to drought due to changing climate patterns.,10/2/2024 12:00:00 AM,Rahim Yar Khan,#Heatwave,en,-0.1701,Negative,Resource Crisis,Climate,4971,5427,drought,urban planners in rahim yar khan are reporting economic pressure related to drought due to changing climate patterns.,[],[],FALSE,FALSE,5.555555556,"['urban', 'planners', 'in', 'rahim', 'yar', 'khan', 'are', 'reporting', 'economic', 'pressure', 'related', 'to', 'drought', 'due', 'to', 'changing', 'climate', 'patterns', '.']","['urban', 'planners', 'rahim', 'yar', 'khan', 'reporting', 'economic', 'pressure', 'related', 'drought', 'due', 'changing', 'climate', 'patterns', '.']","['urban', 'planners', 'rahim', 'yar', 'khan', 'reporting', 'economic', 'pressure', 'related', 'drought', 'due', 'changing', 'climate', 'patterns']","['urban', 'planner', 'rahim', 'yar', 'khan', 'reporting', 'economic', 'pressure', 'related', 'drought', 'due', 'changing', 'climate', 'pattern']",urban planner rahim yar khan reporting economic pressure related drought due changing climate pattern,14,14,Severe Disaster Concern,Disaster
TWT56,user_308641,Urban planners in Sheikhupura are discussing long-term effects related to rising temperatures in recent months.,6/1/2018 12:00:00 AM,Sheikhupura,#PakistanClimate,en,0,Neutral,Climate Stress,Climate,3546,4812,rising temperatures,urban planners in sheikhupura are discussing long-term effects related to rising temperatures in recent months.,[],[],FALSE,FALSE,6.466666667,"['urban', 'planners', 'in', 'sheikhupura', 'are', 'discussing', 'long-term', 'effects', 'related', 'to', 'rising', 'temperatures', 'in', 'recent', 'months', '.']","['urban', 'planners', 'sheikhupura', 'discussing', 'long-term', 'effects', 'related', 'rising', 'temperatures', 'recent', 'months', '.']","['urban', 'planners', 'sheikhupura', 'discussing', 'long-term', 'effects', 'related', 'rising', 'temperatures', 'recent', 'months']","['urban', 'planner', 'sheikhupura', 'discussing', 'long-term', 'effect', 'related', 'rising', 'temperature', 'recent', 'month']",urban planner sheikhupura discussing long-term effect related rising temperature recent month,11,11,Climate Awareness,Climate Change
TWT57,user_355293,Citizens in Abbottabad are observing serious impacts related to smog due to changing climate patterns.,10/25/2018 12:00:00 AM,Abbottabad,#GlobalWarming,en,-0.277831111,Negative,Health Hazard,Climate,3564,6842,smog,citizens in abbottabad are observing serious impacts related to smog due to changing climate patterns.,[],[],FALSE,FALSE,5.866666667,"['citizens', 'in', 'abbottabad', 'are', 'observing', 'serious', 'impacts', 'related', 'to', 'smog', 'due', 'to', 'changing', 'climate', 'patterns', '.']","['citizens', 'abbottabad', 'observing', 'serious', 'impacts', 'related', 'smog', 'due', 'changing', 'climate', 'patterns', '.']","['citizens', 'abbottabad', 'observing', 'serious', 'impacts', 'related', 'smog', 'due', 'changing', 'climate', 'patterns']","['citizen', 'abbottabad', 'observing', 'serious', 'impact', 'related', 'smog', 'due', 'changing', 'climate', 'pattern']",citizen abbottabad observing serious impact related smog due changing climate pattern,11,11,Health Hazard,Pollution
TWT58,user_47927,Residents in Bannu are discussing serious impacts related to flooding after recent reports.,6/29/2023 12:00:00 AM,Bannu,#Environment,en,-0.090764444,Neutral,Disaster Risk,Climate,3763,3901,flooding,residents in bannu are discussing serious impacts related to flooding after recent reports.,[],[],FALSE,FALSE,6.076923077,"['residents', 'in', 'bannu', 'are', 'discussing', 'serious', 'impacts', 'related', 'to', 'flooding', 'after', 'recent', 'reports', '.']","['residents', 'bannu', 'discussing', 'serious', 'impacts', 'related', 'flooding', 'recent', 'reports', '.']","['residents', 'bannu', 'discussing', 'serious', 'impacts', 'related', 'flooding', 'recent', 'reports']","['resident', 'bannu', 'discussing', 'serious', 'impact', 'related', 'flooding', 'recent', 'report']",resident bannu discussing serious impact related flooding recent report,9,9,Severe Disaster Concern,Disaster
TWT59,user_154250,Health officials in Vehari have noticed serious impacts related to climate change as weather conditions shift.,7/30/2021 12:00:00 AM,Vehari,#Floods,en,-0.112986667,Neutral,Climate Concern,Climate,876,2085,climate change,health officials in vehari have noticed serious impacts related to climate change as weather conditions shift.,[],[],FALSE,FALSE,5.9375,"['health', 'officials', 'in', 'vehari', 'have', 'noticed', 'serious', 'impacts', 'related', 'to', 'climate', 'change', 'as', 'weather', 'conditions', 'shift', '.']","['health', 'officials', 'vehari', 'noticed', 'serious', 'impacts', 'related', 'climate', 'change', 'weather', 'conditions', 'shift', '.']","['health', 'officials', 'vehari', 'noticed', 'serious', 'impacts', 'related', 'climate', 'change', 'weather', 'conditions', 'shift']","['health', 'official', 'vehari', 'noticed', 'serious', 'impact', 'related', 'climate', 'change', 'weather', 'condition', 'shift']",health official vehari noticed serious impact related climate change weather condition shift,12,12,Climate Stress,Climate Change
TWT60,user_297169,Climate researchers in Faisalabad have noticed economic pressure related to extreme weather after recent reports.,1/30/2024 12:00:00 AM,Faisalabad,#GlobalWarming,en,-0.1701,Negative,Climate Concern,Climate,2605,8267,extreme weather,climate researchers in faisalabad have noticed economic pressure related to extreme weather after recent reports.,[],[],FALSE,FALSE,6.6,"['climate', 'researchers', 'in', 'faisalabad', 'have', 'noticed', 'economic', 'pressure', 'related', 'to', 'extreme', 'weather', 'after', 'recent', 'reports', '.']","['climate', 'researchers', 'faisalabad', 'noticed', 'economic', 'pressure', 'related', 'extreme', 'weather', 'recent', 'reports', '.']","['climate', 'researchers', 'faisalabad', 'noticed', 'economic', 'pressure', 'related', 'extreme', 'weather', 'recent', 'reports']","['climate', 'researcher', 'faisalabad', 'noticed', 'economic', 'pressure', 'related', 'extreme', 'weather', 'recent', 'report']",climate researcher faisalabad noticed economic pressure related extreme weather recent report,11,11,Negative Climate Concern,General
TWT61,user_364220,Residents in Islamabad are discussing environmental challenges related to climate change in recent months.,10/11/2020 12:00:00 AM,Islamabad,#PakistanClimate,en,0.04632,Neutral,Climate Concern,Climate,2323,527,climate change,residents in islamabad are discussing environmental challenges related to climate change in recent months.,[],[],FALSE,FALSE,6.642857143,"['residents', 'in', 'islamabad', 'are', 'discussing', 'environmental', 'challenges', 'related', 'to', 'climate', 'change', 'in', 'recent', 'months', '.']","['residents', 'islamabad', 'discussing', 'environmental', 'challenges', 'related', 'climate', 'change', 'recent', 'months', '.']","['residents', 'islamabad', 'discussing', 'environmental', 'challenges', 'related', 'climate', 'change', 'recent', 'months']","['resident', 'islamabad', 'discussing', 'environmental', 'challenge', 'related', 'climate', 'change', 'recent', 'month']",resident islamabad discussing environmental challenge related climate change recent month,10,10,Climate Awareness,Climate Change
TWT62,user_947986,Urban planners in Gwadar are experiencing economic pressure related to rising temperatures as weather conditions shift.,12/28/2021 12:00:00 AM,Gwadar,#Floods,en,-0.150933333,Negative,Climate Stress,Climate,1850,8948,rising temperatures,urban planners in gwadar are experiencing economic pressure related to rising temperatures as weather conditions shift.,[],[],FALSE,FALSE,6.5,"['urban', 'planners', 'in', 'gwadar', 'are', 'experiencing', 'economic', 'pressure', 'related', 'to', 'rising', 'temperatures', 'as', 'weather', 'conditions', 'shift', '.']","['urban', 'planners', 'gwadar', 'experiencing', 'economic', 'pressure', 'related', 'rising', 'temperatures', 'weather', 'conditions', 'shift', '.']","['urban', 'planners', 'gwadar', 'experiencing', 'economic', 'pressure', 'related', 'rising', 'temperatures', 'weather', 'conditions', 'shift']","['urban', 'planner', 'gwadar', 'experiencing', 'economic', 'pressure', 'related', 'rising', 'temperature', 'weather', 'condition', 'shift']",urban planner gwadar experiencing economic pressure related rising temperature weather condition shift,12,12,Climate Stress,Climate Change
TWT63,user_786226,Health officials in Bannu are experiencing serious impacts related to flooding in recent months.,6/23/2020 12:00:00 AM,Bannu,#GlobalWarming,en,-0.090764444,Neutral,Disaster Risk,Climate,1971,9880,flooding,health officials in bannu are experiencing serious impacts related to flooding in recent months.,[],[],FALSE,FALSE,5.928571429,"['health', 'officials', 'in', 'bannu', 'are', 'experiencing', 'serious', 'impacts', 'related', 'to', 'flooding', 'in', 'recent', 'months', '.']","['health', 'officials', 'bannu', 'experiencing', 'serious', 'impacts', 'related', 'flooding', 'recent', 'months', '.']","['health', 'officials', 'bannu', 'experiencing', 'serious', 'impacts', 'related', 'flooding', 'recent', 'months']","['health', 'official', 'bannu', 'experiencing', 'serious', 'impact', 'related', 'flooding', 'recent', 'month']",health official bannu experiencing serious impact related flooding recent month,10,10,Severe Disaster Concern,Disaster
TWT64,user_963004,Health officials in Mardan are experiencing long-term effects related to extreme weather due to changing climate patterns.,5/15/2025 12:00:00 AM,Mardan,#Heatwave,en,-0.033333333,Neutral,Climate Concern,Climate,435,6118,extreme weather,health officials in mardan are experiencing long-term effects related to extreme weather due to changing climate patterns.,[],[],FALSE,FALSE,6.235294118,"['health', 'officials', 'in', 'mardan', 'are', 'experiencing', 'long-term', 'effects', 'related', 'to', 'extreme', 'weather', 'due', 'to', 'changing', 'climate', 'patterns', '.']","['health', 'officials', 'mardan', 'experiencing', 'long-term', 'effects', 'related', 'extreme', 'weather', 'due', 'changing', 'climate', 'patterns', '.']","['health', 'officials', 'mardan', 'experiencing', 'long-term', 'effects', 'related', 'extreme', 'weather', 'due', 'changing', 'climate', 'patterns']","['health', 'official', 'mardan', 'experiencing', 'long-term', 'effect', 'related', 'extreme', 'weather', 'due', 'changing', 'climate', 'pattern']",health official mardan experiencing long-term effect related extreme weather due changing climate pattern,13,13,Negative Climate Concern,General
TWT65,user_650784,Citizens in Islamabad are reporting serious impacts related to flooding due to changing climate patterns.,12/24/2021 12:00:00 AM,Islamabad,#Smog,en,-0.107431111,Neutral,Disaster Risk,Climate,2123,5430,flooding,citizens in islamabad are reporting serious impacts related to flooding due to changing climate patterns.,[],[],FALSE,FALSE,6.066666667,"['citizens', 'in', 'islamabad', 'are', 'reporting', 'serious', 'impacts', 'related', 'to', 'flooding', 'due', 'to', 'changing', 'climate', 'patterns', '.']","['citizens', 'islamabad', 'reporting', 'serious', 'impacts', 'related', 'flooding', 'due', 'changing', 'climate', 'patterns', '.']","['citizens', 'islamabad', 'reporting', 'serious', 'impacts', 'related', 'flooding', 'due', 'changing', 'climate', 'patterns']","['citizen', 'islamabad', 'reporting', 'serious', 'impact', 'related', 'flooding', 'due', 'changing', 'climate', 'pattern']",citizen islamabad reporting serious impact related flooding due changing climate pattern,11,11,Severe Disaster Concern,Disaster
TWT66,user_154924,Health officials in Turbat are observing health risks related to air pollution due to changing climate patterns.,4/14/2024 12:00:00 AM,Turbat,#Heatwave,en,-0.18892,Negative,Health Hazard,Climate,2037,7295,air pollution,health officials in turbat are observing health risks related to air pollution due to changing climate patterns.,[],[],FALSE,FALSE,5.647058824,"['health', 'officials', 'in', 'turbat', 'are', 'observing', 'health', 'risks', 'related', 'to', 'air', 'pollution', 'due', 'to', 'changing', 'climate', 'patterns', '.']","['health', 'officials', 'turbat', 'observing', 'health', 'risks', 'related', 'air', 'pollution', 'due', 'changing', 'climate', 'patterns', '.']","['health', 'officials', 'turbat', 'observing', 'health', 'risks', 'related', 'air', 'pollution', 'due', 'changing', 'climate', 'patterns']","['health', 'official', 'turbat', 'observing', 'health', 'risk', 'related', 'air', 'pollution', 'due', 'changing', 'climate', 'pattern']",health official turbat observing health risk related air pollution due changing climate pattern,13,12,Health Hazard,Pollution
TWT67,user_488154,Citizens in Gwadar are observing long-term effects related to heatwave due to changing climate patterns.,4/8/2022 12:00:00 AM,Gwadar,#Heatwave,en,-0.025,Neutral,Climate Stress,Climate,2935,8905,heatwave,citizens in gwadar are observing long-term effects related to heatwave due to changing climate patterns.,[],[],FALSE,FALSE,6,"['citizens', 'in', 'gwadar', 'are', 'observing', 'long-term', 'effects', 'related', 'to', 'heatwave', 'due', 'to', 'changing', 'climate', 'patterns', '.']","['citizens', 'gwadar', 'observing', 'long-term', 'effects', 'related', 'heatwave', 'due', 'changing', 'climate', 'patterns', '.']","['citizens', 'gwadar', 'observing', 'long-term', 'effects', 'related', 'heatwave', 'due', 'changing', 'climate', 'patterns']","['citizen', 'gwadar', 'observing', 'long-term', 'effect', 'related', 'heatwave', 'due', 'changing', 'climate', 'pattern']",citizen gwadar observing long-term effect related heatwave due changing climate pattern,11,11,Severe Disaster Concern,Disaster
TWT68,user_227712,Health officials in Jacobabad are discussing serious impacts related to drought after recent reports.,8/30/2024 12:00:00 AM,Jacobabad,#Floods,en,-0.090764444,Neutral,Resource Crisis,Climate,4215,3859,drought,health officials in jacobabad are discussing serious impacts related to drought after recent reports.,[],[],FALSE,FALSE,6.285714286,"['health', 'officials', 'in', 'jacobabad', 'are', 'discussing', 'serious', 'impacts', 'related', 'to', 'drought', 'after', 'recent', 'reports', '.']","['health', 'officials', 'jacobabad', 'discussing', 'serious', 'impacts', 'related', 'drought', 'recent', 'reports', '.']","['health', 'officials', 'jacobabad', 'discussing', 'serious', 'impacts', 'related', 'drought', 'recent', 'reports']","['health', 'official', 'jacobabad', 'discussing', 'serious', 'impact', 'related', 'drought', 'recent', 'report']",health official jacobabad discussing serious impact related drought recent report,10,10,Severe Disaster Concern,Disaster
TWT69,user_564459,Urban planners in Hyderabad are experiencing economic pressure related to heatwave due to changing climate patterns.,1/20/2022 12:00:00 AM,Hyderabad,#Heatwave,en,-0.1701,Negative,Climate Stress,Climate,4143,8319,heatwave,urban planners in hyderabad are experiencing economic pressure related to heatwave due to changing climate patterns.,[],[],FALSE,FALSE,6.3125,"['urban', 'planners', 'in', 'hyderabad', 'are', 'experiencing', 'economic', 'pressure', 'related', 'to', 'heatwave', 'due', 'to', 'changing', 'climate', 'patterns', '.']","['urban', 'planners', 'hyderabad', 'experiencing', 'economic', 'pressure', 'related', 'heatwave', 'due', 'changing', 'climate', 'patterns', '.']","['urban', 'planners', 'hyderabad', 'experiencing', 'economic', 'pressure', 'related', 'heatwave', 'due', 'changing', 'climate', 'patterns']","['urban', 'planner', 'hyderabad', 'experiencing', 'economic', 'pressure', 'related', 'heatwave', 'due', 'changing', 'climate', 'pattern']",urban planner hyderabad experiencing economic pressure related heatwave due changing climate pattern,12,12,Severe Disaster Concern,Disaster
TWT70,user_213999,Local communities in Islamabad are observing economic pressure related to rising temperatures during ongoing environmental changes.,10/2/2023 12:00:00 AM,Islamabad,#Floods,en,-0.150933333,Negative,Climate Stress,Climate,4372,2442,rising temperatures,local communities in islamabad are observing economic pressure related to rising temperatures during ongoing environmental changes.,[],[],FALSE,FALSE,7.25,"['local', 'communities', 'in', 'islamabad', 'are', 'observing', 'economic', 'pressure', 'related', 'to', 'rising', 'temperatures', 'during', 'ongoing', 'environmental', 'changes', '.']","['local', 'communities', 'islamabad', 'observing', 'economic', 'pressure', 'related', 'rising', 'temperatures', 'ongoing', 'environmental', 'changes', '.']","['local', 'communities', 'islamabad', 'observing', 'economic', 'pressure', 'related', 'rising', 'temperatures', 'ongoing', 'environmental', 'changes']","['local', 'community', 'islamabad', 'observing', 'economic', 'pressure', 'related', 'rising', 'temperature', 'ongoing', 'environmental', 'change']",local community islamabad observing economic pressure related rising temperature ongoing environmental change,12,12,Climate Stress,Climate Change
TWT71,user_911175,Residents in Badin are observing public safety issues related to flooding after recent reports.,3/28/2019 12:00:00 AM,Badin,#PakistanClimate,en,0.2529,Positive,Disaster Risk,Climate,9,6258,flooding,residents in badin are observing public safety issues related to flooding after recent reports.,[],[],FALSE,FALSE,5.857142857,"['residents', 'in', 'badin', 'are', 'observing', 'public', 'safety', 'issues', 'related', 'to', 'flooding', 'after', 'recent', 'reports', '.']","['residents', 'badin', 'observing', 'public', 'safety', 'issues', 'related', 'flooding', 'recent', 'reports', '.']","['residents', 'badin', 'observing', 'public', 'safety', 'issues', 'related', 'flooding', 'recent', 'reports']","['resident', 'badin', 'observing', 'public', 'safety', 'issue', 'related', 'flooding', 'recent', 'report']",resident badin observing public safety issue related flooding recent report,10,10,General Disaster Discussion,Disaster
TWT72,user_135814,Health officials in Mirpurkhas are reporting environmental challenges related to heavy rainfall as weather conditions shift.,10/23/2023 12:00:00 AM,Mirpurkhas,#Heatwave,en,0.00632,Neutral,Disaster Risk,Climate,521,3646,heavy rainfall,health officials in mirpurkhas are reporting environmental challenges related to heavy rainfall as weather conditions shift.,[],[],FALSE,FALSE,6.8125,"['health', 'officials', 'in', 'mirpurkhas', 'are', 'reporting', 'environmental', 'challenges', 'related', 'to', 'heavy', 'rainfall', 'as', 'weather', 'conditions', 'shift', '.']","['health', 'officials', 'mirpurkhas', 'reporting', 'environmental', 'challenges', 'related', 'heavy', 'rainfall', 'weather', 'conditions', 'shift', '.']","['health', 'officials', 'mirpurkhas', 'reporting', 'environmental', 'challenges', 'related', 'heavy', 'rainfall', 'weather', 'conditions', 'shift']","['health', 'official', 'mirpurkhas', 'reporting', 'environmental', 'challenge', 'related', 'heavy', 'rainfall', 'weather', 'condition', 'shift']",health official mirpurkhas reporting environmental challenge related heavy rainfall weather condition shift,12,12,General Disaster Discussion,Disaster
TWT73,user_162864,Environmental experts in Chiniot are raising concerns about long-term effects related to water scarcity during ongoing environmental changes.,9/29/2019 12:00:00 AM,Chiniot,#Smog,en,0,Neutral,Resource Crisis,Climate,2288,2132,water scarcity,environmental experts in chiniot are raising concerns about long-term effects related to water scarcity during ongoing environmental changes.,[],[],FALSE,FALSE,6.888888889,"['environmental', 'experts', 'in', 'chiniot', 'are', 'raising', 'concerns', 'about', 'long-term', 'effects', 'related', 'to', 'water', 'scarcity', 'during', 'ongoing', 'environmental', 'changes', '.']","['environmental', 'experts', 'chiniot', 'raising', 'concerns', 'long-term', 'effects', 'related', 'water', 'scarcity', 'ongoing', 'environmental', 'changes', '.']","['environmental', 'experts', 'chiniot', 'raising', 'concerns', 'long-term', 'effects', 'related', 'water', 'scarcity', 'ongoing', 'environmental', 'changes']","['environmental', 'expert', 'chiniot', 'raising', 'concern', 'long-term', 'effect', 'related', 'water', 'scarcity', 'ongoing', 'environmental', 'change']",environmental expert chiniot raising concern long-term effect related water scarcity ongoing environmental change,13,12,Resource Discussion,Resource Issue
TWT74,user_25131,Climate researchers in Sukkur are raising concerns about public safety issues related to air pollution as weather conditions shift.,1/22/2019 12:00:00 AM,Sukkur,#PakistanClimate,en,0.2529,Positive,Health Hazard,Climate,106,9123,air pollution,climate researchers in sukkur are raising concerns about public safety issues related to air pollution as weather conditions shift.,[],[],FALSE,FALSE,5.947368421,"['climate', 'researchers', 'in', 'sukkur', 'are', 'raising', 'concerns', 'about', 'public', 'safety', 'issues', 'related', 'to', 'air', 'pollution', 'as', 'weather', 'conditions', 'shift', '.']","['climate', 'researchers', 'sukkur', 'raising', 'concerns', 'public', 'safety', 'issues', 'related', 'air', 'pollution', 'weather', 'conditions', 'shift', '.']","['climate', 'researchers', 'sukkur', 'raising', 'concerns', 'public', 'safety', 'issues', 'related', 'air', 'pollution', 'weather', 'conditions', 'shift']","['climate', 'researcher', 'sukkur', 'raising', 'concern', 'public', 'safety', 'issue', 'related', 'air', 'pollution', 'weather', 'condition', 'shift']",climate researcher sukkur raising concern public safety issue related air pollution weather condition shift,14,14,Environmental Awareness,Pollution
TWT75,user_189485,Environmental experts in Kohat have noticed economic pressure related to water scarcity during ongoing environmental changes.,9/7/2025 12:00:00 AM,Kohat,#PakistanClimate,en,-0.1376,Negative,Resource Crisis,Climate,3095,3791,water scarcity,environmental experts in kohat have noticed economic pressure related to water scarcity during ongoing environmental changes.,[],[],FALSE,FALSE,6.875,"['environmental', 'experts', 'in', 'kohat', 'have', 'noticed', 'economic', 'pressure', 'related', 'to', 'water', 'scarcity', 'during', 'ongoing', 'environmental', 'changes', '.']","['environmental', 'experts', 'kohat', 'noticed', 'economic', 'pressure', 'related', 'water', 'scarcity', 'ongoing', 'environmental', 'changes', '.']","['environmental', 'experts', 'kohat', 'noticed', 'economic', 'pressure', 'related', 'water', 'scarcity', 'ongoing', 'environmental', 'changes']","['environmental', 'expert', 'kohat', 'noticed', 'economic', 'pressure', 'related', 'water', 'scarcity', 'ongoing', 'environmental', 'change']",environmental expert kohat noticed economic pressure related water scarcity ongoing environmental change,12,11,Resource Crisis,Resource Issue
TWT76,user_282985,Residents in Islamabad are observing environmental challenges related to heatwave in recent months.,5/27/2019 12:00:00 AM,Islamabad,#GlobalWarming,en,0.04632,Neutral,Climate Stress,Climate,1694,1482,heatwave,residents in islamabad are observing environmental challenges related to heatwave in recent months.,[],[],FALSE,FALSE,6.692307692,"['residents', 'in', 'islamabad', 'are', 'observing', 'environmental', 'challenges', 'related', 'to', 'heatwave', 'in', 'recent', 'months', '.']","['residents', 'islamabad', 'observing', 'environmental', 'challenges', 'related', 'heatwave', 'recent', 'months', '.']","['residents', 'islamabad', 'observing', 'environmental', 'challenges', 'related', 'heatwave', 'recent', 'months']","['resident', 'islamabad', 'observing', 'environmental', 'challenge', 'related', 'heatwave', 'recent', 'month']",resident islamabad observing environmental challenge related heatwave recent month,9,9,General Disaster Discussion,Disaster
TWT77,user_461862,Environmental experts in Peshawar are reporting long-term effects related to climate change due to changing climate patterns.,2/9/2018 12:00:00 AM,Peshawar,#Smog,en,-0.025,Neutral,Climate Concern,Climate,1671,6063,climate change,environmental experts in peshawar are reporting long-term effects related to climate change due to changing climate patterns.,[],[],FALSE,FALSE,6.411764706,"['environmental', 'experts', 'in', 'peshawar', 'are', 'reporting', 'long-term', 'effects', 'related', 'to', 'climate', 'change', 'due', 'to', 'changing', 'climate', 'patterns', '.']","['environmental', 'experts', 'peshawar', 'reporting', 'long-term', 'effects', 'related', 'climate', 'change', 'due', 'changing', 'climate', 'patterns', '.']","['environmental', 'experts', 'peshawar', 'reporting', 'long-term', 'effects', 'related', 'climate', 'change', 'due', 'changing', 'climate', 'patterns']","['environmental', 'expert', 'peshawar', 'reporting', 'long-term', 'effect', 'related', 'climate', 'change', 'due', 'changing', 'climate', 'pattern']",environmental expert peshawar reporting long-term effect related climate change due changing climate pattern,13,12,Climate Stress,Climate Change
TWT78,user_400863,Local communities in Chiniot are experiencing public safety issues related to climate change as weather conditions shift.,12/8/2019 12:00:00 AM,Chiniot,#GlobalWarming,en,0.2529,Positive,Climate Concern,Climate,2588,4210,climate change,local communities in chiniot are experiencing public safety issues related to climate change as weather conditions shift.,[],[],FALSE,FALSE,6.176470588,"['local', 'communities', 'in', 'chiniot', 'are', 'experiencing', 'public', 'safety', 'issues', 'related', 'to', 'climate', 'change', 'as', 'weather', 'conditions', 'shift', '.']","['local', 'communities', 'chiniot', 'experiencing', 'public', 'safety', 'issues', 'related', 'climate', 'change', 'weather', 'conditions', 'shift', '.']","['local', 'communities', 'chiniot', 'experiencing', 'public', 'safety', 'issues', 'related', 'climate', 'change', 'weather', 'conditions', 'shift']","['local', 'community', 'chiniot', 'experiencing', 'public', 'safety', 'issue', 'related', 'climate', 'change', 'weather', 'condition', 'shift']",local community chiniot experiencing public safety issue related climate change weather condition shift,13,13,Climate Awareness,Climate Change
TWT79,user_769485,Health officials in Islamabad are experiencing health risks related to water scarcity due to changing climate patterns.,6/11/2019 12:00:00 AM,Islamabad,#Floods,en,-0.18892,Negative,Resource Crisis,Climate,3429,3685,water scarcity,health officials in islamabad are experiencing health risks related to water scarcity due to changing climate patterns.,[],[],FALSE,FALSE,6.058823529,"['health', 'officials', 'in', 'islamabad', 'are', 'experiencing', 'health', 'risks', 'related', 'to', 'water', 'scarcity', 'due', 'to', 'changing', 'climate', 'patterns', '.']","['health', 'officials', 'islamabad', 'experiencing', 'health', 'risks', 'related', 'water', 'scarcity', 'due', 'changing', 'climate', 'patterns', '.']","['health', 'officials', 'islamabad', 'experiencing', 'health', 'risks', 'related', 'water', 'scarcity', 'due', 'changing', 'climate', 'patterns']","['health', 'official', 'islamabad', 'experiencing', 'health', 'risk', 'related', 'water', 'scarcity', 'due', 'changing', 'climate', 'pattern']",health official islamabad experiencing health risk related water scarcity due changing climate pattern,13,12,Resource Crisis,Resource Issue
TWT80,user_993981,Health officials in Multan are discussing health risks related to heatwave after recent reports.,10/27/2023 12:00:00 AM,Multan,#ClimateChange,en,-0.16392,Negative,Climate Stress,Climate,95,6302,heatwave,health officials in multan are discussing health risks related to heatwave after recent reports.,[],[],FALSE,FALSE,5.928571429,"['health', 'officials', 'in', 'multan', 'are', 'discussing', 'health', 'risks', 'related', 'to', 'heatwave', 'after', 'recent', 'reports', '.']","['health', 'officials', 'multan', 'discussing', 'health', 'risks', 'related', 'heatwave', 'recent', 'reports', '.']","['health', 'officials', 'multan', 'discussing', 'health', 'risks', 'related', 'heatwave', 'recent', 'reports']","['health', 'official', 'multan', 'discussing', 'health', 'risk', 'related', 'heatwave', 'recent', 'report']",health official multan discussing health risk related heatwave recent report,10,9,Severe Disaster Concern,Disaster
TWT81,user_633371,Local communities in Mardan have noticed public safety issues related to climate change during ongoing environmental changes.,8/4/2023 12:00:00 AM,Mardan,#Smog,en,0.2529,Positive,Climate Concern,Climate,1516,5624,climate change,local communities in mardan have noticed public safety issues related to climate change during ongoing environmental changes.,[],[],FALSE,FALSE,6.411764706,"['local', 'communities', 'in', 'mardan', 'have', 'noticed', 'public', 'safety', 'issues', 'related', 'to', 'climate', 'change', 'during', 'ongoing', 'environmental', 'changes', '.']","['local', 'communities', 'mardan', 'noticed', 'public', 'safety', 'issues', 'related', 'climate', 'change', 'ongoing', 'environmental', 'changes', '.']","['local', 'communities', 'mardan', 'noticed', 'public', 'safety', 'issues', 'related', 'climate', 'change', 'ongoing', 'environmental', 'changes']","['local', 'community', 'mardan', 'noticed', 'public', 'safety', 'issue', 'related', 'climate', 'change', 'ongoing', 'environmental', 'change']",local community mardan noticed public safety issue related climate change ongoing environmental change,13,12,Climate Awareness,Climate Change
TWT82,user_590479,Residents in Karachi have noticed serious impacts related to flooding due to changing climate patterns.,11/10/2025 12:00:00 AM,Karachi,#Environment,en,-0.107431111,Neutral,Disaster Risk,Climate,541,8609,flooding,residents in karachi have noticed serious impacts related to flooding due to changing climate patterns.,[],[],FALSE,FALSE,5.933333333,"['residents', 'in', 'karachi', 'have', 'noticed', 'serious', 'impacts', 'related', 'to', 'flooding', 'due', 'to', 'changing', 'climate', 'patterns', '.']","['residents', 'karachi', 'noticed', 'serious', 'impacts', 'related', 'flooding', 'due', 'changing', 'climate', 'patterns', '.']","['residents', 'karachi', 'noticed', 'serious', 'impacts', 'related', 'flooding', 'due', 'changing', 'climate', 'patterns']","['resident', 'karachi', 'noticed', 'serious', 'impact', 'related', 'flooding', 'due', 'changing', 'climate', 'pattern']",resident karachi noticed serious impact related flooding due changing climate pattern,11,11,Severe Disaster Concern,Disaster
TWT83,user_616572,Environmental experts in Sheikhupura are experiencing serious impacts related to drought during ongoing environmental changes.,4/8/2018 12:00:00 AM,Sheikhupura,#PakistanClimate,en,-0.112986667,Neutral,Resource Crisis,Climate,1547,6107,drought,environmental experts in sheikhupura are experiencing serious impacts related to drought during ongoing environmental changes.,[],[],FALSE,FALSE,7.466666667,"['environmental', 'experts', 'in', 'sheikhupura', 'are', 'experiencing', 'serious', 'impacts', 'related', 'to', 'drought', 'during', 'ongoing', 'environmental', 'changes', '.']","['environmental', 'experts', 'sheikhupura', 'experiencing', 'serious', 'impacts', 'related', 'drought', 'ongoing', 'environmental', 'changes', '.']","['environmental', 'experts', 'sheikhupura', 'experiencing', 'serious', 'impacts', 'related', 'drought', 'ongoing', 'environmental', 'changes']","['environmental', 'expert', 'sheikhupura', 'experiencing', 'serious', 'impact', 'related', 'drought', 'ongoing', 'environmental', 'change']",environmental expert sheikhupura experiencing serious impact related drought ongoing environmental change,11,10,Severe Disaster Concern,Disaster
TWT84,user_506481,Environmental experts in Chaman are observing serious impacts related to air pollution due to changing climate patterns.,6/13/2022 12:00:00 AM,Chaman,#Heatwave,en,-0.107431111,Neutral,Health Hazard,Climate,4526,2711,air pollution,environmental experts in chaman are observing serious impacts related to air pollution due to changing climate patterns.,[],[],FALSE,FALSE,6.117647059,"['environmental', 'experts', 'in', 'chaman', 'are', 'observing', 'serious', 'impacts', 'related', 'to', 'air', 'pollution', 'due', 'to', 'changing', 'climate', 'patterns', '.']","['environmental', 'experts', 'chaman', 'observing', 'serious', 'impacts', 'related', 'air', 'pollution', 'due', 'changing', 'climate', 'patterns', '.']","['environmental', 'experts', 'chaman', 'observing', 'serious', 'impacts', 'related', 'air', 'pollution', 'due', 'changing', 'climate', 'patterns']","['environmental', 'expert', 'chaman', 'observing', 'serious', 'impact', 'related', 'air', 'pollution', 'due', 'changing', 'climate', 'pattern']",environmental expert chaman observing serious impact related air pollution due changing climate pattern,13,13,Health Hazard,Pollution
TWT85,user_58605,Climate researchers in Islamabad are experiencing environmental challenges related to water scarcity during ongoing environmental changes.,10/8/2021 12:00:00 AM,Islamabad,#GlobalWarming,en,0.04632,Neutral,Resource Crisis,Climate,2981,3541,water scarcity,climate researchers in islamabad are experiencing environmental challenges related to water scarcity during ongoing environmental changes.,[],[],FALSE,FALSE,7.6875,"['climate', 'researchers', 'in', 'islamabad', 'are', 'experiencing', 'environmental', 'challenges', 'related', 'to', 'water', 'scarcity', 'during', 'ongoing', 'environmental', 'changes', '.']","['climate', 'researchers', 'islamabad', 'experiencing', 'environmental', 'challenges', 'related', 'water', 'scarcity', 'ongoing', 'environmental', 'changes', '.']","['climate', 'researchers', 'islamabad', 'experiencing', 'environmental', 'challenges', 'related', 'water', 'scarcity', 'ongoing', 'environmental', 'changes']","['climate', 'researcher', 'islamabad', 'experiencing', 'environmental', 'challenge', 'related', 'water', 'scarcity', 'ongoing', 'environmental', 'change']",climate researcher islamabad experiencing environmental challenge related water scarcity ongoing environmental change,12,11,Resource Discussion,Resource Issue
TWT86,user_245335,Citizens in Islamabad are discussing economic pressure related to drought after recent reports.,1/27/2020 12:00:00 AM,Islamabad,#Floods,en,-0.150933333,Negative,Resource Crisis,Climate,3142,9649,drought,citizens in islamabad are discussing economic pressure related to drought after recent reports.,[],[],FALSE,FALSE,6.384615385,"['citizens', 'in', 'islamabad', 'are', 'discussing', 'economic', 'pressure', 'related', 'to', 'drought', 'after', 'recent', 'reports', '.']","['citizens', 'islamabad', 'discussing', 'economic', 'pressure', 'related', 'drought', 'recent', 'reports', '.']","['citizens', 'islamabad', 'discussing', 'economic', 'pressure', 'related', 'drought', 'recent', 'reports']","['citizen', 'islamabad', 'discussing', 'economic', 'pressure', 'related', 'drought', 'recent', 'report']",citizen islamabad discussing economic pressure related drought recent report,9,9,Severe Disaster Concern,Disaster
TWT87,user_437995,Urban planners in Bahawalpur are discussing environmental challenges related to water scarcity in recent months.,9/20/2020 12:00:00 AM,Bahawalpur,#PakistanClimate,en,0.04632,Neutral,Resource Crisis,Climate,4057,9702,water scarcity,urban planners in bahawalpur are discussing environmental challenges related to water scarcity in recent months.,[],[],FALSE,FALSE,6.533333333,"['urban', 'planners', 'in', 'bahawalpur', 'are', 'discussing', 'environmental', 'challenges', 'related', 'to', 'water', 'scarcity', 'in', 'recent', 'months', '.']","['urban', 'planners', 'bahawalpur', 'discussing', 'environmental', 'challenges', 'related', 'water', 'scarcity', 'recent', 'months', '.']","['urban', 'planners', 'bahawalpur', 'discussing', 'environmental', 'challenges', 'related', 'water', 'scarcity', 'recent', 'months']","['urban', 'planner', 'bahawalpur', 'discussing', 'environmental', 'challenge', 'related', 'water', 'scarcity', 'recent', 'month']",urban planner bahawalpur discussing environmental challenge related water scarcity recent month,11,11,Resource Discussion,Resource Issue
TWT88,user_446058,Citizens in Mianwali are raising concerns about serious impacts related to water scarcity after recent reports.,7/23/2019 12:00:00 AM,Mianwali,#ClimateChange,en,-0.090764444,Neutral,Resource Crisis,Climate,4822,2201,water scarcity,citizens in mianwali are raising concerns about serious impacts related to water scarcity after recent reports.,[],[],FALSE,FALSE,6,"['citizens', 'in', 'mianwali', 'are', 'raising', 'concerns', 'about', 'serious', 'impacts', 'related', 'to', 'water', 'scarcity', 'after', 'recent', 'reports', '.']","['citizens', 'mianwali', 'raising', 'concerns', 'serious', 'impacts', 'related', 'water', 'scarcity', 'recent', 'reports', '.']","['citizens', 'mianwali', 'raising', 'concerns', 'serious', 'impacts', 'related', 'water', 'scarcity', 'recent', 'reports']","['citizen', 'mianwali', 'raising', 'concern', 'serious', 'impact', 'related', 'water', 'scarcity', 'recent', 'report']",citizen mianwali raising concern serious impact related water scarcity recent report,11,11,Resource Crisis,Resource Issue
TWT89,user_304769,Urban planners in Larkana are discussing environmental challenges related to rising temperatures after recent reports.,12/6/2018 12:00:00 AM,Larkana,#GlobalWarming,en,0.04632,Neutral,Climate Stress,Climate,2280,7736,rising temperatures,urban planners in larkana are discussing environmental challenges related to rising temperatures after recent reports.,[],[],FALSE,FALSE,6.933333333,"['urban', 'planners', 'in', 'larkana', 'are', 'discussing', 'environmental', 'challenges', 'related', 'to', 'rising', 'temperatures', 'after', 'recent', 'reports', '.']","['urban', 'planners', 'larkana', 'discussing', 'environmental', 'challenges', 'related', 'rising', 'temperatures', 'recent', 'reports', '.']","['urban', 'planners', 'larkana', 'discussing', 'environmental', 'challenges', 'related', 'rising', 'temperatures', 'recent', 'reports']","['urban', 'planner', 'larkana', 'discussing', 'environmental', 'challenge', 'related', 'rising', 'temperature', 'recent', 'report']",urban planner larkana discussing environmental challenge related rising temperature recent report,11,11,Climate Awareness,Climate Change
TWT90,user_564996,Environmental experts in Chaman have noticed public safety issues related to drought due to changing climate patterns.,7/10/2022 12:00:00 AM,Chaman,#Heatwave,en,0.236233333,Positive,Resource Crisis,Climate,4912,4216,drought,environmental experts in chaman have noticed public safety issues related to drought due to changing climate patterns.,[],[],FALSE,FALSE,6,"['environmental', 'experts', 'in', 'chaman', 'have', 'noticed', 'public', 'safety', 'issues', 'related', 'to', 'drought', 'due', 'to', 'changing', 'climate', 'patterns', '.']","['environmental', 'experts', 'chaman', 'noticed', 'public', 'safety', 'issues', 'related', 'drought', 'due', 'changing', 'climate', 'patterns', '.']","['environmental', 'experts', 'chaman', 'noticed', 'public', 'safety', 'issues', 'related', 'drought', 'due', 'changing', 'climate', 'patterns']","['environmental', 'expert', 'chaman', 'noticed', 'public', 'safety', 'issue', 'related', 'drought', 'due', 'changing', 'climate', 'pattern']",environmental expert chaman noticed public safety issue related drought due changing climate pattern,13,13,Disaster Relief / Recovery,Disaster
TWT91,user_832844,Environmental experts in Thatta are experiencing serious impacts related to heavy rainfall in recent months.,3/22/2025 12:00:00 AM,Thatta,#PakistanClimate,en,-0.099653333,Neutral,Disaster Risk,Climate,983,7609,heavy rainfall,environmental experts in thatta are experiencing serious impacts related to heavy rainfall in recent months.,[],[],FALSE,FALSE,6.266666667,"['environmental', 'experts', 'in', 'thatta', 'are', 'experiencing', 'serious', 'impacts', 'related', 'to', 'heavy', 'rainfall', 'in', 'recent', 'months', '.']","['environmental', 'experts', 'thatta', 'experiencing', 'serious', 'impacts', 'related', 'heavy', 'rainfall', 'recent', 'months', '.']","['environmental', 'experts', 'thatta', 'experiencing', 'serious', 'impacts', 'related', 'heavy', 'rainfall', 'recent', 'months']","['environmental', 'expert', 'thatta', 'experiencing', 'serious', 'impact', 'related', 'heavy', 'rainfall', 'recent', 'month']",environmental expert thatta experiencing serious impact related heavy rainfall recent month,11,11,Severe Disaster Concern,Disaster
TWT92,user_420187,Climate researchers in Turbat are reporting public safety issues related to heatwave as weather conditions shift.,1/31/2019 12:00:00 AM,Turbat,#PakistanClimate,en,0.2529,Positive,Climate Stress,Climate,2139,4898,heatwave,climate researchers in turbat are reporting public safety issues related to heatwave as weather conditions shift.,[],[],FALSE,FALSE,6.125,"['climate', 'researchers', 'in', 'turbat', 'are', 'reporting', 'public', 'safety', 'issues', 'related', 'to', 'heatwave', 'as', 'weather', 'conditions', 'shift', '.']","['climate', 'researchers', 'turbat', 'reporting', 'public', 'safety', 'issues', 'related', 'heatwave', 'weather', 'conditions', 'shift', '.']","['climate', 'researchers', 'turbat', 'reporting', 'public', 'safety', 'issues', 'related', 'heatwave', 'weather', 'conditions', 'shift']","['climate', 'researcher', 'turbat', 'reporting', 'public', 'safety', 'issue', 'related', 'heatwave', 'weather', 'condition', 'shift']",climate researcher turbat reporting public safety issue related heatwave weather condition shift,12,12,General Disaster Discussion,Disaster
TWT93,user_70863,Residents in Mirpurkhas are experiencing public safety issues related to smog in recent months.,9/14/2019 12:00:00 AM,Mirpurkhas,#Floods,en,0.09186,Neutral,Health Hazard,Climate,1628,9589,smog,residents in mirpurkhas are experiencing public safety issues related to smog in recent months.,[],[],FALSE,FALSE,5.857142857,"['residents', 'in', 'mirpurkhas', 'are', 'experiencing', 'public', 'safety', 'issues', 'related', 'to', 'smog', 'in', 'recent', 'months', '.']","['residents', 'mirpurkhas', 'experiencing', 'public', 'safety', 'issues', 'related', 'smog', 'recent', 'months', '.']","['residents', 'mirpurkhas', 'experiencing', 'public', 'safety', 'issues', 'related', 'smog', 'recent', 'months']","['resident', 'mirpurkhas', 'experiencing', 'public', 'safety', 'issue', 'related', 'smog', 'recent', 'month']",resident mirpurkhas experiencing public safety issue related smog recent month,10,10,Environmental Awareness,Pollution
TWT94,user_980166,Health officials in Mirpurkhas are reporting health risks related to drought during ongoing environmental changes.,10/16/2025 12:00:00 AM,Mirpurkhas,#Smog,en,-0.16392,Negative,Resource Crisis,Climate,2671,672,drought,health officials in mirpurkhas are reporting health risks related to drought during ongoing environmental changes.,[],[],FALSE,FALSE,6.666666667,"['health', 'officials', 'in', 'mirpurkhas', 'are', 'reporting', 'health', 'risks', 'related', 'to', 'drought', 'during', 'ongoing', 'environmental', 'changes', '.']","['health', 'officials', 'mirpurkhas', 'reporting', 'health', 'risks', 'related', 'drought', 'ongoing', 'environmental', 'changes', '.']","['health', 'officials', 'mirpurkhas', 'reporting', 'health', 'risks', 'related', 'drought', 'ongoing', 'environmental', 'changes']","['health', 'official', 'mirpurkhas', 'reporting', 'health', 'risk', 'related', 'drought', 'ongoing', 'environmental', 'change']",health official mirpurkhas reporting health risk related drought ongoing environmental change,11,10,Severe Disaster Concern,Disaster
TWT95,user_899811,Health officials in Shikarpur are raising concerns about public safety issues related to heatwave due to changing climate patterns.,10/31/2024 12:00:00 AM,Shikarpur,#PakistanClimate,en,0.236233333,Positive,Climate Stress,Climate,764,7083,heatwave,health officials in shikarpur are raising concerns about public safety issues related to heatwave due to changing climate patterns.,[],[],FALSE,FALSE,5.947368421,"['health', 'officials', 'in', 'shikarpur', 'are', 'raising', 'concerns', 'about', 'public', 'safety', 'issues', 'related', 'to', 'heatwave', 'due', 'to', 'changing', 'climate', 'patterns', '.']","['health', 'officials', 'shikarpur', 'raising', 'concerns', 'public', 'safety', 'issues', 'related', 'heatwave', 'due', 'changing', 'climate', 'patterns', '.']","['health', 'officials', 'shikarpur', 'raising', 'concerns', 'public', 'safety', 'issues', 'related', 'heatwave', 'due', 'changing', 'climate', 'patterns']","['health', 'official', 'shikarpur', 'raising', 'concern', 'public', 'safety', 'issue', 'related', 'heatwave', 'due', 'changing', 'climate', 'pattern']",health official shikarpur raising concern public safety issue related heatwave due changing climate pattern,14,14,General Disaster Discussion,Disaster
TWT96,user_32062,Local communities in Quetta are discussing economic pressure related to water scarcity in recent months.,12/15/2020 12:00:00 AM,Quetta,#PakistanClimate,en,-0.1576,Negative,Resource Crisis,Climate,1588,9318,water scarcity,local communities in quetta are discussing economic pressure related to water scarcity in recent months.,[],[],FALSE,FALSE,6,"['local', 'communities', 'in', 'quetta', 'are', 'discussing', 'economic', 'pressure', 'related', 'to', 'water', 'scarcity', 'in', 'recent', 'months', '.']","['local', 'communities', 'quetta', 'discussing', 'economic', 'pressure', 'related', 'water', 'scarcity', 'recent', 'months', '.']","['local', 'communities', 'quetta', 'discussing', 'economic', 'pressure', 'related', 'water', 'scarcity', 'recent', 'months']","['local', 'community', 'quetta', 'discussing', 'economic', 'pressure', 'related', 'water', 'scarcity', 'recent', 'month']",local community quetta discussing economic pressure related water scarcity recent month,11,11,Resource Crisis,Resource Issue
TWT97,user_456049,Local communities in Turbat are observing long-term effects related to rising temperatures after recent reports.,10/12/2022 12:00:00 AM,Turbat,#PakistanClimate,en,0,Neutral,Climate Stress,Climate,41,8538,rising temperatures,local communities in turbat are observing long-term effects related to rising temperatures after recent reports.,[],[],FALSE,FALSE,6.533333333,"['local', 'communities', 'in', 'turbat', 'are', 'observing', 'long-term', 'effects', 'related', 'to', 'rising', 'temperatures', 'after', 'recent', 'reports', '.']","['local', 'communities', 'turbat', 'observing', 'long-term', 'effects', 'related', 'rising', 'temperatures', 'recent', 'reports', '.']","['local', 'communities', 'turbat', 'observing', 'long-term', 'effects', 'related', 'rising', 'temperatures', 'recent', 'reports']","['local', 'community', 'turbat', 'observing', 'long-term', 'effect', 'related', 'rising', 'temperature', 'recent', 'report']",local community turbat observing long-term effect related rising temperature recent report,11,11,Climate Awareness,Climate Change
TWT98,user_169974,Environmental experts in Islamabad are observing economic pressure related to climate change due to changing climate patterns.,8/2/2025 12:00:00 AM,Islamabad,#PakistanClimate,en,-0.1676,Negative,Climate Concern,Climate,811,7799,climate change,environmental experts in islamabad are observing economic pressure related to climate change due to changing climate patterns.,[],[],FALSE,FALSE,6.470588235,"['environmental', 'experts', 'in', 'islamabad', 'are', 'observing', 'economic', 'pressure', 'related', 'to', 'climate', 'change', 'due', 'to', 'changing', 'climate', 'patterns', '.']","['environmental', 'experts', 'islamabad', 'observing', 'economic', 'pressure', 'related', 'climate', 'change', 'due', 'changing', 'climate', 'patterns', '.']","['environmental', 'experts', 'islamabad', 'observing', 'economic', 'pressure', 'related', 'climate', 'change', 'due', 'changing', 'climate', 'patterns']","['environmental', 'expert', 'islamabad', 'observing', 'economic', 'pressure', 'related', 'climate', 'change', 'due', 'changing', 'climate', 'pattern']",environmental expert islamabad observing economic pressure related climate change due changing climate pattern,13,12,Climate Stress,Climate Change
TWT99,user_160746,Local communities in Islamabad have noticed serious impacts related to climate change due to changing climate patterns.,9/10/2022 12:00:00 AM,Islamabad,#GlobalWarming,en,-0.092153333,Neutral,Climate Concern,Climate,2645,3407,climate change,local communities in islamabad have noticed serious impacts related to climate change due to changing climate patterns.,[],[],FALSE,FALSE,6.058823529,"['local', 'communities', 'in', 'islamabad', 'have', 'noticed', 'serious', 'impacts', 'related', 'to', 'climate', 'change', 'due', 'to', 'changing', 'climate', 'patterns', '.']","['local', 'communities', 'islamabad', 'noticed', 'serious', 'impacts', 'related', 'climate', 'change', 'due', 'changing', 'climate', 'patterns', '.']","['local', 'communities', 'islamabad', 'noticed', 'serious', 'impacts', 'related', 'climate', 'change', 'due', 'changing', 'climate', 'patterns']","['local', 'community', 'islamabad', 'noticed', 'serious', 'impact', 'related', 'climate', 'change', 'due', 'changing', 'climate', 'pattern']",local community islamabad noticed serious impact related climate change due changing climate pattern,13,12,Climate Stress,Climate Change
TWT100,user_923683,Climate researchers in Karachi are discussing public safety issues related to smog after recent reports.,7/8/2024 12:00:00 AM,Karachi,#Smog,en,0.09186,Neutral,Health Hazard,Climate,4531,2128,smog,climate researchers in karachi are discussing public safety issues related to smog after recent reports.,[],[],FALSE,FALSE,6,"['climate', 'researchers', 'in', 'karachi', 'are', 'discussing', 'public', 'safety', 'issues', 'related', 'to', 'smog', 'after', 'recent', 'reports', '.']","['climate', 'researchers', 'karachi', 'discussing', 'public', 'safety', 'issues', 'related', 'smog', 'recent', 'reports', '.']","['climate', 'researchers', 'karachi', 'discussing', 'public', 'safety', 'issues', 'related', 'smog', 'recent', 'reports']","['climate', 'researcher', 'karachi', 'discussing', 'public', 'safety', 'issue', 'related', 'smog', 'recent', 'report']",climate researcher karachi discussing public safety issue related smog recent report,11,11,Environmental Awareness,Pollution
TWT101,user_531571,Environmental experts in Shikarpur are experiencing public safety issues related to flooding due to changing climate patterns.,2/9/2025 12:00:00 AM,Shikarpur,#ClimateChange,en,0.236233333,Positive,Disaster Risk,Climate,4107,1776,flooding,environmental experts in shikarpur are experiencing public safety issues related to flooding due to changing climate patterns.,[],[],FALSE,FALSE,6.470588235,"['environmental', 'experts', 'in', 'shikarpur', 'are', 'experiencing', 'public', 'safety', 'issues', 'related', 'to', 'flooding', 'due', 'to', 'changing', 'climate', 'patterns', '.']","['environmental', 'experts', 'shikarpur', 'experiencing', 'public', 'safety', 'issues', 'related', 'flooding', 'due', 'changing', 'climate', 'patterns', '.']","['environmental', 'experts', 'shikarpur', 'experiencing', 'public', 'safety', 'issues', 'related', 'flooding', 'due', 'changing', 'climate', 'patterns']","['environmental', 'expert', 'shikarpur', 'experiencing', 'public', 'safety', 'issue', 'related', 'flooding', 'due', 'changing', 'climate', 'pattern']",environmental expert shikarpur experiencing public safety issue related flooding due changing climate pattern,13,13,General Disaster Discussion,Disaster
TWT102,user_705988,Health officials in Sukkur are experiencing long-term effects related to smog during ongoing environmental changes.,5/23/2023 12:00:00 AM,Sukkur,#Environment,en,-0.1776,Negative,Health Hazard,Climate,1757,1638,smog,health officials in sukkur are experiencing long-term effects related to smog during ongoing environmental changes.,[],[],FALSE,FALSE,6.733333333,"['health', 'officials', 'in', 'sukkur', 'are', 'experiencing', 'long-term', 'effects', 'related', 'to', 'smog', 'during', 'ongoing', 'environmental', 'changes', '.']","['health', 'officials', 'sukkur', 'experiencing', 'long-term', 'effects', 'related', 'smog', 'ongoing', 'environmental', 'changes', '.']","['health', 'officials', 'sukkur', 'experiencing', 'long-term', 'effects', 'related', 'smog', 'ongoing', 'environmental', 'changes']","['health', 'official', 'sukkur', 'experiencing', 'long-term', 'effect', 'related', 'smog', 'ongoing', 'environmental', 'change']",health official sukkur experiencing long-term effect related smog ongoing environmental change,11,11,Health Hazard,Pollution
TWT103,user_903457,Environmental experts in Rahim Yar Khan are reporting economic pressure related to heatwave in recent months.,10/31/2022 12:00:00 AM,Rahim Yar Khan,#GlobalWarming,en,-0.150933333,Negative,Climate Stress,Climate,519,5299,heatwave,environmental experts in rahim yar khan are reporting economic pressure related to heatwave in recent months.,[],[],FALSE,FALSE,5.875,"['environmental', 'experts', 'in', 'rahim', 'yar', 'khan', 'are', 'reporting', 'economic', 'pressure', 'related', 'to', 'heatwave', 'in', 'recent', 'months', '.']","['environmental', 'experts', 'rahim', 'yar', 'khan', 'reporting', 'economic', 'pressure', 'related', 'heatwave', 'recent', 'months', '.']","['environmental', 'experts', 'rahim', 'yar', 'khan', 'reporting', 'economic', 'pressure', 'related', 'heatwave', 'recent', 'months']","['environmental', 'expert', 'rahim', 'yar', 'khan', 'reporting', 'economic', 'pressure', 'related', 'heatwave', 'recent', 'month']",environmental expert rahim yar khan reporting economic pressure related heatwave recent month,12,12,Severe Disaster Concern,Disaster
TWT104,user_757377,Health officials in Chaman are raising concerns about health risks related to flooding in recent months.,10/28/2024 12:00:00 AM,Chaman,#ClimateChange,en,-0.16392,Negative,Disaster Risk,Climate,4382,6949,flooding,health officials in chaman are raising concerns about health risks related to flooding in recent months.,[],[],FALSE,FALSE,5.5625,"['health', 'officials', 'in', 'chaman', 'are', 'raising', 'concerns', 'about', 'health', 'risks', 'related', 'to', 'flooding', 'in', 'recent', 'months', '.']","['health', 'officials', 'chaman', 'raising', 'concerns', 'health', 'risks', 'related', 'flooding', 'recent', 'months', '.']","['health', 'officials', 'chaman', 'raising', 'concerns', 'health', 'risks', 'related', 'flooding', 'recent', 'months']","['health', 'official', 'chaman', 'raising', 'concern', 'health', 'risk', 'related', 'flooding', 'recent', 'month']",health official chaman raising concern health risk related flooding recent month,11,10,Severe Disaster Concern,Disaster
TWT105,user_203781,Local communities in Bannu are raising concerns about economic pressure related to air pollution in recent months.,6/13/2025 12:00:00 AM,Bannu,#Heatwave,en,-0.1576,Negative,Health Hazard,Climate,2154,6103,air pollution,local communities in bannu are raising concerns about economic pressure related to air pollution in recent months.,[],[],FALSE,FALSE,5.764705882,"['local', 'communities', 'in', 'bannu', 'are', 'raising', 'concerns', 'about', 'economic', 'pressure', 'related', 'to', 'air', 'pollution', 'in', 'recent', 'months', '.']","['local', 'communities', 'bannu', 'raising', 'concerns', 'economic', 'pressure', 'related', 'air', 'pollution', 'recent', 'months', '.']","['local', 'communities', 'bannu', 'raising', 'concerns', 'economic', 'pressure', 'related', 'air', 'pollution', 'recent', 'months']","['local', 'community', 'bannu', 'raising', 'concern', 'economic', 'pressure', 'related', 'air', 'pollution', 'recent', 'month']",local community bannu raising concern economic pressure related air pollution recent month,12,12,Health Hazard,Pollution
TWT106,user_178588,Citizens in Mansehra are observing economic pressure related to drought as weather conditions shift.,8/27/2024 12:00:00 AM,Mansehra,#PakistanClimate,en,-0.1376,Negative,Resource Crisis,Climate,2387,7664,drought,citizens in mansehra are observing economic pressure related to drought as weather conditions shift.,[],[],FALSE,FALSE,6.214285714,"['citizens', 'in', 'mansehra', 'are', 'observing', 'economic', 'pressure', 'related', 'to', 'drought', 'as', 'weather', 'conditions', 'shift', '.']","['citizens', 'mansehra', 'observing', 'economic', 'pressure', 'related', 'drought', 'weather', 'conditions', 'shift', '.']","['citizens', 'mansehra', 'observing', 'economic', 'pressure', 'related', 'drought', 'weather', 'conditions', 'shift']","['citizen', 'mansehra', 'observing', 'economic', 'pressure', 'related', 'drought', 'weather', 'condition', 'shift']",citizen mansehra observing economic pressure related drought weather condition shift,10,10,Severe Disaster Concern,Disaster
TWT107,user_28343,Residents in Panjgur are experiencing public safety issues related to rising temperatures due to changing climate patterns.,5/2/2023 12:00:00 AM,Panjgur,#Floods,en,0.236233333,Positive,Climate Stress,Climate,2271,4750,rising temperatures,residents in panjgur are experiencing public safety issues related to rising temperatures due to changing climate patterns.,[],[],FALSE,FALSE,6.294117647,"['residents', 'in', 'panjgur', 'are', 'experiencing', 'public', 'safety', 'issues', 'related', 'to', 'rising', 'temperatures', 'due', 'to', 'changing', 'climate', 'patterns', '.']","['residents', 'panjgur', 'experiencing', 'public', 'safety', 'issues', 'related', 'rising', 'temperatures', 'due', 'changing', 'climate', 'patterns', '.']","['residents', 'panjgur', 'experiencing', 'public', 'safety', 'issues', 'related', 'rising', 'temperatures', 'due', 'changing', 'climate', 'patterns']","['resident', 'panjgur', 'experiencing', 'public', 'safety', 'issue', 'related', 'rising', 'temperature', 'due', 'changing', 'climate', 'pattern']",resident panjgur experiencing public safety issue related rising temperature due changing climate pattern,13,13,Climate Awareness,Climate Change
TWT108,user_968448,Residents in Okara are discussing public safety issues related to air pollution as weather conditions shift.,3/25/2024 12:00:00 AM,Okara,#Floods,en,0.2529,Positive,Health Hazard,Climate,3628,7027,air pollution,residents in okara are discussing public safety issues related to air pollution as weather conditions shift.,[],[],FALSE,FALSE,5.8125,"['residents', 'in', 'okara', 'are', 'discussing', 'public', 'safety', 'issues', 'related', 'to', 'air', 'pollution', 'as', 'weather', 'conditions', 'shift', '.']","['residents', 'okara', 'discussing', 'public', 'safety', 'issues', 'related', 'air', 'pollution', 'weather', 'conditions', 'shift', '.']","['residents', 'okara', 'discussing', 'public', 'safety', 'issues', 'related', 'air', 'pollution', 'weather', 'conditions', 'shift']","['resident', 'okara', 'discussing', 'public', 'safety', 'issue', 'related', 'air', 'pollution', 'weather', 'condition', 'shift']",resident okara discussing public safety issue related air pollution weather condition shift,12,12,Environmental Awareness,Pollution
TWT109,user_410869,Local communities in Swabi have noticed public safety issues related to drought during ongoing environmental changes.,11/7/2024 12:00:00 AM,Swabi,#ClimateChange,en,0.2529,Positive,Resource Crisis,Climate,37,2179,drought,local communities in swabi have noticed public safety issues related to drought during ongoing environmental changes.,[],[],FALSE,FALSE,6.375,"['local', 'communities', 'in', 'swabi', 'have', 'noticed', 'public', 'safety', 'issues', 'related', 'to', 'drought', 'during', 'ongoing', 'environmental', 'changes', '.']","['local', 'communities', 'swabi', 'noticed', 'public', 'safety', 'issues', 'related', 'drought', 'ongoing', 'environmental', 'changes', '.']","['local', 'communities', 'swabi', 'noticed', 'public', 'safety', 'issues', 'related', 'drought', 'ongoing', 'environmental', 'changes']","['local', 'community', 'swabi', 'noticed', 'public', 'safety', 'issue', 'related', 'drought', 'ongoing', 'environmental', 'change']",local community swabi noticed public safety issue related drought ongoing environmental change,12,12,Disaster Relief / Recovery,Disaster
TWT110,user_287193,Climate researchers in Abbottabad are observing serious impacts related to smog during ongoing environmental changes.,7/18/2021 12:00:00 AM,Abbottabad,#Heatwave,en,-0.283386667,Negative,Health Hazard,Climate,1601,9991,smog,climate researchers in abbottabad are observing serious impacts related to smog during ongoing environmental changes.,[],[],FALSE,FALSE,6.866666667,"['climate', 'researchers', 'in', 'abbottabad', 'are', 'observing', 'serious', 'impacts', 'related', 'to', 'smog', 'during', 'ongoing', 'environmental', 'changes', '.']","['climate', 'researchers', 'abbottabad', 'observing', 'serious', 'impacts', 'related', 'smog', 'ongoing', 'environmental', 'changes', '.']","['climate', 'researchers', 'abbottabad', 'observing', 'serious', 'impacts', 'related', 'smog', 'ongoing', 'environmental', 'changes']","['climate', 'researcher', 'abbottabad', 'observing', 'serious', 'impact', 'related', 'smog', 'ongoing', 'environmental', 'change']",climate researcher abbottabad observing serious impact related smog ongoing environmental change,11,11,Health Hazard,Pollution
TWT111,user_867436,Environmental experts in Islamabad have noticed serious impacts related to rising temperatures as weather conditions shift.,4/10/2019 12:00:00 AM,Islamabad,#Heatwave,en,-0.112986667,Neutral,Climate Stress,Climate,2883,4660,rising temperatures,environmental experts in islamabad have noticed serious impacts related to rising temperatures as weather conditions shift.,[],[],FALSE,FALSE,6.75,"['environmental', 'experts', 'in', 'islamabad', 'have', 'noticed', 'serious', 'impacts', 'related', 'to', 'rising', 'temperatures', 'as', 'weather', 'conditions', 'shift', '.']","['environmental', 'experts', 'islamabad', 'noticed', 'serious', 'impacts', 'related', 'rising', 'temperatures', 'weather', 'conditions', 'shift', '.']","['environmental', 'experts', 'islamabad', 'noticed', 'serious', 'impacts', 'related', 'rising', 'temperatures', 'weather', 'conditions', 'shift']","['environmental', 'expert', 'islamabad', 'noticed', 'serious', 'impact', 'related', 'rising', 'temperature', 'weather', 'condition', 'shift']",environmental expert islamabad noticed serious impact related rising temperature weather condition shift,12,12,Climate Stress,Climate Change
TWT112,user_252260,Environmental experts in Sibi are observing environmental challenges related to smog as weather conditions shift.,2/20/2019 12:00:00 AM,Sibi,#Smog,en,-0.13578,Negative,Health Hazard,Climate,4345,5519,smog,environmental experts in sibi are observing environmental challenges related to smog as weather conditions shift.,[],[],FALSE,FALSE,6.6,"['environmental', 'experts', 'in', 'sibi', 'are', 'observing', 'environmental', 'challenges', 'related', 'to', 'smog', 'as', 'weather', 'conditions', 'shift', '.']","['environmental', 'experts', 'sibi', 'observing', 'environmental', 'challenges', 'related', 'smog', 'weather', 'conditions', 'shift', '.']","['environmental', 'experts', 'sibi', 'observing', 'environmental', 'challenges', 'related', 'smog', 'weather', 'conditions', 'shift']","['environmental', 'expert', 'sibi', 'observing', 'environmental', 'challenge', 'related', 'smog', 'weather', 'condition', 'shift']",environmental expert sibi observing environmental challenge related smog weather condition shift,11,10,Health Hazard,Pollution
TWT113,user_91529,Urban planners in Faisalabad are discussing serious impacts related to air pollution in recent months.,2/10/2022 12:00:00 AM,Faisalabad,#Floods,en,-0.079653333,Neutral,Health Hazard,Climate,366,2709,air pollution,urban planners in faisalabad are discussing serious impacts related to air pollution in recent months.,[],[],FALSE,FALSE,5.866666667,"['urban', 'planners', 'in', 'faisalabad', 'are', 'discussing', 'serious', 'impacts', 'related', 'to', 'air', 'pollution', 'in', 'recent', 'months', '.']","['urban', 'planners', 'faisalabad', 'discussing', 'serious', 'impacts', 'related', 'air', 'pollution', 'recent', 'months', '.']","['urban', 'planners', 'faisalabad', 'discussing', 'serious', 'impacts', 'related', 'air', 'pollution', 'recent', 'months']","['urban', 'planner', 'faisalabad', 'discussing', 'serious', 'impact', 'related', 'air', 'pollution', 'recent', 'month']",urban planner faisalabad discussing serious impact related air pollution recent month,11,11,Health Hazard,Pollution
TWT114,user_300910,Citizens in Islamabad have noticed environmental challenges related to flooding due to changing climate patterns.,6/4/2024 12:00:00 AM,Islamabad,#GlobalWarming,en,0.02132,Neutral,Disaster Risk,Climate,2565,4831,flooding,citizens in islamabad have noticed environmental challenges related to flooding due to changing climate patterns.,[],[],FALSE,FALSE,6.6,"['citizens', 'in', 'islamabad', 'have', 'noticed', 'environmental', 'challenges', 'related', 'to', 'flooding', 'due', 'to', 'changing', 'climate', 'patterns', '.']","['citizens', 'islamabad', 'noticed', 'environmental', 'challenges', 'related', 'flooding', 'due', 'changing', 'climate', 'patterns', '.']","['citizens', 'islamabad', 'noticed', 'environmental', 'challenges', 'related', 'flooding', 'due', 'changing', 'climate', 'patterns']","['citizen', 'islamabad', 'noticed', 'environmental', 'challenge', 'related', 'flooding', 'due', 'changing', 'climate', 'pattern']",citizen islamabad noticed environmental challenge related flooding due changing climate pattern,11,11,Disaster Relief / Recovery,Disaster
TWT115,user_120815,Citizens in Turbat are experiencing health risks related to drought in recent months.,6/5/2020 12:00:00 AM,Turbat,#Floods,en,-0.16392,Negative,Resource Crisis,Climate,1325,636,drought,citizens in turbat are experiencing health risks related to drought in recent months.,[],[],FALSE,FALSE,5.615384615,"['citizens', 'in', 'turbat', 'are', 'experiencing', 'health', 'risks', 'related', 'to', 'drought', 'in', 'recent', 'months', '.']","['citizens', 'turbat', 'experiencing', 'health', 'risks', 'related', 'drought', 'recent', 'months', '.']","['citizens', 'turbat', 'experiencing', 'health', 'risks', 'related', 'drought', 'recent', 'months']","['citizen', 'turbat', 'experiencing', 'health', 'risk', 'related', 'drought', 'recent', 'month']",citizen turbat experiencing health risk related drought recent month,9,9,Severe Disaster Concern,Disaster
TWT116,user_975577,Health officials in Sibi are raising concerns about economic pressure related to air pollution as weather conditions shift.,9/25/2021 12:00:00 AM,Sibi,#ClimateChange,en,-0.1376,Negative,Health Hazard,Climate,158,9303,air pollution,health officials in sibi are raising concerns about economic pressure related to air pollution as weather conditions shift.,[],[],FALSE,FALSE,5.888888889,"['health', 'officials', 'in', 'sibi', 'are', 'raising', 'concerns', 'about', 'economic', 'pressure', 'related', 'to', 'air', 'pollution', 'as', 'weather', 'conditions', 'shift', '.']","['health', 'officials', 'sibi', 'raising', 'concerns', 'economic', 'pressure', 'related', 'air', 'pollution', 'weather', 'conditions', 'shift', '.']","['health', 'officials', 'sibi', 'raising', 'concerns', 'economic', 'pressure', 'related', 'air', 'pollution', 'weather', 'conditions', 'shift']","['health', 'official', 'sibi', 'raising', 'concern', 'economic', 'pressure', 'related', 'air', 'pollution', 'weather', 'condition', 'shift']",health official sibi raising concern economic pressure related air pollution weather condition shift,13,13,Health Hazard,Pollution
TWT117,user_352749,Climate researchers in Islamabad are experiencing economic pressure related to smog due to changing climate patterns.,2/11/2020 12:00:00 AM,Islamabad,#Smog,en,-0.30602,Negative,Health Hazard,Climate,726,2517,smog,climate researchers in islamabad are experiencing economic pressure related to smog due to changing climate patterns.,[],[],FALSE,FALSE,6.375,"['climate', 'researchers', 'in', 'islamabad', 'are', 'experiencing', 'economic', 'pressure', 'related', 'to', 'smog', 'due', 'to', 'changing', 'climate', 'patterns', '.']","['climate', 'researchers', 'islamabad', 'experiencing', 'economic', 'pressure', 'related', 'smog', 'due', 'changing', 'climate', 'patterns', '.']","['climate', 'researchers', 'islamabad', 'experiencing', 'economic', 'pressure', 'related', 'smog', 'due', 'changing', 'climate', 'patterns']","['climate', 'researcher', 'islamabad', 'experiencing', 'economic', 'pressure', 'related', 'smog', 'due', 'changing', 'climate', 'pattern']",climate researcher islamabad experiencing economic pressure related smog due changing climate pattern,12,11,Health Hazard,Pollution
TWT118,user_838670,Climate researchers in Sargodha are raising concerns about serious impacts related to extreme weather during ongoing environmental changes.,12/1/2022 12:00:00 AM,Sargodha,#Smog,en,-0.107431111,Neutral,Climate Concern,Climate,1852,4445,extreme weather,climate researchers in sargodha are raising concerns about serious impacts related to extreme weather during ongoing environmental changes.,[],[],FALSE,FALSE,6.777777778,"['climate', 'researchers', 'in', 'sargodha', 'are', 'raising', 'concerns', 'about', 'serious', 'impacts', 'related', 'to', 'extreme', 'weather', 'during', 'ongoing', 'environmental', 'changes', '.']","['climate', 'researchers', 'sargodha', 'raising', 'concerns', 'serious', 'impacts', 'related', 'extreme', 'weather', 'ongoing', 'environmental', 'changes', '.']","['climate', 'researchers', 'sargodha', 'raising', 'concerns', 'serious', 'impacts', 'related', 'extreme', 'weather', 'ongoing', 'environmental', 'changes']","['climate', 'researcher', 'sargodha', 'raising', 'concern', 'serious', 'impact', 'related', 'extreme', 'weather', 'ongoing', 'environmental', 'change']",climate researcher sargodha raising concern serious impact related extreme weather ongoing environmental change,13,13,Negative Climate Concern,General
TWT119,user_699171,Health officials in Multan are experiencing economic pressure related to drought due to changing climate patterns.,10/26/2021 12:00:00 AM,Multan,#Heatwave,en,-0.1676,Negative,Resource Crisis,Climate,1329,2439,drought,health officials in multan are experiencing economic pressure related to drought due to changing climate patterns.,[],[],FALSE,FALSE,6.1875,"['health', 'officials', 'in', 'multan', 'are', 'experiencing', 'economic', 'pressure', 'related', 'to', 'drought', 'due', 'to', 'changing', 'climate', 'patterns', '.']","['health', 'officials', 'multan', 'experiencing', 'economic', 'pressure', 'related', 'drought', 'due', 'changing', 'climate', 'patterns', '.']","['health', 'officials', 'multan', 'experiencing', 'economic', 'pressure', 'related', 'drought', 'due', 'changing', 'climate', 'patterns']","['health', 'official', 'multan', 'experiencing', 'economic', 'pressure', 'related', 'drought', 'due', 'changing', 'climate', 'pattern']",health official multan experiencing economic pressure related drought due changing climate pattern,12,12,Severe Disaster Concern,Disaster
TWT120,user_17551,Local communities in Zhob are reporting public safety issues related to smog in recent months.,1/13/2020 12:00:00 AM,Zhob,#ClimateChange,en,0.09186,Neutral,Health Hazard,Climate,2454,3885,smog,local communities in zhob are reporting public safety issues related to smog in recent months.,[],[],FALSE,FALSE,5.333333333,"['local', 'communities', 'in', 'zhob', 'are', 'reporting', 'public', 'safety', 'issues', 'related', 'to', 'smog', 'in', 'recent', 'months', '.']","['local', 'communities', 'zhob', 'reporting', 'public', 'safety', 'issues', 'related', 'smog', 'recent', 'months', '.']","['local', 'communities', 'zhob', 'reporting', 'public', 'safety', 'issues', 'related', 'smog', 'recent', 'months']","['local', 'community', 'zhob', 'reporting', 'public', 'safety', 'issue', 'related', 'smog', 'recent', 'month']",local community zhob reporting public safety issue related smog recent month,11,11,Environmental Awareness,Pollution
TWT121,user_927806,Health officials in Attock are discussing serious impacts related to climate change in recent months.,7/7/2021 12:00:00 AM,Attock,#ClimateChange,en,-0.090764444,Neutral,Climate Concern,Climate,1312,7891,climate change,health officials in attock are discussing serious impacts related to climate change in recent months.,[],[],FALSE,FALSE,5.8,"['health', 'officials', 'in', 'attock', 'are', 'discussing', 'serious', 'impacts', 'related', 'to', 'climate', 'change', 'in', 'recent', 'months', '.']","['health', 'officials', 'attock', 'discussing', 'serious', 'impacts', 'related', 'climate', 'change', 'recent', 'months', '.']","['health', 'officials', 'attock', 'discussing', 'serious', 'impacts', 'related', 'climate', 'change', 'recent', 'months']","['health', 'official', 'attock', 'discussing', 'serious', 'impact', 'related', 'climate', 'change', 'recent', 'month']",health official attock discussing serious impact related climate change recent month,11,11,Climate Stress,Climate Change
TWT122,user_932379,Environmental experts in Gwadar have noticed public safety issues related to flooding after recent reports.,10/1/2018 12:00:00 AM,Gwadar,#PakistanClimate,en,0.2529,Positive,Disaster Risk,Climate,1505,6873,flooding,environmental experts in gwadar have noticed public safety issues related to flooding after recent reports.,[],[],FALSE,FALSE,6.2,"['environmental', 'experts', 'in', 'gwadar', 'have', 'noticed', 'public', 'safety', 'issues', 'related', 'to', 'flooding', 'after', 'recent', 'reports', '.']","['environmental', 'experts', 'gwadar', 'noticed', 'public', 'safety', 'issues', 'related', 'flooding', 'recent', 'reports', '.']","['environmental', 'experts', 'gwadar', 'noticed', 'public', 'safety', 'issues', 'related', 'flooding', 'recent', 'reports']","['environmental', 'expert', 'gwadar', 'noticed', 'public', 'safety', 'issue', 'related', 'flooding', 'recent', 'report']",environmental expert gwadar noticed public safety issue related flooding recent report,11,11,Disaster Relief / Recovery,Disaster
TWT123,user_358755,Climate researchers in Shikarpur are experiencing economic pressure related to water scarcity after recent reports.,4/29/2018 12:00:00 AM,Shikarpur,#ClimateChange,en,-0.150933333,Negative,Resource Crisis,Climate,506,6070,water scarcity,climate researchers in shikarpur are experiencing economic pressure related to water scarcity after recent reports.,[],[],FALSE,FALSE,6.733333333,"['climate', 'researchers', 'in', 'shikarpur', 'are', 'experiencing', 'economic', 'pressure', 'related', 'to', 'water', 'scarcity', 'after', 'recent', 'reports', '.']","['climate', 'researchers', 'shikarpur', 'experiencing', 'economic', 'pressure', 'related', 'water', 'scarcity', 'recent', 'reports', '.']","['climate', 'researchers', 'shikarpur', 'experiencing', 'economic', 'pressure', 'related', 'water', 'scarcity', 'recent', 'reports']","['climate', 'researcher', 'shikarpur', 'experiencing', 'economic', 'pressure', 'related', 'water', 'scarcity', 'recent', 'report']",climate researcher shikarpur experiencing economic pressure related water scarcity recent report,11,11,Resource Crisis,Resource Issue
TWT124,user_242771,Citizens in Sibi are observing long-term effects related to climate change as weather conditions shift.,11/20/2023 12:00:00 AM,Sibi,#Environment,en,0,Neutral,Climate Concern,Climate,4261,4158,climate change,citizens in sibi are observing long-term effects related to climate change as weather conditions shift.,[],[],FALSE,FALSE,5.933333333,"['citizens', 'in', 'sibi', 'are', 'observing', 'long-term', 'effects', 'related', 'to', 'climate', 'change', 'as', 'weather', 'conditions', 'shift', '.']","['citizens', 'sibi', 'observing', 'long-term', 'effects', 'related', 'climate', 'change', 'weather', 'conditions', 'shift', '.']","['citizens', 'sibi', 'observing', 'long-term', 'effects', 'related', 'climate', 'change', 'weather', 'conditions', 'shift']","['citizen', 'sibi', 'observing', 'long-term', 'effect', 'related', 'climate', 'change', 'weather', 'condition', 'shift']",citizen sibi observing long-term effect related climate change weather condition shift,11,11,Climate Awareness,Climate Change
TWT125,user_493605,Climate researchers in Chaman have noticed serious impacts related to air pollution during ongoing environmental changes.,7/1/2021 12:00:00 AM,Chaman,#Heatwave,en,-0.112986667,Neutral,Health Hazard,Climate,2004,9018,air pollution,climate researchers in chaman have noticed serious impacts related to air pollution during ongoing environmental changes.,[],[],FALSE,FALSE,6.625,"['climate', 'researchers', 'in', 'chaman', 'have', 'noticed', 'serious', 'impacts', 'related', 'to', 'air', 'pollution', 'during', 'ongoing', 'environmental', 'changes', '.']","['climate', 'researchers', 'chaman', 'noticed', 'serious', 'impacts', 'related', 'air', 'pollution', 'ongoing', 'environmental', 'changes', '.']","['climate', 'researchers', 'chaman', 'noticed', 'serious', 'impacts', 'related', 'air', 'pollution', 'ongoing', 'environmental', 'changes']","['climate', 'researcher', 'chaman', 'noticed', 'serious', 'impact', 'related', 'air', 'pollution', 'ongoing', 'environmental', 'change']",climate researcher chaman noticed serious impact related air pollution ongoing environmental change,12,12,Health Hazard,Pollution
TWT126,user_404799,Climate researchers in Sahiwal are discussing environmental challenges related to drought as weather conditions shift.,12/10/2021 12:00:00 AM,Sahiwal,#ClimateChange,en,0.04632,Neutral,Resource Crisis,Climate,545,224,drought,climate researchers in sahiwal are discussing environmental challenges related to drought as weather conditions shift.,[],[],FALSE,FALSE,6.933333333,"['climate', 'researchers', 'in', 'sahiwal', 'are', 'discussing', 'environmental', 'challenges', 'related', 'to', 'drought', 'as', 'weather', 'conditions', 'shift', '.']","['climate', 'researchers', 'sahiwal', 'discussing', 'environmental', 'challenges', 'related', 'drought', 'weather', 'conditions', 'shift', '.']","['climate', 'researchers', 'sahiwal', 'discussing', 'environmental', 'challenges', 'related', 'drought', 'weather', 'conditions', 'shift']","['climate', 'researcher', 'sahiwal', 'discussing', 'environmental', 'challenge', 'related', 'drought', 'weather', 'condition', 'shift']",climate researcher sahiwal discussing environmental challenge related drought weather condition shift,11,11,General Disaster Discussion,Disaster
TWT127,user_379972,Local communities in Hyderabad are reporting serious impacts related to heavy rainfall after recent reports.,7/25/2018 12:00:00 AM,Hyderabad,#ClimateChange,en,-0.088986667,Neutral,Disaster Risk,Climate,1462,9425,heavy rainfall,local communities in hyderabad are reporting serious impacts related to heavy rainfall after recent reports.,[],[],FALSE,FALSE,6.266666667,"['local', 'communities', 'in', 'hyderabad', 'are', 'reporting', 'serious', 'impacts', 'related', 'to', 'heavy', 'rainfall', 'after', 'recent', 'reports', '.']","['local', 'communities', 'hyderabad', 'reporting', 'serious', 'impacts', 'related', 'heavy', 'rainfall', 'recent', 'reports', '.']","['local', 'communities', 'hyderabad', 'reporting', 'serious', 'impacts', 'related', 'heavy', 'rainfall', 'recent', 'reports']","['local', 'community', 'hyderabad', 'reporting', 'serious', 'impact', 'related', 'heavy', 'rainfall', 'recent', 'report']",local community hyderabad reporting serious impact related heavy rainfall recent report,11,11,Severe Disaster Concern,Disaster
TWT128,user_387614,Citizens in Rawalpindi are raising concerns about economic pressure related to smog due to changing climate patterns.,5/9/2021 12:00:00 AM,Rawalpindi,#PakistanClimate,en,-0.30602,Negative,Health Hazard,Climate,886,9065,smog,citizens in rawalpindi are raising concerns about economic pressure related to smog due to changing climate patterns.,[],[],FALSE,FALSE,5.941176471,"['citizens', 'in', 'rawalpindi', 'are', 'raising', 'concerns', 'about', 'economic', 'pressure', 'related', 'to', 'smog', 'due', 'to', 'changing', 'climate', 'patterns', '.']","['citizens', 'rawalpindi', 'raising', 'concerns', 'economic', 'pressure', 'related', 'smog', 'due', 'changing', 'climate', 'patterns', '.']","['citizens', 'rawalpindi', 'raising', 'concerns', 'economic', 'pressure', 'related', 'smog', 'due', 'changing', 'climate', 'patterns']","['citizen', 'rawalpindi', 'raising', 'concern', 'economic', 'pressure', 'related', 'smog', 'due', 'changing', 'climate', 'pattern']",citizen rawalpindi raising concern economic pressure related smog due changing climate pattern,12,12,Health Hazard,Pollution
TWT129,user_601747,Citizens in Zhob are reporting long-term effects related to heavy rainfall after recent reports.,7/7/2022 12:00:00 AM,Zhob,#Environment,en,-0.026666667,Neutral,Disaster Risk,Climate,2379,3633,heavy rainfall,citizens in zhob are reporting long-term effects related to heavy rainfall after recent reports.,[],[],FALSE,FALSE,5.928571429,"['citizens', 'in', 'zhob', 'are', 'reporting', 'long-term', 'effects', 'related', 'to', 'heavy', 'rainfall', 'after', 'recent', 'reports', '.']","['citizens', 'zhob', 'reporting', 'long-term', 'effects', 'related', 'heavy', 'rainfall', 'recent', 'reports', '.']","['citizens', 'zhob', 'reporting', 'long-term', 'effects', 'related', 'heavy', 'rainfall', 'recent', 'reports']","['citizen', 'zhob', 'reporting', 'long-term', 'effect', 'related', 'heavy', 'rainfall', 'recent', 'report']",citizen zhob reporting long-term effect related heavy rainfall recent report,10,10,Severe Disaster Concern,Disaster
TWT130,user_698982,Environmental experts in Chaman are observing environmental challenges related to rising temperatures as weather conditions shift.,10/18/2024 12:00:00 AM,Chaman,#Smog,en,0.04632,Neutral,Climate Stress,Climate,4615,652,rising temperatures,environmental experts in chaman are observing environmental challenges related to rising temperatures as weather conditions shift.,[],[],FALSE,FALSE,7.1875,"['environmental', 'experts', 'in', 'chaman', 'are', 'observing', 'environmental', 'challenges', 'related', 'to', 'rising', 'temperatures', 'as', 'weather', 'conditions', 'shift', '.']","['environmental', 'experts', 'chaman', 'observing', 'environmental', 'challenges', 'related', 'rising', 'temperatures', 'weather', 'conditions', 'shift', '.']","['environmental', 'experts', 'chaman', 'observing', 'environmental', 'challenges', 'related', 'rising', 'temperatures', 'weather', 'conditions', 'shift']","['environmental', 'expert', 'chaman', 'observing', 'environmental', 'challenge', 'related', 'rising', 'temperature', 'weather', 'condition', 'shift']",environmental expert chaman observing environmental challenge related rising temperature weather condition shift,12,11,Climate Awareness,Climate Change
TWT131,user_231896,Climate researchers in Chaman are reporting public safety issues related to rising temperatures after recent reports.,3/6/2023 12:00:00 AM,Chaman,#PakistanClimate,en,0.2529,Positive,Climate Stress,Climate,2271,536,rising temperatures,climate researchers in chaman are reporting public safety issues related to rising temperatures after recent reports.,[],[],FALSE,FALSE,6.375,"['climate', 'researchers', 'in', 'chaman', 'are', 'reporting', 'public', 'safety', 'issues', 'related', 'to', 'rising', 'temperatures', 'after', 'recent', 'reports', '.']","['climate', 'researchers', 'chaman', 'reporting', 'public', 'safety', 'issues', 'related', 'rising', 'temperatures', 'recent', 'reports', '.']","['climate', 'researchers', 'chaman', 'reporting', 'public', 'safety', 'issues', 'related', 'rising', 'temperatures', 'recent', 'reports']","['climate', 'researcher', 'chaman', 'reporting', 'public', 'safety', 'issue', 'related', 'rising', 'temperature', 'recent', 'report']",climate researcher chaman reporting public safety issue related rising temperature recent report,12,12,Climate Awareness,Climate Change
TWT132,user_393455,Residents in Nowshera have noticed environmental challenges related to air pollution after recent reports.,2/21/2024 12:00:00 AM,Nowshera,#GlobalWarming,en,0.04632,Neutral,Health Hazard,Climate,1795,8350,air pollution,residents in nowshera have noticed environmental challenges related to air pollution after recent reports.,[],[],FALSE,FALSE,6.642857143,"['residents', 'in', 'nowshera', 'have', 'noticed', 'environmental', 'challenges', 'related', 'to', 'air', 'pollution', 'after', 'recent', 'reports', '.']","['residents', 'nowshera', 'noticed', 'environmental', 'challenges', 'related', 'air', 'pollution', 'recent', 'reports', '.']","['residents', 'nowshera', 'noticed', 'environmental', 'challenges', 'related', 'air', 'pollution', 'recent', 'reports']","['resident', 'nowshera', 'noticed', 'environmental', 'challenge', 'related', 'air', 'pollution', 'recent', 'report']",resident nowshera noticed environmental challenge related air pollution recent report,10,10,Environmental Awareness,Pollution
TWT133,user_885388,Health officials in Larkana are reporting environmental challenges related to smog due to changing climate patterns.,7/27/2020 12:00:00 AM,Larkana,#PakistanClimate,en,-0.16078,Negative,Health Hazard,Climate,3366,3730,smog,health officials in larkana are reporting environmental challenges related to smog due to changing climate patterns.,[],[],FALSE,FALSE,6.3125,"['health', 'officials', 'in', 'larkana', 'are', 'reporting', 'environmental', 'challenges', 'related', 'to', 'smog', 'due', 'to', 'changing', 'climate', 'patterns', '.']","['health', 'officials', 'larkana', 'reporting', 'environmental', 'challenges', 'related', 'smog', 'due', 'changing', 'climate', 'patterns', '.']","['health', 'officials', 'larkana', 'reporting', 'environmental', 'challenges', 'related', 'smog', 'due', 'changing', 'climate', 'patterns']","['health', 'official', 'larkana', 'reporting', 'environmental', 'challenge', 'related', 'smog', 'due', 'changing', 'climate', 'pattern']",health official larkana reporting environmental challenge related smog due changing climate pattern,12,12,Health Hazard,Pollution
TWT134,user_467205,Citizens in Zhob are experiencing public safety issues related to water scarcity during ongoing environmental changes.,12/25/2019 12:00:00 AM,Zhob,#ClimateChange,en,0.2529,Positive,Resource Crisis,Climate,1992,1870,water scarcity,citizens in zhob are experiencing public safety issues related to water scarcity during ongoing environmental changes.,[],[],FALSE,FALSE,6.4375,"['citizens', 'in', 'zhob', 'are', 'experiencing', 'public', 'safety', 'issues', 'related', 'to', 'water', 'scarcity', 'during', 'ongoing', 'environmental', 'changes', '.']","['citizens', 'zhob', 'experiencing', 'public', 'safety', 'issues', 'related', 'water', 'scarcity', 'ongoing', 'environmental', 'changes', '.']","['citizens', 'zhob', 'experiencing', 'public', 'safety', 'issues', 'related', 'water', 'scarcity', 'ongoing', 'environmental', 'changes']","['citizen', 'zhob', 'experiencing', 'public', 'safety', 'issue', 'related', 'water', 'scarcity', 'ongoing', 'environmental', 'change']",citizen zhob experiencing public safety issue related water scarcity ongoing environmental change,12,12,Resource Discussion,Resource Issue
TWT135,user_460026,Climate researchers in Rawalpindi are experiencing long-term effects related to air pollution in recent months.,1/17/2021 12:00:00 AM,Rawalpindi,#GlobalWarming,en,0,Neutral,Health Hazard,Climate,3086,8174,air pollution,climate researchers in rawalpindi are experiencing long-term effects related to air pollution in recent months.,[],[],FALSE,FALSE,6.466666667,"['climate', 'researchers', 'in', 'rawalpindi', 'are', 'experiencing', 'long-term', 'effects', 'related', 'to', 'air', 'pollution', 'in', 'recent', 'months', '.']","['climate', 'researchers', 'rawalpindi', 'experiencing', 'long-term', 'effects', 'related', 'air', 'pollution', 'recent', 'months', '.']","['climate', 'researchers', 'rawalpindi', 'experiencing', 'long-term', 'effects', 'related', 'air', 'pollution', 'recent', 'months']","['climate', 'researcher', 'rawalpindi', 'experiencing', 'long-term', 'effect', 'related', 'air', 'pollution', 'recent', 'month']",climate researcher rawalpindi experiencing long-term effect related air pollution recent month,11,11,Environmental Awareness,Pollution
TWT136,user_409295,Climate researchers in Thatta are discussing environmental challenges related to heavy rainfall in recent months.,3/10/2024 12:00:00 AM,Thatta,#Smog,en,0.019653333,Neutral,Disaster Risk,Climate,4324,8090,heavy rainfall,climate researchers in thatta are discussing environmental challenges related to heavy rainfall in recent months.,[],[],FALSE,FALSE,6.6,"['climate', 'researchers', 'in', 'thatta', 'are', 'discussing', 'environmental', 'challenges', 'related', 'to', 'heavy', 'rainfall', 'in', 'recent', 'months', '.']","['climate', 'researchers', 'thatta', 'discussing', 'environmental', 'challenges', 'related', 'heavy', 'rainfall', 'recent', 'months', '.']","['climate', 'researchers', 'thatta', 'discussing', 'environmental', 'challenges', 'related', 'heavy', 'rainfall', 'recent', 'months']","['climate', 'researcher', 'thatta', 'discussing', 'environmental', 'challenge', 'related', 'heavy', 'rainfall', 'recent', 'month']",climate researcher thatta discussing environmental challenge related heavy rainfall recent month,11,11,General Disaster Discussion,Disaster
TWT137,user_532476,Local communities in Islamabad are raising concerns about health risks related to rising temperatures during ongoing environmental changes.,7/16/2024 12:00:00 AM,Islamabad,#Environment,en,-0.16392,Negative,Climate Stress,Climate,1042,1025,rising temperatures,local communities in islamabad are raising concerns about health risks related to rising temperatures during ongoing environmental changes.,[],[],FALSE,FALSE,6.777777778,"['local', 'communities', 'in', 'islamabad', 'are', 'raising', 'concerns', 'about', 'health', 'risks', 'related', 'to', 'rising', 'temperatures', 'during', 'ongoing', 'environmental', 'changes', '.']","['local', 'communities', 'islamabad', 'raising', 'concerns', 'health', 'risks', 'related', 'rising', 'temperatures', 'ongoing', 'environmental', 'changes', '.']","['local', 'communities', 'islamabad', 'raising', 'concerns', 'health', 'risks', 'related', 'rising', 'temperatures', 'ongoing', 'environmental', 'changes']","['local', 'community', 'islamabad', 'raising', 'concern', 'health', 'risk', 'related', 'rising', 'temperature', 'ongoing', 'environmental', 'change']",local community islamabad raising concern health risk related rising temperature ongoing environmental change,13,13,Climate Stress,Climate Change
TWT138,user_708265,Local communities in Chaman are discussing public safety issues related to flooding after recent reports.,10/2/2021 12:00:00 AM,Chaman,#PakistanClimate,en,0.2529,Positive,Disaster Risk,Climate,2586,8014,flooding,local communities in chaman are discussing public safety issues related to flooding after recent reports.,[],[],FALSE,FALSE,6.066666667,"['local', 'communities', 'in', 'chaman', 'are', 'discussing', 'public', 'safety', 'issues', 'related', 'to', 'flooding', 'after', 'recent', 'reports', '.']","['local', 'communities', 'chaman', 'discussing', 'public', 'safety', 'issues', 'related', 'flooding', 'recent', 'reports', '.']","['local', 'communities', 'chaman', 'discussing', 'public', 'safety', 'issues', 'related', 'flooding', 'recent', 'reports']","['local', 'community', 'chaman', 'discussing', 'public', 'safety', 'issue', 'related', 'flooding', 'recent', 'report']",local community chaman discussing public safety issue related flooding recent report,11,11,General Disaster Discussion,Disaster
TWT139,user_307940,Environmental experts in Faisalabad are experiencing serious impacts related to smog as weather conditions shift.,12/1/2021 12:00:00 AM,Faisalabad,#Smog,en,-0.283386667,Negative,Health Hazard,Climate,3055,3393,smog,environmental experts in faisalabad are experiencing serious impacts related to smog as weather conditions shift.,[],[],FALSE,FALSE,6.6,"['environmental', 'experts', 'in', 'faisalabad', 'are', 'experiencing', 'serious', 'impacts', 'related', 'to', 'smog', 'as', 'weather', 'conditions', 'shift', '.']","['environmental', 'experts', 'faisalabad', 'experiencing', 'serious', 'impacts', 'related', 'smog', 'weather', 'conditions', 'shift', '.']","['environmental', 'experts', 'faisalabad', 'experiencing', 'serious', 'impacts', 'related', 'smog', 'weather', 'conditions', 'shift']","['environmental', 'expert', 'faisalabad', 'experiencing', 'serious', 'impact', 'related', 'smog', 'weather', 'condition', 'shift']",environmental expert faisalabad experiencing serious impact related smog weather condition shift,11,11,Health Hazard,Pollution
TWT140,user_119882,Health officials in Islamabad are raising concerns about environmental challenges related to air pollution after recent reports.,10/10/2023 12:00:00 AM,Islamabad,#GlobalWarming,en,0.04632,Neutral,Health Hazard,Climate,3491,3992,air pollution,health officials in islamabad are raising concerns about environmental challenges related to air pollution after recent reports.,[],[],FALSE,FALSE,6.588235294,"['health', 'officials', 'in', 'islamabad', 'are', 'raising', 'concerns', 'about', 'environmental', 'challenges', 'related', 'to', 'air', 'pollution', 'after', 'recent', 'reports', '.']","['health', 'officials', 'islamabad', 'raising', 'concerns', 'environmental', 'challenges', 'related', 'air', 'pollution', 'recent', 'reports', '.']","['health', 'officials', 'islamabad', 'raising', 'concerns', 'environmental', 'challenges', 'related', 'air', 'pollution', 'recent', 'reports']","['health', 'official', 'islamabad', 'raising', 'concern', 'environmental', 'challenge', 'related', 'air', 'pollution', 'recent', 'report']",health official islamabad raising concern environmental challenge related air pollution recent report,12,12,Environmental Awareness,Pollution
TWT141,user_657955,Citizens in Quetta are observing economic pressure related to climate change due to changing climate patterns.,2/2/2019 12:00:00 AM,Quetta,#Environment,en,-0.1676,Negative,Climate Concern,Climate,3611,7280,climate change,citizens in quetta are observing economic pressure related to climate change due to changing climate patterns.,[],[],FALSE,FALSE,5.9375,"['citizens', 'in', 'quetta', 'are', 'observing', 'economic', 'pressure', 'related', 'to', 'climate', 'change', 'due', 'to', 'changing', 'climate', 'patterns', '.']","['citizens', 'quetta', 'observing', 'economic', 'pressure', 'related', 'climate', 'change', 'due', 'changing', 'climate', 'patterns', '.']","['citizens', 'quetta', 'observing', 'economic', 'pressure', 'related', 'climate', 'change', 'due', 'changing', 'climate', 'patterns']","['citizen', 'quetta', 'observing', 'economic', 'pressure', 'related', 'climate', 'change', 'due', 'changing', 'climate', 'pattern']",citizen quetta observing economic pressure related climate change due changing climate pattern,12,11,Climate Stress,Climate Change
TWT142,user_503595,Residents in Nawabshah are observing health risks related to drought due to changing climate patterns.,1/30/2018 12:00:00 AM,Nawabshah,#Smog,en,-0.18892,Negative,Resource Crisis,Climate,531,9298,drought,residents in nawabshah are observing health risks related to drought due to changing climate patterns.,[],[],FALSE,FALSE,5.866666667,"['residents', 'in', 'nawabshah', 'are', 'observing', 'health', 'risks', 'related', 'to', 'drought', 'due', 'to', 'changing', 'climate', 'patterns', '.']","['residents', 'nawabshah', 'observing', 'health', 'risks', 'related', 'drought', 'due', 'changing', 'climate', 'patterns', '.']","['residents', 'nawabshah', 'observing', 'health', 'risks', 'related', 'drought', 'due', 'changing', 'climate', 'patterns']","['resident', 'nawabshah', 'observing', 'health', 'risk', 'related', 'drought', 'due', 'changing', 'climate', 'pattern']",resident nawabshah observing health risk related drought due changing climate pattern,11,11,Severe Disaster Concern,Disaster
TWT143,user_341732,Environmental experts in Islamabad are experiencing long-term effects related to flooding during ongoing environmental changes.,9/9/2023 12:00:00 AM,Islamabad,#Environment,en,0,Neutral,Disaster Risk,Climate,3629,2861,flooding,environmental experts in islamabad are experiencing long-term effects related to flooding during ongoing environmental changes.,[],[],FALSE,FALSE,7.533333333,"['environmental', 'experts', 'in', 'islamabad', 'are', 'experiencing', 'long-term', 'effects', 'related', 'to', 'flooding', 'during', 'ongoing', 'environmental', 'changes', '.']","['environmental', 'experts', 'islamabad', 'experiencing', 'long-term', 'effects', 'related', 'flooding', 'ongoing', 'environmental', 'changes', '.']","['environmental', 'experts', 'islamabad', 'experiencing', 'long-term', 'effects', 'related', 'flooding', 'ongoing', 'environmental', 'changes']","['environmental', 'expert', 'islamabad', 'experiencing', 'long-term', 'effect', 'related', 'flooding', 'ongoing', 'environmental', 'change']",environmental expert islamabad experiencing long-term effect related flooding ongoing environmental change,11,10,General Disaster Discussion,Disaster
TWT144,user_14389,Citizens in Islamabad are experiencing serious impacts related to heavy rainfall after recent reports.,3/5/2024 12:00:00 AM,Islamabad,#ClimateChange,en,-0.099653333,Neutral,Disaster Risk,Climate,1329,5424,heavy rainfall,citizens in islamabad are experiencing serious impacts related to heavy rainfall after recent reports.,[],[],FALSE,FALSE,6.357142857,"['citizens', 'in', 'islamabad', 'are', 'experiencing', 'serious', 'impacts', 'related', 'to', 'heavy', 'rainfall', 'after', 'recent', 'reports', '.']","['citizens', 'islamabad', 'experiencing', 'serious', 'impacts', 'related', 'heavy', 'rainfall', 'recent', 'reports', '.']","['citizens', 'islamabad', 'experiencing', 'serious', 'impacts', 'related', 'heavy', 'rainfall', 'recent', 'reports']","['citizen', 'islamabad', 'experiencing', 'serious', 'impact', 'related', 'heavy', 'rainfall', 'recent', 'report']",citizen islamabad experiencing serious impact related heavy rainfall recent report,10,10,Severe Disaster Concern,Disaster
TWT145,user_858100,Residents in Islamabad have noticed long-term effects related to climate change in recent months.,1/20/2025 12:00:00 AM,Islamabad,#GlobalWarming,en,0,Neutral,Climate Concern,Climate,1816,3053,climate change,residents in islamabad have noticed long-term effects related to climate change in recent months.,[],[],FALSE,FALSE,6,"['residents', 'in', 'islamabad', 'have', 'noticed', 'long-term', 'effects', 'related', 'to', 'climate', 'change', 'in', 'recent', 'months', '.']","['residents', 'islamabad', 'noticed', 'long-term', 'effects', 'related', 'climate', 'change', 'recent', 'months', '.']","['residents', 'islamabad', 'noticed', 'long-term', 'effects', 'related', 'climate', 'change', 'recent', 'months']","['resident', 'islamabad', 'noticed', 'long-term', 'effect', 'related', 'climate', 'change', 'recent', 'month']",resident islamabad noticed long-term effect related climate change recent month,10,10,Climate Awareness,Climate Change
TWT146,user_578521,Residents in Gujranwala are observing economic pressure related to heatwave during ongoing environmental changes.,2/9/2025 12:00:00 AM,Gujranwala,#Smog,en,-0.1376,Negative,Climate Stress,Climate,4043,3247,heatwave,residents in gujranwala are observing economic pressure related to heatwave during ongoing environmental changes.,[],[],FALSE,FALSE,7.142857143,"['residents', 'in', 'gujranwala', 'are', 'observing', 'economic', 'pressure', 'related', 'to', 'heatwave', 'during', 'ongoing', 'environmental', 'changes', '.']","['residents', 'gujranwala', 'observing', 'economic', 'pressure', 'related', 'heatwave', 'ongoing', 'environmental', 'changes', '.']","['residents', 'gujranwala', 'observing', 'economic', 'pressure', 'related', 'heatwave', 'ongoing', 'environmental', 'changes']","['resident', 'gujranwala', 'observing', 'economic', 'pressure', 'related', 'heatwave', 'ongoing', 'environmental', 'change']",resident gujranwala observing economic pressure related heatwave ongoing environmental change,10,10,Severe Disaster Concern,Disaster
TWT147,user_549475,Climate researchers in Larkana are raising concerns about serious impacts related to air pollution in recent months.,6/5/2022 12:00:00 AM,Larkana,#Floods,en,-0.090764444,Neutral,Health Hazard,Climate,1026,7902,air pollution,climate researchers in larkana are raising concerns about serious impacts related to air pollution in recent months.,[],[],FALSE,FALSE,5.882352941,"['climate', 'researchers', 'in', 'larkana', 'are', 'raising', 'concerns', 'about', 'serious', 'impacts', 'related', 'to', 'air', 'pollution', 'in', 'recent', 'months', '.']","['climate', 'researchers', 'larkana', 'raising', 'concerns', 'serious', 'impacts', 'related', 'air', 'pollution', 'recent', 'months', '.']","['climate', 'researchers', 'larkana', 'raising', 'concerns', 'serious', 'impacts', 'related', 'air', 'pollution', 'recent', 'months']","['climate', 'researcher', 'larkana', 'raising', 'concern', 'serious', 'impact', 'related', 'air', 'pollution', 'recent', 'month']",climate researcher larkana raising concern serious impact related air pollution recent month,12,12,Health Hazard,Pollution
TWT148,user_305835,Citizens in Larkana are discussing long-term effects related to climate change due to changing climate patterns.,12/4/2024 12:00:00 AM,Larkana,#GlobalWarming,en,-0.025,Neutral,Climate Concern,Climate,1672,6318,climate change,citizens in larkana are discussing long-term effects related to climate change due to changing climate patterns.,[],[],FALSE,FALSE,6.0625,"['citizens', 'in', 'larkana', 'are', 'discussing', 'long-term', 'effects', 'related', 'to', 'climate', 'change', 'due', 'to', 'changing', 'climate', 'patterns', '.']","['citizens', 'larkana', 'discussing', 'long-term', 'effects', 'related', 'climate', 'change', 'due', 'changing', 'climate', 'patterns', '.']","['citizens', 'larkana', 'discussing', 'long-term', 'effects', 'related', 'climate', 'change', 'due', 'changing', 'climate', 'patterns']","['citizen', 'larkana', 'discussing', 'long-term', 'effect', 'related', 'climate', 'change', 'due', 'changing', 'climate', 'pattern']",citizen larkana discussing long-term effect related climate change due changing climate pattern,12,11,Climate Stress,Climate Change
TWT149,user_948811,Climate researchers in Abbottabad are raising concerns about environmental challenges related to extreme weather as weather conditions shift.,3/23/2022 12:00:00 AM,Abbottabad,#Floods,en,0.02132,Neutral,Climate Concern,Climate,4890,2723,extreme weather,climate researchers in abbottabad are raising concerns about environmental challenges related to extreme weather as weather conditions shift.,[],[],FALSE,FALSE,6.888888889,"['climate', 'researchers', 'in', 'abbottabad', 'are', 'raising', 'concerns', 'about', 'environmental', 'challenges', 'related', 'to', 'extreme', 'weather', 'as', 'weather', 'conditions', 'shift', '.']","['climate', 'researchers', 'abbottabad', 'raising', 'concerns', 'environmental', 'challenges', 'related', 'extreme', 'weather', 'weather', 'conditions', 'shift', '.']","['climate', 'researchers', 'abbottabad', 'raising', 'concerns', 'environmental', 'challenges', 'related', 'extreme', 'weather', 'weather', 'conditions', 'shift']","['climate', 'researcher', 'abbottabad', 'raising', 'concern', 'environmental', 'challenge', 'related', 'extreme', 'weather', 'weather', 'condition', 'shift']",climate researcher abbottabad raising concern environmental challenge related extreme weather weather condition shift,13,12,Positive Environmental Outlook,General
TWT150,user_347836,Health officials in Charsadda have noticed public safety issues related to water scarcity in recent months.,1/10/2021 12:00:00 AM,Charsadda,#ClimateChange,en,0.2529,Positive,Resource Crisis,Climate,4863,9707,water scarcity,health officials in charsadda have noticed public safety issues related to water scarcity in recent months.,[],[],FALSE,FALSE,5.75,"['health', 'officials', 'in', 'charsadda', 'have', 'noticed', 'public', 'safety', 'issues', 'related', 'to', 'water', 'scarcity', 'in', 'recent', 'months', '.']","['health', 'officials', 'charsadda', 'noticed', 'public', 'safety', 'issues', 'related', 'water', 'scarcity', 'recent', 'months', '.']","['health', 'officials', 'charsadda', 'noticed', 'public', 'safety', 'issues', 'related', 'water', 'scarcity', 'recent', 'months']","['health', 'official', 'charsadda', 'noticed', 'public', 'safety', 'issue', 'related', 'water', 'scarcity', 'recent', 'month']",health official charsadda noticed public safety issue related water scarcity recent month,12,12,Resource Discussion,Resource Issue
TWT151,user_39832,Health officials in Swabi are discussing public safety issues related to drought after recent reports.,2/6/2021 12:00:00 AM,Swabi,#PakistanClimate,en,0.2529,Positive,Resource Crisis,Climate,3126,4206,drought,health officials in swabi are discussing public safety issues related to drought after recent reports.,[],[],FALSE,FALSE,5.866666667,"['health', 'officials', 'in', 'swabi', 'are', 'discussing', 'public', 'safety', 'issues', 'related', 'to', 'drought', 'after', 'recent', 'reports', '.']","['health', 'officials', 'swabi', 'discussing', 'public', 'safety', 'issues', 'related', 'drought', 'recent', 'reports', '.']","['health', 'officials', 'swabi', 'discussing', 'public', 'safety', 'issues', 'related', 'drought', 'recent', 'reports']","['health', 'official', 'swabi', 'discussing', 'public', 'safety', 'issue', 'related', 'drought', 'recent', 'report']",health official swabi discussing public safety issue related drought recent report,11,11,General Disaster Discussion,Disaster
TWT152,user_836250,Residents in Islamabad are experiencing health risks related to air pollution as weather conditions shift.,5/6/2024 12:00:00 AM,Islamabad,#PakistanClimate,en,-0.16392,Negative,Health Hazard,Climate,340,2208,air pollution,residents in islamabad are experiencing health risks related to air pollution as weather conditions shift.,[],[],FALSE,FALSE,6.133333333,"['residents', 'in', 'islamabad', 'are', 'experiencing', 'health', 'risks', 'related', 'to', 'air', 'pollution', 'as', 'weather', 'conditions', 'shift', '.']","['residents', 'islamabad', 'experiencing', 'health', 'risks', 'related', 'air', 'pollution', 'weather', 'conditions', 'shift', '.']","['residents', 'islamabad', 'experiencing', 'health', 'risks', 'related', 'air', 'pollution', 'weather', 'conditions', 'shift']","['resident', 'islamabad', 'experiencing', 'health', 'risk', 'related', 'air', 'pollution', 'weather', 'condition', 'shift']",resident islamabad experiencing health risk related air pollution weather condition shift,11,11,Health Hazard,Pollution
TWT153,user_977865,Climate researchers in Islamabad are experiencing long-term effects related to heatwave during ongoing environmental changes.,11/22/2025 12:00:00 AM,Islamabad,#GlobalWarming,en,0,Neutral,Climate Stress,Climate,1931,1932,heatwave,climate researchers in islamabad are experiencing long-term effects related to heatwave during ongoing environmental changes.,[],[],FALSE,FALSE,7.4,"['climate', 'researchers', 'in', 'islamabad', 'are', 'experiencing', 'long-term', 'effects', 'related', 'to', 'heatwave', 'during', 'ongoing', 'environmental', 'changes', '.']","['climate', 'researchers', 'islamabad', 'experiencing', 'long-term', 'effects', 'related', 'heatwave', 'ongoing', 'environmental', 'changes', '.']","['climate', 'researchers', 'islamabad', 'experiencing', 'long-term', 'effects', 'related', 'heatwave', 'ongoing', 'environmental', 'changes']","['climate', 'researcher', 'islamabad', 'experiencing', 'long-term', 'effect', 'related', 'heatwave', 'ongoing', 'environmental', 'change']",climate researcher islamabad experiencing long-term effect related heatwave ongoing environmental change,11,11,General Disaster Discussion,Disaster
TWT154,user_486179,Citizens in Thatta are experiencing environmental challenges related to smog after recent reports.,10/24/2024 12:00:00 AM,Thatta,#PakistanClimate,en,-0.13578,Negative,Health Hazard,Climate,2006,4622,smog,citizens in thatta are experiencing environmental challenges related to smog after recent reports.,[],[],FALSE,FALSE,6.615384615,"['citizens', 'in', 'thatta', 'are', 'experiencing', 'environmental', 'challenges', 'related', 'to', 'smog', 'after', 'recent', 'reports', '.']","['citizens', 'thatta', 'experiencing', 'environmental', 'challenges', 'related', 'smog', 'recent', 'reports', '.']","['citizens', 'thatta', 'experiencing', 'environmental', 'challenges', 'related', 'smog', 'recent', 'reports']","['citizen', 'thatta', 'experiencing', 'environmental', 'challenge', 'related', 'smog', 'recent', 'report']",citizen thatta experiencing environmental challenge related smog recent report,9,9,Health Hazard,Pollution
TWT155,user_566206,Health officials in Thatta have noticed long-term effects related to air pollution in recent months.,6/12/2019 12:00:00 AM,Thatta,#ClimateChange,en,0,Neutral,Health Hazard,Climate,1519,9350,air pollution,health officials in thatta have noticed long-term effects related to air pollution in recent months.,[],[],FALSE,FALSE,5.733333333,"['health', 'officials', 'in', 'thatta', 'have', 'noticed', 'long-term', 'effects', 'related', 'to', 'air', 'pollution', 'in', 'recent', 'months', '.']","['health', 'officials', 'thatta', 'noticed', 'long-term', 'effects', 'related', 'air', 'pollution', 'recent', 'months', '.']","['health', 'officials', 'thatta', 'noticed', 'long-term', 'effects', 'related', 'air', 'pollution', 'recent', 'months']","['health', 'official', 'thatta', 'noticed', 'long-term', 'effect', 'related', 'air', 'pollution', 'recent', 'month']",health official thatta noticed long-term effect related air pollution recent month,11,11,Environmental Awareness,Pollution
TWT156,user_320831,Environmental experts in Faisalabad are observing health risks related to rising temperatures due to changing climate patterns.,2/7/2018 12:00:00 AM,Faisalabad,#Heatwave,en,-0.18892,Negative,Climate Stress,Climate,4162,5138,rising temperatures,environmental experts in faisalabad are observing health risks related to rising temperatures due to changing climate patterns.,[],[],FALSE,FALSE,6.529411765,"['environmental', 'experts', 'in', 'faisalabad', 'are', 'observing', 'health', 'risks', 'related', 'to', 'rising', 'temperatures', 'due', 'to', 'changing', 'climate', 'patterns', '.']","['environmental', 'experts', 'faisalabad', 'observing', 'health', 'risks', 'related', 'rising', 'temperatures', 'due', 'changing', 'climate', 'patterns', '.']","['environmental', 'experts', 'faisalabad', 'observing', 'health', 'risks', 'related', 'rising', 'temperatures', 'due', 'changing', 'climate', 'patterns']","['environmental', 'expert', 'faisalabad', 'observing', 'health', 'risk', 'related', 'rising', 'temperature', 'due', 'changing', 'climate', 'pattern']",environmental expert faisalabad observing health risk related rising temperature due changing climate pattern,13,13,Climate Stress,Climate Change
TWT157,user_575852,Local communities in Rawalpindi have noticed public safety issues related to heavy rainfall during ongoing environmental changes.,2/20/2022 12:00:00 AM,Rawalpindi,#PakistanClimate,en,0.2329,Positive,Disaster Risk,Climate,1878,7337,heavy rainfall,local communities in rawalpindi have noticed public safety issues related to heavy rainfall during ongoing environmental changes.,[],[],FALSE,FALSE,6.647058824,"['local', 'communities', 'in', 'rawalpindi', 'have', 'noticed', 'public', 'safety', 'issues', 'related', 'to', 'heavy', 'rainfall', 'during', 'ongoing', 'environmental', 'changes', '.']","['local', 'communities', 'rawalpindi', 'noticed', 'public', 'safety', 'issues', 'related', 'heavy', 'rainfall', 'ongoing', 'environmental', 'changes', '.']","['local', 'communities', 'rawalpindi', 'noticed', 'public', 'safety', 'issues', 'related', 'heavy', 'rainfall', 'ongoing', 'environmental', 'changes']","['local', 'community', 'rawalpindi', 'noticed', 'public', 'safety', 'issue', 'related', 'heavy', 'rainfall', 'ongoing', 'environmental', 'change']",local community rawalpindi noticed public safety issue related heavy rainfall ongoing environmental change,13,13,Disaster Relief / Recovery,Disaster
TWT158,user_924040,Urban planners in Jacobabad have noticed health risks related to climate change due to changing climate patterns.,6/28/2022 12:00:00 AM,Jacobabad,#ClimateChange,en,-0.180586667,Negative,Climate Concern,Climate,410,9923,climate change,urban planners in jacobabad have noticed health risks related to climate change due to changing climate patterns.,[],[],FALSE,FALSE,5.705882353,"['urban', 'planners', 'in', 'jacobabad', 'have', 'noticed', 'health', 'risks', 'related', 'to', 'climate', 'change', 'due', 'to', 'changing', 'climate', 'patterns', '.']","['urban', 'planners', 'jacobabad', 'noticed', 'health', 'risks', 'related', 'climate', 'change', 'due', 'changing', 'climate', 'patterns', '.']","['urban', 'planners', 'jacobabad', 'noticed', 'health', 'risks', 'related', 'climate', 'change', 'due', 'changing', 'climate', 'patterns']","['urban', 'planner', 'jacobabad', 'noticed', 'health', 'risk', 'related', 'climate', 'change', 'due', 'changing', 'climate', 'pattern']",urban planner jacobabad noticed health risk related climate change due changing climate pattern,13,12,Climate Stress,Climate Change
TWT159,user_942774,Local communities in Larkana are experiencing health risks related to air pollution due to changing climate patterns.,4/9/2023 12:00:00 AM,Larkana,#ClimateChange,en,-0.180586667,Negative,Health Hazard,Climate,541,2237,air pollution,local communities in larkana are experiencing health risks related to air pollution due to changing climate patterns.,[],[],FALSE,FALSE,5.941176471,"['local', 'communities', 'in', 'larkana', 'are', 'experiencing', 'health', 'risks', 'related', 'to', 'air', 'pollution', 'due', 'to', 'changing', 'climate', 'patterns', '.']","['local', 'communities', 'larkana', 'experiencing', 'health', 'risks', 'related', 'air', 'pollution', 'due', 'changing', 'climate', 'patterns', '.']","['local', 'communities', 'larkana', 'experiencing', 'health', 'risks', 'related', 'air', 'pollution', 'due', 'changing', 'climate', 'patterns']","['local', 'community', 'larkana', 'experiencing', 'health', 'risk', 'related', 'air', 'pollution', 'due', 'changing', 'climate', 'pattern']",local community larkana experiencing health risk related air pollution due changing climate pattern,13,13,Health Hazard,Pollution
TWT160,user_487467,Health officials in Kasur are reporting long-term effects related to rising temperatures as weather conditions shift.,4/4/2018 12:00:00 AM,Kasur,#Smog,en,0,Neutral,Climate Stress,Climate,4844,1597,rising temperatures,health officials in kasur are reporting long-term effects related to rising temperatures as weather conditions shift.,[],[],FALSE,FALSE,6.375,"['health', 'officials', 'in', 'kasur', 'are', 'reporting', 'long-term', 'effects', 'related', 'to', 'rising', 'temperatures', 'as', 'weather', 'conditions', 'shift', '.']","['health', 'officials', 'kasur', 'reporting', 'long-term', 'effects', 'related', 'rising', 'temperatures', 'weather', 'conditions', 'shift', '.']","['health', 'officials', 'kasur', 'reporting', 'long-term', 'effects', 'related', 'rising', 'temperatures', 'weather', 'conditions', 'shift']","['health', 'official', 'kasur', 'reporting', 'long-term', 'effect', 'related', 'rising', 'temperature', 'weather', 'condition', 'shift']",health official kasur reporting long-term effect related rising temperature weather condition shift,12,12,Climate Awareness,Climate Change
TWT161,user_277281,Citizens in Chiniot are discussing health risks related to flooding after recent reports.,1/11/2023 12:00:00 AM,Chiniot,#PakistanClimate,en,-0.16392,Negative,Disaster Risk,Climate,575,9702,flooding,citizens in chiniot are discussing health risks related to flooding after recent reports.,[],[],FALSE,FALSE,5.923076923,"['citizens', 'in', 'chiniot', 'are', 'discussing', 'health', 'risks', 'related', 'to', 'flooding', 'after', 'recent', 'reports', '.']","['citizens', 'chiniot', 'discussing', 'health', 'risks', 'related', 'flooding', 'recent', 'reports', '.']","['citizens', 'chiniot', 'discussing', 'health', 'risks', 'related', 'flooding', 'recent', 'reports']","['citizen', 'chiniot', 'discussing', 'health', 'risk', 'related', 'flooding', 'recent', 'report']",citizen chiniot discussing health risk related flooding recent report,9,9,Severe Disaster Concern,Disaster
TWT162,user_625464,Citizens in Karachi have noticed public safety issues related to flooding as weather conditions shift.,12/30/2022 12:00:00 AM,Karachi,#Floods,en,0.2529,Positive,Disaster Risk,Climate,1667,8286,flooding,citizens in karachi have noticed public safety issues related to flooding as weather conditions shift.,[],[],FALSE,FALSE,5.866666667,"['citizens', 'in', 'karachi', 'have', 'noticed', 'public', 'safety', 'issues', 'related', 'to', 'flooding', 'as', 'weather', 'conditions', 'shift', '.']","['citizens', 'karachi', 'noticed', 'public', 'safety', 'issues', 'related', 'flooding', 'weather', 'conditions', 'shift', '.']","['citizens', 'karachi', 'noticed', 'public', 'safety', 'issues', 'related', 'flooding', 'weather', 'conditions', 'shift']","['citizen', 'karachi', 'noticed', 'public', 'safety', 'issue', 'related', 'flooding', 'weather', 'condition', 'shift']",citizen karachi noticed public safety issue related flooding weather condition shift,11,11,Disaster Relief / Recovery,Disaster
TWT163,user_668846,Environmental experts in Turbat are experiencing economic pressure related to flooding due to changing climate patterns.,11/6/2022 12:00:00 AM,Turbat,#Smog,en,-0.1676,Negative,Disaster Risk,Climate,785,17,flooding,environmental experts in turbat are experiencing economic pressure related to flooding due to changing climate patterns.,[],[],FALSE,FALSE,6.5625,"['environmental', 'experts', 'in', 'turbat', 'are', 'experiencing', 'economic', 'pressure', 'related', 'to', 'flooding', 'due', 'to', 'changing', 'climate', 'patterns', '.']","['environmental', 'experts', 'turbat', 'experiencing', 'economic', 'pressure', 'related', 'flooding', 'due', 'changing', 'climate', 'patterns', '.']","['environmental', 'experts', 'turbat', 'experiencing', 'economic', 'pressure', 'related', 'flooding', 'due', 'changing', 'climate', 'patterns']","['environmental', 'expert', 'turbat', 'experiencing', 'economic', 'pressure', 'related', 'flooding', 'due', 'changing', 'climate', 'pattern']",environmental expert turbat experiencing economic pressure related flooding due changing climate pattern,12,12,Severe Disaster Concern,Disaster
TWT164,user_747049,Urban planners in Turbat are reporting public safety issues related to smog during ongoing environmental changes.,9/16/2021 12:00:00 AM,Turbat,#Floods,en,0.09186,Neutral,Health Hazard,Climate,997,61,smog,urban planners in turbat are reporting public safety issues related to smog during ongoing environmental changes.,[],[],FALSE,FALSE,6.125,"['urban', 'planners', 'in', 'turbat', 'are', 'reporting', 'public', 'safety', 'issues', 'related', 'to', 'smog', 'during', 'ongoing', 'environmental', 'changes', '.']","['urban', 'planners', 'turbat', 'reporting', 'public', 'safety', 'issues', 'related', 'smog', 'ongoing', 'environmental', 'changes', '.']","['urban', 'planners', 'turbat', 'reporting', 'public', 'safety', 'issues', 'related', 'smog', 'ongoing', 'environmental', 'changes']","['urban', 'planner', 'turbat', 'reporting', 'public', 'safety', 'issue', 'related', 'smog', 'ongoing', 'environmental', 'change']",urban planner turbat reporting public safety issue related smog ongoing environmental change,12,12,Environmental Awareness,Pollution
TWT165,user_27304,Urban planners in Sukkur are experiencing public safety issues related to smog in recent months.,10/18/2021 12:00:00 AM,Sukkur,#Floods,en,0.09186,Neutral,Health Hazard,Climate,3578,5742,smog,urban planners in sukkur are experiencing public safety issues related to smog in recent months.,[],[],FALSE,FALSE,5.466666667,"['urban', 'planners', 'in', 'sukkur', 'are', 'experiencing', 'public', 'safety', 'issues', 'related', 'to', 'smog', 'in', 'recent', 'months', '.']","['urban', 'planners', 'sukkur', 'experiencing', 'public', 'safety', 'issues', 'related', 'smog', 'recent', 'months', '.']","['urban', 'planners', 'sukkur', 'experiencing', 'public', 'safety', 'issues', 'related', 'smog', 'recent', 'months']","['urban', 'planner', 'sukkur', 'experiencing', 'public', 'safety', 'issue', 'related', 'smog', 'recent', 'month']",urban planner sukkur experiencing public safety issue related smog recent month,11,11,Environmental Awareness,Pollution
TWT166,user_602807,Citizens in Nowshera have noticed long-term effects related to climate change in recent months.,6/15/2022 12:00:00 AM,Nowshera,#Floods,en,0,Neutral,Climate Concern,Climate,149,5459,climate change,citizens in nowshera have noticed long-term effects related to climate change in recent months.,[],[],FALSE,FALSE,5.857142857,"['citizens', 'in', 'nowshera', 'have', 'noticed', 'long-term', 'effects', 'related', 'to', 'climate', 'change', 'in', 'recent', 'months', '.']","['citizens', 'nowshera', 'noticed', 'long-term', 'effects', 'related', 'climate', 'change', 'recent', 'months', '.']","['citizens', 'nowshera', 'noticed', 'long-term', 'effects', 'related', 'climate', 'change', 'recent', 'months']","['citizen', 'nowshera', 'noticed', 'long-term', 'effect', 'related', 'climate', 'change', 'recent', 'month']",citizen nowshera noticed long-term effect related climate change recent month,10,10,Climate Awareness,Climate Change
TWT167,user_746357,Local communities in Rawalpindi are reporting economic pressure related to extreme weather during ongoing environmental changes.,1/11/2022 12:00:00 AM,Rawalpindi,#Smog,en,-0.1701,Negative,Climate Concern,Climate,2258,3136,extreme weather,local communities in rawalpindi are reporting economic pressure related to extreme weather during ongoing environmental changes.,[],[],FALSE,FALSE,7.0625,"['local', 'communities', 'in', 'rawalpindi', 'are', 'reporting', 'economic', 'pressure', 'related', 'to', 'extreme', 'weather', 'during', 'ongoing', 'environmental', 'changes', '.']","['local', 'communities', 'rawalpindi', 'reporting', 'economic', 'pressure', 'related', 'extreme', 'weather', 'ongoing', 'environmental', 'changes', '.']","['local', 'communities', 'rawalpindi', 'reporting', 'economic', 'pressure', 'related', 'extreme', 'weather', 'ongoing', 'environmental', 'changes']","['local', 'community', 'rawalpindi', 'reporting', 'economic', 'pressure', 'related', 'extreme', 'weather', 'ongoing', 'environmental', 'change']",local community rawalpindi reporting economic pressure related extreme weather ongoing environmental change,12,12,Negative Climate Concern,General
TWT168,user_925432,Climate researchers in Islamabad are raising concerns about environmental challenges related to drought after recent reports.,12/5/2022 12:00:00 AM,Islamabad,#Smog,en,0.04632,Neutral,Resource Crisis,Climate,1678,8879,drought,climate researchers in islamabad are raising concerns about environmental challenges related to drought after recent reports.,[],[],FALSE,FALSE,6.875,"['climate', 'researchers', 'in', 'islamabad', 'are', 'raising', 'concerns', 'about', 'environmental', 'challenges', 'related', 'to', 'drought', 'after', 'recent', 'reports', '.']","['climate', 'researchers', 'islamabad', 'raising', 'concerns', 'environmental', 'challenges', 'related', 'drought', 'recent', 'reports', '.']","['climate', 'researchers', 'islamabad', 'raising', 'concerns', 'environmental', 'challenges', 'related', 'drought', 'recent', 'reports']","['climate', 'researcher', 'islamabad', 'raising', 'concern', 'environmental', 'challenge', 'related', 'drought', 'recent', 'report']",climate researcher islamabad raising concern environmental challenge related drought recent report,11,11,General Disaster Discussion,Disaster
TWT169,user_882950,Residents in Bahawalpur are reporting environmental challenges related to climate change as weather conditions shift.,9/25/2019 12:00:00 AM,Bahawalpur,#Smog,en,0.04632,Neutral,Climate Concern,Climate,1016,7125,climate change,residents in bahawalpur are reporting environmental challenges related to climate change as weather conditions shift.,[],[],FALSE,FALSE,6.866666667,"['residents', 'in', 'bahawalpur', 'are', 'reporting', 'environmental', 'challenges', 'related', 'to', 'climate', 'change', 'as', 'weather', 'conditions', 'shift', '.']","['residents', 'bahawalpur', 'reporting', 'environmental', 'challenges', 'related', 'climate', 'change', 'weather', 'conditions', 'shift', '.']","['residents', 'bahawalpur', 'reporting', 'environmental', 'challenges', 'related', 'climate', 'change', 'weather', 'conditions', 'shift']","['resident', 'bahawalpur', 'reporting', 'environmental', 'challenge', 'related', 'climate', 'change', 'weather', 'condition', 'shift']",resident bahawalpur reporting environmental challenge related climate change weather condition shift,11,11,Climate Awareness,Climate Change
TWT170,user_479655,Residents in Nowshera are discussing serious impacts related to drought during ongoing environmental changes.,12/18/2018 12:00:00 AM,Nowshera,#GlobalWarming,en,-0.112986667,Neutral,Resource Crisis,Climate,4931,2464,drought,residents in nowshera are discussing serious impacts related to drought during ongoing environmental changes.,[],[],FALSE,FALSE,6.857142857,"['residents', 'in', 'nowshera', 'are', 'discussing', 'serious', 'impacts', 'related', 'to', 'drought', 'during', 'ongoing', 'environmental', 'changes', '.']","['residents', 'nowshera', 'discussing', 'serious', 'impacts', 'related', 'drought', 'ongoing', 'environmental', 'changes', '.']","['residents', 'nowshera', 'discussing', 'serious', 'impacts', 'related', 'drought', 'ongoing', 'environmental', 'changes']","['resident', 'nowshera', 'discussing', 'serious', 'impact', 'related', 'drought', 'ongoing', 'environmental', 'change']",resident nowshera discussing serious impact related drought ongoing environmental change,10,10,Severe Disaster Concern,Disaster
TWT171,user_545455,Environmental experts in Swabi are observing economic pressure related to smog as weather conditions shift.,10/1/2022 12:00:00 AM,Swabi,#Heatwave,en,-0.27602,Negative,Health Hazard,Climate,1500,525,smog,environmental experts in swabi are observing economic pressure related to smog as weather conditions shift.,[],[],FALSE,FALSE,6.2,"['environmental', 'experts', 'in', 'swabi', 'are', 'observing', 'economic', 'pressure', 'related', 'to', 'smog', 'as', 'weather', 'conditions', 'shift', '.']","['environmental', 'experts', 'swabi', 'observing', 'economic', 'pressure', 'related', 'smog', 'weather', 'conditions', 'shift', '.']","['environmental', 'experts', 'swabi', 'observing', 'economic', 'pressure', 'related', 'smog', 'weather', 'conditions', 'shift']","['environmental', 'expert', 'swabi', 'observing', 'economic', 'pressure', 'related', 'smog', 'weather', 'condition', 'shift']",environmental expert swabi observing economic pressure related smog weather condition shift,11,11,Health Hazard,Pollution
TWT172,user_844573,Local communities in Mansehra have noticed economic pressure related to water scarcity due to changing climate patterns.,10/27/2025 12:00:00 AM,Mansehra,#Environment,en,-0.1701,Negative,Resource Crisis,Climate,1507,7302,water scarcity,local communities in mansehra have noticed economic pressure related to water scarcity due to changing climate patterns.,[],[],FALSE,FALSE,6.117647059,"['local', 'communities', 'in', 'mansehra', 'have', 'noticed', 'economic', 'pressure', 'related', 'to', 'water', 'scarcity', 'due', 'to', 'changing', 'climate', 'patterns', '.']","['local', 'communities', 'mansehra', 'noticed', 'economic', 'pressure', 'related', 'water', 'scarcity', 'due', 'changing', 'climate', 'patterns', '.']","['local', 'communities', 'mansehra', 'noticed', 'economic', 'pressure', 'related', 'water', 'scarcity', 'due', 'changing', 'climate', 'patterns']","['local', 'community', 'mansehra', 'noticed', 'economic', 'pressure', 'related', 'water', 'scarcity', 'due', 'changing', 'climate', 'pattern']",local community mansehra noticed economic pressure related water scarcity due changing climate pattern,13,13,Resource Crisis,Resource Issue
TWT173,user_680202,Urban planners in Islamabad are experiencing health risks related to extreme weather due to changing climate patterns.,12/24/2021 12:00:00 AM,Islamabad,#PakistanClimate,en,-0.18892,Negative,Climate Concern,Climate,1547,4839,extreme weather,urban planners in islamabad are experiencing health risks related to extreme weather due to changing climate patterns.,[],[],FALSE,FALSE,6,"['urban', 'planners', 'in', 'islamabad', 'are', 'experiencing', 'health', 'risks', 'related', 'to', 'extreme', 'weather', 'due', 'to', 'changing', 'climate', 'patterns', '.']","['urban', 'planners', 'islamabad', 'experiencing', 'health', 'risks', 'related', 'extreme', 'weather', 'due', 'changing', 'climate', 'patterns', '.']","['urban', 'planners', 'islamabad', 'experiencing', 'health', 'risks', 'related', 'extreme', 'weather', 'due', 'changing', 'climate', 'patterns']","['urban', 'planner', 'islamabad', 'experiencing', 'health', 'risk', 'related', 'extreme', 'weather', 'due', 'changing', 'climate', 'pattern']",urban planner islamabad experiencing health risk related extreme weather due changing climate pattern,13,13,Negative Climate Concern,General
TWT174,user_717693,Urban planners in Islamabad are experiencing environmental challenges related to heavy rainfall due to changing climate patterns.,3/26/2021 12:00:00 AM,Islamabad,#ClimateChange,en,0.01382,Neutral,Disaster Risk,Climate,4963,219,heavy rainfall,urban planners in islamabad are experiencing environmental challenges related to heavy rainfall due to changing climate patterns.,[],[],FALSE,FALSE,6.647058824,"['urban', 'planners', 'in', 'islamabad', 'are', 'experiencing', 'environmental', 'challenges', 'related', 'to', 'heavy', 'rainfall', 'due', 'to', 'changing', 'climate', 'patterns', '.']","['urban', 'planners', 'islamabad', 'experiencing', 'environmental', 'challenges', 'related', 'heavy', 'rainfall', 'due', 'changing', 'climate', 'patterns', '.']","['urban', 'planners', 'islamabad', 'experiencing', 'environmental', 'challenges', 'related', 'heavy', 'rainfall', 'due', 'changing', 'climate', 'patterns']","['urban', 'planner', 'islamabad', 'experiencing', 'environmental', 'challenge', 'related', 'heavy', 'rainfall', 'due', 'changing', 'climate', 'pattern']",urban planner islamabad experiencing environmental challenge related heavy rainfall due changing climate pattern,13,13,General Disaster Discussion,Disaster
TWT175,user_334356,Urban planners in Sheikhupura have noticed economic pressure related to flooding during ongoing environmental changes.,8/16/2019 12:00:00 AM,Sheikhupura,#PakistanClimate,en,-0.150933333,Negative,Disaster Risk,Climate,2800,3868,flooding,urban planners in sheikhupura have noticed economic pressure related to flooding during ongoing environmental changes.,[],[],FALSE,FALSE,6.933333333,"['urban', 'planners', 'in', 'sheikhupura', 'have', 'noticed', 'economic', 'pressure', 'related', 'to', 'flooding', 'during', 'ongoing', 'environmental', 'changes', '.']","['urban', 'planners', 'sheikhupura', 'noticed', 'economic', 'pressure', 'related', 'flooding', 'ongoing', 'environmental', 'changes', '.']","['urban', 'planners', 'sheikhupura', 'noticed', 'economic', 'pressure', 'related', 'flooding', 'ongoing', 'environmental', 'changes']","['urban', 'planner', 'sheikhupura', 'noticed', 'economic', 'pressure', 'related', 'flooding', 'ongoing', 'environmental', 'change']",urban planner sheikhupura noticed economic pressure related flooding ongoing environmental change,11,11,Severe Disaster Concern,Disaster
TWT176,user_306153,Environmental experts in Peshawar are raising concerns about serious impacts related to water scarcity after recent reports.,2/21/2023 12:00:00 AM,Peshawar,#Heatwave,en,-0.090764444,Neutral,Resource Crisis,Climate,2669,4282,water scarcity,environmental experts in peshawar are raising concerns about serious impacts related to water scarcity after recent reports.,[],[],FALSE,FALSE,6.352941176,"['environmental', 'experts', 'in', 'peshawar', 'are', 'raising', 'concerns', 'about', 'serious', 'impacts', 'related', 'to', 'water', 'scarcity', 'after', 'recent', 'reports', '.']","['environmental', 'experts', 'peshawar', 'raising', 'concerns', 'serious', 'impacts', 'related', 'water', 'scarcity', 'recent', 'reports', '.']","['environmental', 'experts', 'peshawar', 'raising', 'concerns', 'serious', 'impacts', 'related', 'water', 'scarcity', 'recent', 'reports']","['environmental', 'expert', 'peshawar', 'raising', 'concern', 'serious', 'impact', 'related', 'water', 'scarcity', 'recent', 'report']",environmental expert peshawar raising concern serious impact related water scarcity recent report,12,12,Resource Crisis,Resource Issue
TWT177,user_858658,Urban planners in Sibi are reporting public safety issues related to water scarcity after recent reports.,8/23/2025 12:00:00 AM,Sibi,#Environment,en,0.2529,Positive,Resource Crisis,Climate,2607,2086,water scarcity,urban planners in sibi are reporting public safety issues related to water scarcity after recent reports.,[],[],FALSE,FALSE,5.625,"['urban', 'planners', 'in', 'sibi', 'are', 'reporting', 'public', 'safety', 'issues', 'related', 'to', 'water', 'scarcity', 'after', 'recent', 'reports', '.']","['urban', 'planners', 'sibi', 'reporting', 'public', 'safety', 'issues', 'related', 'water', 'scarcity', 'recent', 'reports', '.']","['urban', 'planners', 'sibi', 'reporting', 'public', 'safety', 'issues', 'related', 'water', 'scarcity', 'recent', 'reports']","['urban', 'planner', 'sibi', 'reporting', 'public', 'safety', 'issue', 'related', 'water', 'scarcity', 'recent', 'report']",urban planner sibi reporting public safety issue related water scarcity recent report,12,12,Resource Discussion,Resource Issue
TWT178,user_233140,Residents in Kasur are reporting economic pressure related to water scarcity as weather conditions shift.,12/1/2022 12:00:00 AM,Kasur,#Smog,en,-0.1376,Negative,Resource Crisis,Climate,4808,9951,water scarcity,residents in kasur are reporting economic pressure related to water scarcity as weather conditions shift.,[],[],FALSE,FALSE,6.066666667,"['residents', 'in', 'kasur', 'are', 'reporting', 'economic', 'pressure', 'related', 'to', 'water', 'scarcity', 'as', 'weather', 'conditions', 'shift', '.']","['residents', 'kasur', 'reporting', 'economic', 'pressure', 'related', 'water', 'scarcity', 'weather', 'conditions', 'shift', '.']","['residents', 'kasur', 'reporting', 'economic', 'pressure', 'related', 'water', 'scarcity', 'weather', 'conditions', 'shift']","['resident', 'kasur', 'reporting', 'economic', 'pressure', 'related', 'water', 'scarcity', 'weather', 'condition', 'shift']",resident kasur reporting economic pressure related water scarcity weather condition shift,11,11,Resource Crisis,Resource Issue
TWT179,user_636338,Urban planners in Khuzdar are observing long-term effects related to smog as weather conditions shift.,12/10/2025 12:00:00 AM,Khuzdar,#Floods,en,-0.1776,Negative,Health Hazard,Climate,2919,5355,smog,urban planners in khuzdar are observing long-term effects related to smog as weather conditions shift.,[],[],FALSE,FALSE,5.866666667,"['urban', 'planners', 'in', 'khuzdar', 'are', 'observing', 'long-term', 'effects', 'related', 'to', 'smog', 'as', 'weather', 'conditions', 'shift', '.']","['urban', 'planners', 'khuzdar', 'observing', 'long-term', 'effects', 'related', 'smog', 'weather', 'conditions', 'shift', '.']","['urban', 'planners', 'khuzdar', 'observing', 'long-term', 'effects', 'related', 'smog', 'weather', 'conditions', 'shift']","['urban', 'planner', 'khuzdar', 'observing', 'long-term', 'effect', 'related', 'smog', 'weather', 'condition', 'shift']",urban planner khuzdar observing long-term effect related smog weather condition shift,11,11,Health Hazard,Pollution
TWT180,user_795888,Citizens in Islamabad are raising concerns about health risks related to air pollution after recent reports.,3/20/2021 12:00:00 AM,Islamabad,#GlobalWarming,en,-0.16392,Negative,Health Hazard,Climate,604,9014,air pollution,citizens in islamabad are raising concerns about health risks related to air pollution after recent reports.,[],[],FALSE,FALSE,5.8125,"['citizens', 'in', 'islamabad', 'are', 'raising', 'concerns', 'about', 'health', 'risks', 'related', 'to', 'air', 'pollution', 'after', 'recent', 'reports', '.']","['citizens', 'islamabad', 'raising', 'concerns', 'health', 'risks', 'related', 'air', 'pollution', 'recent', 'reports', '.']","['citizens', 'islamabad', 'raising', 'concerns', 'health', 'risks', 'related', 'air', 'pollution', 'recent', 'reports']","['citizen', 'islamabad', 'raising', 'concern', 'health', 'risk', 'related', 'air', 'pollution', 'recent', 'report']",citizen islamabad raising concern health risk related air pollution recent report,11,11,Health Hazard,Pollution
TWT181,user_631487,Climate researchers in Larkana are reporting long-term effects related to smog as weather conditions shift.,5/23/2018 12:00:00 AM,Larkana,#Environment,en,-0.1776,Negative,Health Hazard,Climate,1283,3090,smog,climate researchers in larkana are reporting long-term effects related to smog as weather conditions shift.,[],[],FALSE,FALSE,6.2,"['climate', 'researchers', 'in', 'larkana', 'are', 'reporting', 'long-term', 'effects', 'related', 'to', 'smog', 'as', 'weather', 'conditions', 'shift', '.']","['climate', 'researchers', 'larkana', 'reporting', 'long-term', 'effects', 'related', 'smog', 'weather', 'conditions', 'shift', '.']","['climate', 'researchers', 'larkana', 'reporting', 'long-term', 'effects', 'related', 'smog', 'weather', 'conditions', 'shift']","['climate', 'researcher', 'larkana', 'reporting', 'long-term', 'effect', 'related', 'smog', 'weather', 'condition', 'shift']",climate researcher larkana reporting long-term effect related smog weather condition shift,11,11,Health Hazard,Pollution
TWT182,user_945352,Urban planners in Swabi have noticed serious impacts related to heavy rainfall in recent months.,10/12/2018 12:00:00 AM,Swabi,#Heatwave,en,-0.088986667,Neutral,Disaster Risk,Climate,912,5802,heavy rainfall,urban planners in swabi have noticed serious impacts related to heavy rainfall in recent months.,[],[],FALSE,FALSE,5.466666667,"['urban', 'planners', 'in', 'swabi', 'have', 'noticed', 'serious', 'impacts', 'related', 'to', 'heavy', 'rainfall', 'in', 'recent', 'months', '.']","['urban', 'planners', 'swabi', 'noticed', 'serious', 'impacts', 'related', 'heavy', 'rainfall', 'recent', 'months', '.']","['urban', 'planners', 'swabi', 'noticed', 'serious', 'impacts', 'related', 'heavy', 'rainfall', 'recent', 'months']","['urban', 'planner', 'swabi', 'noticed', 'serious', 'impact', 'related', 'heavy', 'rainfall', 'recent', 'month']",urban planner swabi noticed serious impact related heavy rainfall recent month,11,11,Severe Disaster Concern,Disaster
TWT183,user_789020,Citizens in Sargodha are raising concerns about environmental challenges related to heavy rainfall as weather conditions shift.,12/17/2019 12:00:00 AM,Sargodha,#Floods,en,0.00632,Neutral,Disaster Risk,Climate,3206,4036,heavy rainfall,citizens in sargodha are raising concerns about environmental challenges related to heavy rainfall as weather conditions shift.,[],[],FALSE,FALSE,6.529411765,"['citizens', 'in', 'sargodha', 'are', 'raising', 'concerns', 'about', 'environmental', 'challenges', 'related', 'to', 'heavy', 'rainfall', 'as', 'weather', 'conditions', 'shift', '.']","['citizens', 'sargodha', 'raising', 'concerns', 'environmental', 'challenges', 'related', 'heavy', 'rainfall', 'weather', 'conditions', 'shift', '.']","['citizens', 'sargodha', 'raising', 'concerns', 'environmental', 'challenges', 'related', 'heavy', 'rainfall', 'weather', 'conditions', 'shift']","['citizen', 'sargodha', 'raising', 'concern', 'environmental', 'challenge', 'related', 'heavy', 'rainfall', 'weather', 'condition', 'shift']",citizen sargodha raising concern environmental challenge related heavy rainfall weather condition shift,12,12,General Disaster Discussion,Disaster
TWT184,user_393033,Local communities in Nawabshah are observing public safety issues related to extreme weather after recent reports.,5/12/2018 12:00:00 AM,Nawabshah,#GlobalWarming,en,0.2429,Positive,Climate Concern,Climate,721,431,extreme weather,local communities in nawabshah are observing public safety issues related to extreme weather after recent reports.,[],[],FALSE,FALSE,6.1875,"['local', 'communities', 'in', 'nawabshah', 'are', 'observing', 'public', 'safety', 'issues', 'related', 'to', 'extreme', 'weather', 'after', 'recent', 'reports', '.']","['local', 'communities', 'nawabshah', 'observing', 'public', 'safety', 'issues', 'related', 'extreme', 'weather', 'recent', 'reports', '.']","['local', 'communities', 'nawabshah', 'observing', 'public', 'safety', 'issues', 'related', 'extreme', 'weather', 'recent', 'reports']","['local', 'community', 'nawabshah', 'observing', 'public', 'safety', 'issue', 'related', 'extreme', 'weather', 'recent', 'report']",local community nawabshah observing public safety issue related extreme weather recent report,12,12,Positive Environmental Outlook,General
TWT185,user_439841,Citizens in Jacobabad are experiencing economic pressure related to water scarcity during ongoing environmental changes.,7/4/2023 12:00:00 AM,Jacobabad,#Heatwave,en,-0.1376,Negative,Resource Crisis,Climate,4611,3323,water scarcity,citizens in jacobabad are experiencing economic pressure related to water scarcity during ongoing environmental changes.,[],[],FALSE,FALSE,7.066666667,"['citizens', 'in', 'jacobabad', 'are', 'experiencing', 'economic', 'pressure', 'related', 'to', 'water', 'scarcity', 'during', 'ongoing', 'environmental', 'changes', '.']","['citizens', 'jacobabad', 'experiencing', 'economic', 'pressure', 'related', 'water', 'scarcity', 'ongoing', 'environmental', 'changes', '.']","['citizens', 'jacobabad', 'experiencing', 'economic', 'pressure', 'related', 'water', 'scarcity', 'ongoing', 'environmental', 'changes']","['citizen', 'jacobabad', 'experiencing', 'economic', 'pressure', 'related', 'water', 'scarcity', 'ongoing', 'environmental', 'change']",citizen jacobabad experiencing economic pressure related water scarcity ongoing environmental change,11,11,Resource Crisis,Resource Issue
TWT186,user_282447,Health officials in Panjgur are raising concerns about serious impacts related to smog as weather conditions shift.,6/16/2024 12:00:00 AM,Panjgur,#Environment,en,-0.283386667,Negative,Health Hazard,Climate,1566,7600,smog,health officials in panjgur are raising concerns about serious impacts related to smog as weather conditions shift.,[],[],FALSE,FALSE,5.823529412,"['health', 'officials', 'in', 'panjgur', 'are', 'raising', 'concerns', 'about', 'serious', 'impacts', 'related', 'to', 'smog', 'as', 'weather', 'conditions', 'shift', '.']","['health', 'officials', 'panjgur', 'raising', 'concerns', 'serious', 'impacts', 'related', 'smog', 'weather', 'conditions', 'shift', '.']","['health', 'officials', 'panjgur', 'raising', 'concerns', 'serious', 'impacts', 'related', 'smog', 'weather', 'conditions', 'shift']","['health', 'official', 'panjgur', 'raising', 'concern', 'serious', 'impact', 'related', 'smog', 'weather', 'condition', 'shift']",health official panjgur raising concern serious impact related smog weather condition shift,12,12,Health Hazard,Pollution
TWT187,user_505882,Climate researchers in Peshawar are observing public safety issues related to heavy rainfall in recent months.,1/22/2021 12:00:00 AM,Peshawar,#Floods,en,0.2329,Positive,Disaster Risk,Climate,833,7482,heavy rainfall,climate researchers in peshawar are observing public safety issues related to heavy rainfall in recent months.,[],[],FALSE,FALSE,5.9375,"['climate', 'researchers', 'in', 'peshawar', 'are', 'observing', 'public', 'safety', 'issues', 'related', 'to', 'heavy', 'rainfall', 'in', 'recent', 'months', '.']","['climate', 'researchers', 'peshawar', 'observing', 'public', 'safety', 'issues', 'related', 'heavy', 'rainfall', 'recent', 'months', '.']","['climate', 'researchers', 'peshawar', 'observing', 'public', 'safety', 'issues', 'related', 'heavy', 'rainfall', 'recent', 'months']","['climate', 'researcher', 'peshawar', 'observing', 'public', 'safety', 'issue', 'related', 'heavy', 'rainfall', 'recent', 'month']",climate researcher peshawar observing public safety issue related heavy rainfall recent month,12,12,General Disaster Discussion,Disaster
TWT188,user_169143,Environmental experts in Islamabad are reporting serious impacts related to water scarcity during ongoing environmental changes.,2/1/2020 12:00:00 AM,Islamabad,#GlobalWarming,en,-0.112986667,Neutral,Resource Crisis,Climate,3396,8732,water scarcity,environmental experts in islamabad are reporting serious impacts related to water scarcity during ongoing environmental changes.,[],[],FALSE,FALSE,7.0625,"['environmental', 'experts', 'in', 'islamabad', 'are', 'reporting', 'serious', 'impacts', 'related', 'to', 'water', 'scarcity', 'during', 'ongoing', 'environmental', 'changes', '.']","['environmental', 'experts', 'islamabad', 'reporting', 'serious', 'impacts', 'related', 'water', 'scarcity', 'ongoing', 'environmental', 'changes', '.']","['environmental', 'experts', 'islamabad', 'reporting', 'serious', 'impacts', 'related', 'water', 'scarcity', 'ongoing', 'environmental', 'changes']","['environmental', 'expert', 'islamabad', 'reporting', 'serious', 'impact', 'related', 'water', 'scarcity', 'ongoing', 'environmental', 'change']",environmental expert islamabad reporting serious impact related water scarcity ongoing environmental change,12,11,Resource Crisis,Resource Issue
TWT189,user_534623,Urban planners in Gwadar are reporting public safety issues related to air pollution after recent reports.,1/1/2025 12:00:00 AM,Gwadar,#Environment,en,0.2529,Positive,Health Hazard,Climate,3502,5140,air pollution,urban planners in gwadar are reporting public safety issues related to air pollution after recent reports.,[],[],FALSE,FALSE,5.6875,"['urban', 'planners', 'in', 'gwadar', 'are', 'reporting', 'public', 'safety', 'issues', 'related', 'to', 'air', 'pollution', 'after', 'recent', 'reports', '.']","['urban', 'planners', 'gwadar', 'reporting', 'public', 'safety', 'issues', 'related', 'air', 'pollution', 'recent', 'reports', '.']","['urban', 'planners', 'gwadar', 'reporting', 'public', 'safety', 'issues', 'related', 'air', 'pollution', 'recent', 'reports']","['urban', 'planner', 'gwadar', 'reporting', 'public', 'safety', 'issue', 'related', 'air', 'pollution', 'recent', 'report']",urban planner gwadar reporting public safety issue related air pollution recent report,12,12,Environmental Awareness,Pollution
TWT190,user_842412,Health officials in Lahore are raising concerns about serious impacts related to drought due to changing climate patterns.,2/14/2023 12:00:00 AM,Lahore,#ClimateChange,en,-0.107431111,Neutral,Resource Crisis,Climate,4119,9750,drought,health officials in lahore are raising concerns about serious impacts related to drought due to changing climate patterns.,[],[],FALSE,FALSE,5.833333333,"['health', 'officials', 'in', 'lahore', 'are', 'raising', 'concerns', 'about', 'serious', 'impacts', 'related', 'to', 'drought', 'due', 'to', 'changing', 'climate', 'patterns', '.']","['health', 'officials', 'lahore', 'raising', 'concerns', 'serious', 'impacts', 'related', 'drought', 'due', 'changing', 'climate', 'patterns', '.']","['health', 'officials', 'lahore', 'raising', 'concerns', 'serious', 'impacts', 'related', 'drought', 'due', 'changing', 'climate', 'patterns']","['health', 'official', 'lahore', 'raising', 'concern', 'serious', 'impact', 'related', 'drought', 'due', 'changing', 'climate', 'pattern']",health official lahore raising concern serious impact related drought due changing climate pattern,13,13,Severe Disaster Concern,Disaster
TWT191,user_320901,Local communities in Bannu are reporting long-term effects related to water scarcity due to changing climate patterns.,1/19/2024 12:00:00 AM,Bannu,#Smog,en,-0.016666667,Neutral,Resource Crisis,Climate,2055,5147,water scarcity,local communities in bannu are reporting long-term effects related to water scarcity due to changing climate patterns.,[],[],FALSE,FALSE,6,"['local', 'communities', 'in', 'bannu', 'are', 'reporting', 'long-term', 'effects', 'related', 'to', 'water', 'scarcity', 'due', 'to', 'changing', 'climate', 'patterns', '.']","['local', 'communities', 'bannu', 'reporting', 'long-term', 'effects', 'related', 'water', 'scarcity', 'due', 'changing', 'climate', 'patterns', '.']","['local', 'communities', 'bannu', 'reporting', 'long-term', 'effects', 'related', 'water', 'scarcity', 'due', 'changing', 'climate', 'patterns']","['local', 'community', 'bannu', 'reporting', 'long-term', 'effect', 'related', 'water', 'scarcity', 'due', 'changing', 'climate', 'pattern']",local community bannu reporting long-term effect related water scarcity due changing climate pattern,13,13,Resource Crisis,Resource Issue
TWT192,user_213340,Citizens in Swat are observing economic pressure related to drought during ongoing environmental changes.,7/19/2019 12:00:00 AM,Swat,#ClimateChange,en,-0.1376,Negative,Resource Crisis,Climate,2817,8280,drought,citizens in swat are observing economic pressure related to drought during ongoing environmental changes.,[],[],FALSE,FALSE,6.571428571,"['citizens', 'in', 'swat', 'are', 'observing', 'economic', 'pressure', 'related', 'to', 'drought', 'during', 'ongoing', 'environmental', 'changes', '.']","['citizens', 'swat', 'observing', 'economic', 'pressure', 'related', 'drought', 'ongoing', 'environmental', 'changes', '.']","['citizens', 'swat', 'observing', 'economic', 'pressure', 'related', 'drought', 'ongoing', 'environmental', 'changes']","['citizen', 'swat', 'observing', 'economic', 'pressure', 'related', 'drought', 'ongoing', 'environmental', 'change']",citizen swat observing economic pressure related drought ongoing environmental change,10,10,Severe Disaster Concern,Disaster
TWT193,user_655931,Environmental experts in Mansehra are experiencing health risks related to heavy rainfall due to changing climate patterns.,12/3/2022 12:00:00 AM,Mansehra,#Heatwave,en,-0.207253333,Negative,Disaster Risk,Climate,3832,6232,heavy rainfall,environmental experts in mansehra are experiencing health risks related to heavy rainfall due to changing climate patterns.,[],[],FALSE,FALSE,6.294117647,"['environmental', 'experts', 'in', 'mansehra', 'are', 'experiencing', 'health', 'risks', 'related', 'to', 'heavy', 'rainfall', 'due', 'to', 'changing', 'climate', 'patterns', '.']","['environmental', 'experts', 'mansehra', 'experiencing', 'health', 'risks', 'related', 'heavy', 'rainfall', 'due', 'changing', 'climate', 'patterns', '.']","['environmental', 'experts', 'mansehra', 'experiencing', 'health', 'risks', 'related', 'heavy', 'rainfall', 'due', 'changing', 'climate', 'patterns']","['environmental', 'expert', 'mansehra', 'experiencing', 'health', 'risk', 'related', 'heavy', 'rainfall', 'due', 'changing', 'climate', 'pattern']",environmental expert mansehra experiencing health risk related heavy rainfall due changing climate pattern,13,13,Severe Disaster Concern,Disaster
TWT194,user_754581,Environmental experts in Islamabad are raising concerns about economic pressure related to climate change during ongoing environmental changes.,10/1/2018 12:00:00 AM,Islamabad,#Environment,en,-0.1376,Negative,Climate Concern,Climate,4069,2440,climate change,environmental experts in islamabad are raising concerns about economic pressure related to climate change during ongoing environmental changes.,[],[],FALSE,FALSE,7,"['environmental', 'experts', 'in', 'islamabad', 'are', 'raising', 'concerns', 'about', 'economic', 'pressure', 'related', 'to', 'climate', 'change', 'during', 'ongoing', 'environmental', 'changes', '.']","['environmental', 'experts', 'islamabad', 'raising', 'concerns', 'economic', 'pressure', 'related', 'climate', 'change', 'ongoing', 'environmental', 'changes', '.']","['environmental', 'experts', 'islamabad', 'raising', 'concerns', 'economic', 'pressure', 'related', 'climate', 'change', 'ongoing', 'environmental', 'changes']","['environmental', 'expert', 'islamabad', 'raising', 'concern', 'economic', 'pressure', 'related', 'climate', 'change', 'ongoing', 'environmental', 'change']",environmental expert islamabad raising concern economic pressure related climate change ongoing environmental change,13,11,Climate Stress,Climate Change
TWT195,user_162184,Citizens in Jacobabad are experiencing serious impacts related to water scarcity in recent months.,4/4/2021 12:00:00 AM,Jacobabad,#Heatwave,en,-0.090764444,Neutral,Resource Crisis,Climate,2817,1307,water scarcity,citizens in jacobabad are experiencing serious impacts related to water scarcity in recent months.,[],[],FALSE,FALSE,6.071428571,"['citizens', 'in', 'jacobabad', 'are', 'experiencing', 'serious', 'impacts', 'related', 'to', 'water', 'scarcity', 'in', 'recent', 'months', '.']","['citizens', 'jacobabad', 'experiencing', 'serious', 'impacts', 'related', 'water', 'scarcity', 'recent', 'months', '.']","['citizens', 'jacobabad', 'experiencing', 'serious', 'impacts', 'related', 'water', 'scarcity', 'recent', 'months']","['citizen', 'jacobabad', 'experiencing', 'serious', 'impact', 'related', 'water', 'scarcity', 'recent', 'month']",citizen jacobabad experiencing serious impact related water scarcity recent month,10,10,Resource Crisis,Resource Issue
TWT196,user_809573,Urban planners in Turbat have noticed health risks related to water scarcity due to changing climate patterns.,7/1/2021 12:00:00 AM,Turbat,#PakistanClimate,en,-0.180586667,Negative,Resource Crisis,Climate,3722,3036,water scarcity,urban planners in turbat have noticed health risks related to water scarcity due to changing climate patterns.,[],[],FALSE,FALSE,5.529411765,"['urban', 'planners', 'in', 'turbat', 'have', 'noticed', 'health', 'risks', 'related', 'to', 'water', 'scarcity', 'due', 'to', 'changing', 'climate', 'patterns', '.']","['urban', 'planners', 'turbat', 'noticed', 'health', 'risks', 'related', 'water', 'scarcity', 'due', 'changing', 'climate', 'patterns', '.']","['urban', 'planners', 'turbat', 'noticed', 'health', 'risks', 'related', 'water', 'scarcity', 'due', 'changing', 'climate', 'patterns']","['urban', 'planner', 'turbat', 'noticed', 'health', 'risk', 'related', 'water', 'scarcity', 'due', 'changing', 'climate', 'pattern']",urban planner turbat noticed health risk related water scarcity due changing climate pattern,13,13,Resource Crisis,Resource Issue
TWT197,user_132556,Climate researchers in Jhelum are discussing long-term effects related to flooding during ongoing environmental changes.,12/1/2023 12:00:00 AM,Jhelum,#Floods,en,0,Neutral,Disaster Risk,Climate,2330,8232,flooding,climate researchers in jhelum are discussing long-term effects related to flooding during ongoing environmental changes.,[],[],FALSE,FALSE,7.066666667,"['climate', 'researchers', 'in', 'jhelum', 'are', 'discussing', 'long-term', 'effects', 'related', 'to', 'flooding', 'during', 'ongoing', 'environmental', 'changes', '.']","['climate', 'researchers', 'jhelum', 'discussing', 'long-term', 'effects', 'related', 'flooding', 'ongoing', 'environmental', 'changes', '.']","['climate', 'researchers', 'jhelum', 'discussing', 'long-term', 'effects', 'related', 'flooding', 'ongoing', 'environmental', 'changes']","['climate', 'researcher', 'jhelum', 'discussing', 'long-term', 'effect', 'related', 'flooding', 'ongoing', 'environmental', 'change']",climate researcher jhelum discussing long-term effect related flooding ongoing environmental change,11,11,General Disaster Discussion,Disaster
TWT198,user_19044,Climate researchers in Islamabad are raising concerns about health risks related to extreme weather as weather conditions shift.,1/17/2021 12:00:00 AM,Islamabad,#PakistanClimate,en,-0.18892,Negative,Climate Concern,Climate,1969,3197,extreme weather,climate researchers in islamabad are raising concerns about health risks related to extreme weather as weather conditions shift.,[],[],FALSE,FALSE,6.166666667,"['climate', 'researchers', 'in', 'islamabad', 'are', 'raising', 'concerns', 'about', 'health', 'risks', 'related', 'to', 'extreme', 'weather', 'as', 'weather', 'conditions', 'shift', '.']","['climate', 'researchers', 'islamabad', 'raising', 'concerns', 'health', 'risks', 'related', 'extreme', 'weather', 'weather', 'conditions', 'shift', '.']","['climate', 'researchers', 'islamabad', 'raising', 'concerns', 'health', 'risks', 'related', 'extreme', 'weather', 'weather', 'conditions', 'shift']","['climate', 'researcher', 'islamabad', 'raising', 'concern', 'health', 'risk', 'related', 'extreme', 'weather', 'weather', 'condition', 'shift']",climate researcher islamabad raising concern health risk related extreme weather weather condition shift,13,12,Negative Climate Concern,General
TWT199,user_299938,Climate researchers in Mianwali are experiencing serious impacts related to water scarcity after recent reports.,1/8/2019 12:00:00 AM,Mianwali,#Smog,en,-0.090764444,Neutral,Resource Crisis,Climate,4498,1017,water scarcity,climate researchers in mianwali are experiencing serious impacts related to water scarcity after recent reports.,[],[],FALSE,FALSE,6.533333333,"['climate', 'researchers', 'in', 'mianwali', 'are', 'experiencing', 'serious', 'impacts', 'related', 'to', 'water', 'scarcity', 'after', 'recent', 'reports', '.']","['climate', 'researchers', 'mianwali', 'experiencing', 'serious', 'impacts', 'related', 'water', 'scarcity', 'recent', 'reports', '.']","['climate', 'researchers', 'mianwali', 'experiencing', 'serious', 'impacts', 'related', 'water', 'scarcity', 'recent', 'reports']","['climate', 'researcher', 'mianwali', 'experiencing', 'serious', 'impact', 'related', 'water', 'scarcity', 'recent', 'report']",climate researcher mianwali experiencing serious impact related water scarcity recent report,11,11,Resource Crisis,Resource Issue
TWT200,user_618628,Urban planners in Shikarpur are discussing public safety issues related to extreme weather after recent reports.,3/6/2022 12:00:00 AM,Shikarpur,#Heatwave,en,0.2429,Positive,Climate Concern,Climate,3201,3483,extreme weather,urban planners in shikarpur are discussing public safety issues related to extreme weather after recent reports.,[],[],FALSE,FALSE,6.0625,"['urban', 'planners', 'in', 'shikarpur', 'are', 'discussing', 'public', 'safety', 'issues', 'related', 'to', 'extreme', 'weather', 'after', 'recent', 'reports', '.']","['urban', 'planners', 'shikarpur', 'discussing', 'public', 'safety', 'issues', 'related', 'extreme', 'weather', 'recent', 'reports', '.']","['urban', 'planners', 'shikarpur', 'discussing', 'public', 'safety', 'issues', 'related', 'extreme', 'weather', 'recent', 'reports']","['urban', 'planner', 'shikarpur', 'discussing', 'public', 'safety', 'issue', 'related', 'extreme', 'weather', 'recent', 'report']",urban planner shikarpur discussing public safety issue related extreme weather recent report,12,12,Positive Environmental Outlook,General
TWT201,user_260250,Environmental experts in Mardan are reporting economic pressure related to heavy rainfall during ongoing environmental changes.,11/26/2019 12:00:00 AM,Mardan,#ClimateChange,en,-0.1776,Negative,Disaster Risk,Climate,2208,1000,heavy rainfall,environmental experts in mardan are reporting economic pressure related to heavy rainfall during ongoing environmental changes.,[],[],FALSE,FALSE,7,"['environmental', 'experts', 'in', 'mardan', 'are', 'reporting', 'economic', 'pressure', 'related', 'to', 'heavy', 'rainfall', 'during', 'ongoing', 'environmental', 'changes', '.']","['environmental', 'experts', 'mardan', 'reporting', 'economic', 'pressure', 'related', 'heavy', 'rainfall', 'ongoing', 'environmental', 'changes', '.']","['environmental', 'experts', 'mardan', 'reporting', 'economic', 'pressure', 'related', 'heavy', 'rainfall', 'ongoing', 'environmental', 'changes']","['environmental', 'expert', 'mardan', 'reporting', 'economic', 'pressure', 'related', 'heavy', 'rainfall', 'ongoing', 'environmental', 'change']",environmental expert mardan reporting economic pressure related heavy rainfall ongoing environmental change,12,11,Severe Disaster Concern,Disaster
TWT202,user_187483,Local communities in Zhob have noticed long-term effects related to heatwave during ongoing environmental changes.,2/27/2021 12:00:00 AM,Zhob,#Environment,en,0,Neutral,Climate Stress,Climate,127,4060,heatwave,local communities in zhob have noticed long-term effects related to heatwave during ongoing environmental changes.,[],[],FALSE,FALSE,6.666666667,"['local', 'communities', 'in', 'zhob', 'have', 'noticed', 'long-term', 'effects', 'related', 'to', 'heatwave', 'during', 'ongoing', 'environmental', 'changes', '.']","['local', 'communities', 'zhob', 'noticed', 'long-term', 'effects', 'related', 'heatwave', 'ongoing', 'environmental', 'changes', '.']","['local', 'communities', 'zhob', 'noticed', 'long-term', 'effects', 'related', 'heatwave', 'ongoing', 'environmental', 'changes']","['local', 'community', 'zhob', 'noticed', 'long-term', 'effect', 'related', 'heatwave', 'ongoing', 'environmental', 'change']",local community zhob noticed long-term effect related heatwave ongoing environmental change,11,11,Disaster Relief / Recovery,Disaster
TWT203,user_435869,Urban planners in Okara are raising concerns about public safety issues related to rising temperatures as weather conditions shift.,11/28/2023 12:00:00 AM,Okara,#Heatwave,en,0.2529,Positive,Climate Stress,Climate,2338,6377,rising temperatures,urban planners in okara are raising concerns about public safety issues related to rising temperatures as weather conditions shift.,[],[],FALSE,FALSE,5.947368421,"['urban', 'planners', 'in', 'okara', 'are', 'raising', 'concerns', 'about', 'public', 'safety', 'issues', 'related', 'to', 'rising', 'temperatures', 'as', 'weather', 'conditions', 'shift', '.']","['urban', 'planners', 'okara', 'raising', 'concerns', 'public', 'safety', 'issues', 'related', 'rising', 'temperatures', 'weather', 'conditions', 'shift', '.']","['urban', 'planners', 'okara', 'raising', 'concerns', 'public', 'safety', 'issues', 'related', 'rising', 'temperatures', 'weather', 'conditions', 'shift']","['urban', 'planner', 'okara', 'raising', 'concern', 'public', 'safety', 'issue', 'related', 'rising', 'temperature', 'weather', 'condition', 'shift']",urban planner okara raising concern public safety issue related rising temperature weather condition shift,14,14,Climate Awareness,Climate Change
TWT204,user_315679,Urban planners in Charsadda are discussing economic pressure related to heavy rainfall during ongoing environmental changes.,8/29/2018 12:00:00 AM,Charsadda,#ClimateChange,en,-0.1776,Negative,Disaster Risk,Climate,1283,2694,heavy rainfall,urban planners in charsadda are discussing economic pressure related to heavy rainfall during ongoing environmental changes.,[],[],FALSE,FALSE,6.8125,"['urban', 'planners', 'in', 'charsadda', 'are', 'discussing', 'economic', 'pressure', 'related', 'to', 'heavy', 'rainfall', 'during', 'ongoing', 'environmental', 'changes', '.']","['urban', 'planners', 'charsadda', 'discussing', 'economic', 'pressure', 'related', 'heavy', 'rainfall', 'ongoing', 'environmental', 'changes', '.']","['urban', 'planners', 'charsadda', 'discussing', 'economic', 'pressure', 'related', 'heavy', 'rainfall', 'ongoing', 'environmental', 'changes']","['urban', 'planner', 'charsadda', 'discussing', 'economic', 'pressure', 'related', 'heavy', 'rainfall', 'ongoing', 'environmental', 'change']",urban planner charsadda discussing economic pressure related heavy rainfall ongoing environmental change,12,12,Severe Disaster Concern,Disaster
TWT205,user_694457,Urban planners in Quetta have noticed economic pressure related to extreme weather as weather conditions shift.,12/15/2019 12:00:00 AM,Quetta,#ClimateChange,en,-0.1701,Negative,Climate Concern,Climate,4280,1495,extreme weather,urban planners in quetta have noticed economic pressure related to extreme weather as weather conditions shift.,[],[],FALSE,FALSE,6,"['urban', 'planners', 'in', 'quetta', 'have', 'noticed', 'economic', 'pressure', 'related', 'to', 'extreme', 'weather', 'as', 'weather', 'conditions', 'shift', '.']","['urban', 'planners', 'quetta', 'noticed', 'economic', 'pressure', 'related', 'extreme', 'weather', 'weather', 'conditions', 'shift', '.']","['urban', 'planners', 'quetta', 'noticed', 'economic', 'pressure', 'related', 'extreme', 'weather', 'weather', 'conditions', 'shift']","['urban', 'planner', 'quetta', 'noticed', 'economic', 'pressure', 'related', 'extreme', 'weather', 'weather', 'condition', 'shift']",urban planner quetta noticed economic pressure related extreme weather weather condition shift,12,11,Negative Climate Concern,General
TWT206,user_342287,Environmental experts in Kasur are experiencing health risks related to heavy rainfall as weather conditions shift.,9/14/2020 12:00:00 AM,Kasur,#Floods,en,-0.20392,Negative,Disaster Risk,Climate,68,3646,heavy rainfall,environmental experts in kasur are experiencing health risks related to heavy rainfall as weather conditions shift.,[],[],FALSE,FALSE,6.25,"['environmental', 'experts', 'in', 'kasur', 'are', 'experiencing', 'health', 'risks', 'related', 'to', 'heavy', 'rainfall', 'as', 'weather', 'conditions', 'shift', '.']","['environmental', 'experts', 'kasur', 'experiencing', 'health', 'risks', 'related', 'heavy', 'rainfall', 'weather', 'conditions', 'shift', '.']","['environmental', 'experts', 'kasur', 'experiencing', 'health', 'risks', 'related', 'heavy', 'rainfall', 'weather', 'conditions', 'shift']","['environmental', 'expert', 'kasur', 'experiencing', 'health', 'risk', 'related', 'heavy', 'rainfall', 'weather', 'condition', 'shift']",environmental expert kasur experiencing health risk related heavy rainfall weather condition shift,12,12,Severe Disaster Concern,Disaster
TWT207,user_412810,Citizens in Quetta are experiencing serious impacts related to rising temperatures as weather conditions shift.,10/27/2022 12:00:00 AM,Quetta,#PakistanClimate,en,-0.112986667,Neutral,Climate Stress,Climate,3466,7268,rising temperatures,citizens in quetta are experiencing serious impacts related to rising temperatures as weather conditions shift.,[],[],FALSE,FALSE,6.466666667,"['citizens', 'in', 'quetta', 'are', 'experiencing', 'serious', 'impacts', 'related', 'to', 'rising', 'temperatures', 'as', 'weather', 'conditions', 'shift', '.']","['citizens', 'quetta', 'experiencing', 'serious', 'impacts', 'related', 'rising', 'temperatures', 'weather', 'conditions', 'shift', '.']","['citizens', 'quetta', 'experiencing', 'serious', 'impacts', 'related', 'rising', 'temperatures', 'weather', 'conditions', 'shift']","['citizen', 'quetta', 'experiencing', 'serious', 'impact', 'related', 'rising', 'temperature', 'weather', 'condition', 'shift']",citizen quetta experiencing serious impact related rising temperature weather condition shift,11,11,Climate Stress,Climate Change
TWT208,user_333757,Climate researchers in Mardan are experiencing serious impacts related to rising temperatures as weather conditions shift.,10/6/2018 12:00:00 AM,Mardan,#GlobalWarming,en,-0.112986667,Neutral,Climate Stress,Climate,1292,9617,rising temperatures,climate researchers in mardan are experiencing serious impacts related to rising temperatures as weather conditions shift.,[],[],FALSE,FALSE,6.6875,"['climate', 'researchers', 'in', 'mardan', 'are', 'experiencing', 'serious', 'impacts', 'related', 'to', 'rising', 'temperatures', 'as', 'weather', 'conditions', 'shift', '.']","['climate', 'researchers', 'mardan', 'experiencing', 'serious', 'impacts', 'related', 'rising', 'temperatures', 'weather', 'conditions', 'shift', '.']","['climate', 'researchers', 'mardan', 'experiencing', 'serious', 'impacts', 'related', 'rising', 'temperatures', 'weather', 'conditions', 'shift']","['climate', 'researcher', 'mardan', 'experiencing', 'serious', 'impact', 'related', 'rising', 'temperature', 'weather', 'condition', 'shift']",climate researcher mardan experiencing serious impact related rising temperature weather condition shift,12,12,Climate Stress,Climate Change
TWT209,user_993700,Local communities in Islamabad are reporting public safety issues related to climate change due to changing climate patterns.,8/12/2023 12:00:00 AM,Islamabad,#PakistanClimate,en,0.2404,Positive,Climate Concern,Climate,1563,6790,climate change,local communities in islamabad are reporting public safety issues related to climate change due to changing climate patterns.,[],[],FALSE,FALSE,6,"['local', 'communities', 'in', 'islamabad', 'are', 'reporting', 'public', 'safety', 'issues', 'related', 'to', 'climate', 'change', 'due', 'to', 'changing', 'climate', 'patterns', '.']","['local', 'communities', 'islamabad', 'reporting', 'public', 'safety', 'issues', 'related', 'climate', 'change', 'due', 'changing', 'climate', 'patterns', '.']","['local', 'communities', 'islamabad', 'reporting', 'public', 'safety', 'issues', 'related', 'climate', 'change', 'due', 'changing', 'climate', 'patterns']","['local', 'community', 'islamabad', 'reporting', 'public', 'safety', 'issue', 'related', 'climate', 'change', 'due', 'changing', 'climate', 'pattern']",local community islamabad reporting public safety issue related climate change due changing climate pattern,14,13,Climate Awareness,Climate Change
TWT210,user_203505,Urban planners in Gwadar are reporting environmental challenges related to heavy rainfall during ongoing environmental changes.,8/24/2022 12:00:00 AM,Gwadar,#Floods,en,0.019653333,Neutral,Disaster Risk,Climate,3330,5927,heavy rainfall,urban planners in gwadar are reporting environmental challenges related to heavy rainfall during ongoing environmental changes.,[],[],FALSE,FALSE,7,"['urban', 'planners', 'in', 'gwadar', 'are', 'reporting', 'environmental', 'challenges', 'related', 'to', 'heavy', 'rainfall', 'during', 'ongoing', 'environmental', 'changes', '.']","['urban', 'planners', 'gwadar', 'reporting', 'environmental', 'challenges', 'related', 'heavy', 'rainfall', 'ongoing', 'environmental', 'changes', '.']","['urban', 'planners', 'gwadar', 'reporting', 'environmental', 'challenges', 'related', 'heavy', 'rainfall', 'ongoing', 'environmental', 'changes']","['urban', 'planner', 'gwadar', 'reporting', 'environmental', 'challenge', 'related', 'heavy', 'rainfall', 'ongoing', 'environmental', 'change']",urban planner gwadar reporting environmental challenge related heavy rainfall ongoing environmental change,12,11,General Disaster Discussion,Disaster
TWT211,user_493016,Residents in Rawalpindi are observing long-term effects related to rising temperatures during ongoing environmental changes.,7/30/2021 12:00:00 AM,Rawalpindi,#PakistanClimate,en,0,Neutral,Climate Stress,Climate,1625,7990,rising temperatures,residents in rawalpindi are observing long-term effects related to rising temperatures during ongoing environmental changes.,[],[],FALSE,FALSE,7.333333333,"['residents', 'in', 'rawalpindi', 'are', 'observing', 'long-term', 'effects', 'related', 'to', 'rising', 'temperatures', 'during', 'ongoing', 'environmental', 'changes', '.']","['residents', 'rawalpindi', 'observing', 'long-term', 'effects', 'related', 'rising', 'temperatures', 'ongoing', 'environmental', 'changes', '.']","['residents', 'rawalpindi', 'observing', 'long-term', 'effects', 'related', 'rising', 'temperatures', 'ongoing', 'environmental', 'changes']","['resident', 'rawalpindi', 'observing', 'long-term', 'effect', 'related', 'rising', 'temperature', 'ongoing', 'environmental', 'change']",resident rawalpindi observing long-term effect related rising temperature ongoing environmental change,11,11,Climate Awareness,Climate Change
TWT212,user_600776,Residents in Zhob have noticed public safety issues related to heatwave during ongoing environmental changes.,9/28/2019 12:00:00 AM,Zhob,#ClimateChange,en,0.2529,Positive,Climate Stress,Climate,18,7687,heatwave,residents in zhob have noticed public safety issues related to heatwave during ongoing environmental changes.,[],[],FALSE,FALSE,6.333333333,"['residents', 'in', 'zhob', 'have', 'noticed', 'public', 'safety', 'issues', 'related', 'to', 'heatwave', 'during', 'ongoing', 'environmental', 'changes', '.']","['residents', 'zhob', 'noticed', 'public', 'safety', 'issues', 'related', 'heatwave', 'ongoing', 'environmental', 'changes', '.']","['residents', 'zhob', 'noticed', 'public', 'safety', 'issues', 'related', 'heatwave', 'ongoing', 'environmental', 'changes']","['resident', 'zhob', 'noticed', 'public', 'safety', 'issue', 'related', 'heatwave', 'ongoing', 'environmental', 'change']",resident zhob noticed public safety issue related heatwave ongoing environmental change,11,11,Disaster Relief / Recovery,Disaster
TWT213,user_396189,Environmental experts in Islamabad have noticed environmental challenges related to flooding during ongoing environmental changes.,1/29/2020 12:00:00 AM,Islamabad,#PakistanClimate,en,0.04632,Neutral,Disaster Risk,Climate,4686,8338,flooding,environmental experts in islamabad have noticed environmental challenges related to flooding during ongoing environmental changes.,[],[],FALSE,FALSE,7.733333333,"['environmental', 'experts', 'in', 'islamabad', 'have', 'noticed', 'environmental', 'challenges', 'related', 'to', 'flooding', 'during', 'ongoing', 'environmental', 'changes', '.']","['environmental', 'experts', 'islamabad', 'noticed', 'environmental', 'challenges', 'related', 'flooding', 'ongoing', 'environmental', 'changes', '.']","['environmental', 'experts', 'islamabad', 'noticed', 'environmental', 'challenges', 'related', 'flooding', 'ongoing', 'environmental', 'changes']","['environmental', 'expert', 'islamabad', 'noticed', 'environmental', 'challenge', 'related', 'flooding', 'ongoing', 'environmental', 'change']",environmental expert islamabad noticed environmental challenge related flooding ongoing environmental change,11,9,Disaster Relief / Recovery,Disaster
TWT214,user_676634,Residents in Gujranwala have noticed serious impacts related to drought in recent months.,5/24/2018 12:00:00 AM,Gujranwala,#Floods,en,-0.090764444,Neutral,Resource Crisis,Climate,2352,8373,drought,residents in gujranwala have noticed serious impacts related to drought in recent months.,[],[],FALSE,FALSE,5.923076923,"['residents', 'in', 'gujranwala', 'have', 'noticed', 'serious', 'impacts', 'related', 'to', 'drought', 'in', 'recent', 'months', '.']","['residents', 'gujranwala', 'noticed', 'serious', 'impacts', 'related', 'drought', 'recent', 'months', '.']","['residents', 'gujranwala', 'noticed', 'serious', 'impacts', 'related', 'drought', 'recent', 'months']","['resident', 'gujranwala', 'noticed', 'serious', 'impact', 'related', 'drought', 'recent', 'month']",resident gujranwala noticed serious impact related drought recent month,9,9,Severe Disaster Concern,Disaster
TWT215,user_382245,Citizens in Mansehra are experiencing long-term effects related to heatwave after recent reports.,7/8/2019 12:00:00 AM,Mansehra,#Environment,en,0,Neutral,Climate Stress,Climate,1892,6668,heatwave,citizens in mansehra are experiencing long-term effects related to heatwave after recent reports.,[],[],FALSE,FALSE,6.538461538,"['citizens', 'in', 'mansehra', 'are', 'experiencing', 'long-term', 'effects', 'related', 'to', 'heatwave', 'after', 'recent', 'reports', '.']","['citizens', 'mansehra', 'experiencing', 'long-term', 'effects', 'related', 'heatwave', 'recent', 'reports', '.']","['citizens', 'mansehra', 'experiencing', 'long-term', 'effects', 'related', 'heatwave', 'recent', 'reports']","['citizen', 'mansehra', 'experiencing', 'long-term', 'effect', 'related', 'heatwave', 'recent', 'report']",citizen mansehra experiencing long-term effect related heatwave recent report,9,9,General Disaster Discussion,Disaster
TWT216,user_109462,Urban planners in Thatta are experiencing public safety issues related to water scarcity after recent reports.,2/26/2025 12:00:00 AM,Thatta,#PakistanClimate,en,0.2529,Positive,Resource Crisis,Climate,4359,1513,water scarcity,urban planners in thatta are experiencing public safety issues related to water scarcity after recent reports.,[],[],FALSE,FALSE,5.9375,"['urban', 'planners', 'in', 'thatta', 'are', 'experiencing', 'public', 'safety', 'issues', 'related', 'to', 'water', 'scarcity', 'after', 'recent', 'reports', '.']","['urban', 'planners', 'thatta', 'experiencing', 'public', 'safety', 'issues', 'related', 'water', 'scarcity', 'recent', 'reports', '.']","['urban', 'planners', 'thatta', 'experiencing', 'public', 'safety', 'issues', 'related', 'water', 'scarcity', 'recent', 'reports']","['urban', 'planner', 'thatta', 'experiencing', 'public', 'safety', 'issue', 'related', 'water', 'scarcity', 'recent', 'report']",urban planner thatta experiencing public safety issue related water scarcity recent report,12,12,Resource Discussion,Resource Issue
TWT217,user_470524,Urban planners in Swabi are observing health risks related to drought after recent reports.,10/30/2025 12:00:00 AM,Swabi,#Heatwave,en,-0.16392,Negative,Resource Crisis,Climate,4806,670,drought,urban planners in swabi are observing health risks related to drought after recent reports.,[],[],FALSE,FALSE,5.571428571,"['urban', 'planners', 'in', 'swabi', 'are', 'observing', 'health', 'risks', 'related', 'to', 'drought', 'after', 'recent', 'reports', '.']","['urban', 'planners', 'swabi', 'observing', 'health', 'risks', 'related', 'drought', 'recent', 'reports', '.']","['urban', 'planners', 'swabi', 'observing', 'health', 'risks', 'related', 'drought', 'recent', 'reports']","['urban', 'planner', 'swabi', 'observing', 'health', 'risk', 'related', 'drought', 'recent', 'report']",urban planner swabi observing health risk related drought recent report,10,10,Severe Disaster Concern,Disaster
TWT218,user_998437,Environmental experts in Nawabshah are raising concerns about public safety issues related to water scarcity in recent months.,10/26/2023 12:00:00 AM,Nawabshah,#Environment,en,0.2529,Positive,Resource Crisis,Climate,4340,134,water scarcity,environmental experts in nawabshah are raising concerns about public safety issues related to water scarcity in recent months.,[],[],FALSE,FALSE,6.055555556,"['environmental', 'experts', 'in', 'nawabshah', 'are', 'raising', 'concerns', 'about', 'public', 'safety', 'issues', 'related', 'to', 'water', 'scarcity', 'in', 'recent', 'months', '.']","['environmental', 'experts', 'nawabshah', 'raising', 'concerns', 'public', 'safety', 'issues', 'related', 'water', 'scarcity', 'recent', 'months', '.']","['environmental', 'experts', 'nawabshah', 'raising', 'concerns', 'public', 'safety', 'issues', 'related', 'water', 'scarcity', 'recent', 'months']","['environmental', 'expert', 'nawabshah', 'raising', 'concern', 'public', 'safety', 'issue', 'related', 'water', 'scarcity', 'recent', 'month']",environmental expert nawabshah raising concern public safety issue related water scarcity recent month,13,13,Resource Discussion,Resource Issue
TWT219,user_166319,Citizens in Sheikhupura are raising concerns about economic pressure related to flooding due to changing climate patterns.,2/7/2018 12:00:00 AM,Sheikhupura,#GlobalWarming,en,-0.1676,Negative,Disaster Risk,Climate,919,8867,flooding,citizens in sheikhupura are raising concerns about economic pressure related to flooding due to changing climate patterns.,[],[],FALSE,FALSE,6.235294118,"['citizens', 'in', 'sheikhupura', 'are', 'raising', 'concerns', 'about', 'economic', 'pressure', 'related', 'to', 'flooding', 'due', 'to', 'changing', 'climate', 'patterns', '.']","['citizens', 'sheikhupura', 'raising', 'concerns', 'economic', 'pressure', 'related', 'flooding', 'due', 'changing', 'climate', 'patterns', '.']","['citizens', 'sheikhupura', 'raising', 'concerns', 'economic', 'pressure', 'related', 'flooding', 'due', 'changing', 'climate', 'patterns']","['citizen', 'sheikhupura', 'raising', 'concern', 'economic', 'pressure', 'related', 'flooding', 'due', 'changing', 'climate', 'pattern']",citizen sheikhupura raising concern economic pressure related flooding due changing climate pattern,12,12,Severe Disaster Concern,Disaster
TWT220,user_957299,Local communities in Sibi are discussing health risks related to rising temperatures after recent reports.,8/17/2025 12:00:00 AM,Sibi,#Smog,en,-0.16392,Negative,Climate Stress,Climate,3280,6265,rising temperatures,local communities in sibi are discussing health risks related to rising temperatures after recent reports.,[],[],FALSE,FALSE,6.133333333,"['local', 'communities', 'in', 'sibi', 'are', 'discussing', 'health', 'risks', 'related', 'to', 'rising', 'temperatures', 'after', 'recent', 'reports', '.']","['local', 'communities', 'sibi', 'discussing', 'health', 'risks', 'related', 'rising', 'temperatures', 'recent', 'reports', '.']","['local', 'communities', 'sibi', 'discussing', 'health', 'risks', 'related', 'rising', 'temperatures', 'recent', 'reports']","['local', 'community', 'sibi', 'discussing', 'health', 'risk', 'related', 'rising', 'temperature', 'recent', 'report']",local community sibi discussing health risk related rising temperature recent report,11,11,Climate Stress,Climate Change
TWT221,user_784123,Citizens in Larkana are experiencing environmental challenges related to heatwave due to changing climate patterns.,10/10/2021 12:00:00 AM,Larkana,#PakistanClimate,en,0.02132,Neutral,Climate Stress,Climate,397,9113,heatwave,citizens in larkana are experiencing environmental challenges related to heatwave due to changing climate patterns.,[],[],FALSE,FALSE,6.733333333,"['citizens', 'in', 'larkana', 'are', 'experiencing', 'environmental', 'challenges', 'related', 'to', 'heatwave', 'due', 'to', 'changing', 'climate', 'patterns', '.']","['citizens', 'larkana', 'experiencing', 'environmental', 'challenges', 'related', 'heatwave', 'due', 'changing', 'climate', 'patterns', '.']","['citizens', 'larkana', 'experiencing', 'environmental', 'challenges', 'related', 'heatwave', 'due', 'changing', 'climate', 'patterns']","['citizen', 'larkana', 'experiencing', 'environmental', 'challenge', 'related', 'heatwave', 'due', 'changing', 'climate', 'pattern']",citizen larkana experiencing environmental challenge related heatwave due changing climate pattern,11,11,General Disaster Discussion,Disaster
TWT222,user_455752,Climate researchers in Islamabad are experiencing environmental challenges related to heatwave due to changing climate patterns.,12/10/2024 12:00:00 AM,Islamabad,#Floods,en,0.02132,Neutral,Climate Stress,Climate,705,9203,heatwave,climate researchers in islamabad are experiencing environmental challenges related to heatwave due to changing climate patterns.,[],[],FALSE,FALSE,7.0625,"['climate', 'researchers', 'in', 'islamabad', 'are', 'experiencing', 'environmental', 'challenges', 'related', 'to', 'heatwave', 'due', 'to', 'changing', 'climate', 'patterns', '.']","['climate', 'researchers', 'islamabad', 'experiencing', 'environmental', 'challenges', 'related', 'heatwave', 'due', 'changing', 'climate', 'patterns', '.']","['climate', 'researchers', 'islamabad', 'experiencing', 'environmental', 'challenges', 'related', 'heatwave', 'due', 'changing', 'climate', 'patterns']","['climate', 'researcher', 'islamabad', 'experiencing', 'environmental', 'challenge', 'related', 'heatwave', 'due', 'changing', 'climate', 'pattern']",climate researcher islamabad experiencing environmental challenge related heatwave due changing climate pattern,12,11,General Disaster Discussion,Disaster
TWT223,user_232367,Citizens in Jhelum are experiencing serious impacts related to flooding during ongoing environmental changes.,8/7/2025 12:00:00 AM,Jhelum,#Floods,en,-0.112986667,Neutral,Disaster Risk,Climate,1097,4467,flooding,citizens in jhelum are experiencing serious impacts related to flooding during ongoing environmental changes.,[],[],FALSE,FALSE,6.857142857,"['citizens', 'in', 'jhelum', 'are', 'experiencing', 'serious', 'impacts', 'related', 'to', 'flooding', 'during', 'ongoing', 'environmental', 'changes', '.']","['citizens', 'jhelum', 'experiencing', 'serious', 'impacts', 'related', 'flooding', 'ongoing', 'environmental', 'changes', '.']","['citizens', 'jhelum', 'experiencing', 'serious', 'impacts', 'related', 'flooding', 'ongoing', 'environmental', 'changes']","['citizen', 'jhelum', 'experiencing', 'serious', 'impact', 'related', 'flooding', 'ongoing', 'environmental', 'change']",citizen jhelum experiencing serious impact related flooding ongoing environmental change,10,10,Severe Disaster Concern,Disaster
TWT224,user_559348,Citizens in Peshawar are experiencing long-term effects related to climate change after recent reports.,5/19/2020 12:00:00 AM,Peshawar,#PakistanClimate,en,0,Neutral,Climate Concern,Climate,4301,5198,climate change,citizens in peshawar are experiencing long-term effects related to climate change after recent reports.,[],[],FALSE,FALSE,6.428571429,"['citizens', 'in', 'peshawar', 'are', 'experiencing', 'long-term', 'effects', 'related', 'to', 'climate', 'change', 'after', 'recent', 'reports', '.']","['citizens', 'peshawar', 'experiencing', 'long-term', 'effects', 'related', 'climate', 'change', 'recent', 'reports', '.']","['citizens', 'peshawar', 'experiencing', 'long-term', 'effects', 'related', 'climate', 'change', 'recent', 'reports']","['citizen', 'peshawar', 'experiencing', 'long-term', 'effect', 'related', 'climate', 'change', 'recent', 'report']",citizen peshawar experiencing long-term effect related climate change recent report,10,10,Climate Awareness,Climate Change
TWT225,user_375229,Climate researchers in Islamabad are discussing public safety issues related to extreme weather after recent reports.,6/29/2020 12:00:00 AM,Islamabad,#Environment,en,0.2404,Positive,Climate Concern,Climate,2170,7731,extreme weather,climate researchers in islamabad are discussing public safety issues related to extreme weather after recent reports.,[],[],FALSE,FALSE,6.375,"['climate', 'researchers', 'in', 'islamabad', 'are', 'discussing', 'public', 'safety', 'issues', 'related', 'to', 'extreme', 'weather', 'after', 'recent', 'reports', '.']","['climate', 'researchers', 'islamabad', 'discussing', 'public', 'safety', 'issues', 'related', 'extreme', 'weather', 'recent', 'reports', '.']","['climate', 'researchers', 'islamabad', 'discussing', 'public', 'safety', 'issues', 'related', 'extreme', 'weather', 'recent', 'reports']","['climate', 'researcher', 'islamabad', 'discussing', 'public', 'safety', 'issue', 'related', 'extreme', 'weather', 'recent', 'report']",climate researcher islamabad discussing public safety issue related extreme weather recent report,12,12,Positive Environmental Outlook,General
TWT226,user_683322,Local communities in Lahore have noticed serious impacts related to smog during ongoing environmental changes.,8/18/2018 12:00:00 AM,Lahore,#Heatwave,en,-0.261164444,Negative,Health Hazard,Climate,3416,9046,smog,local communities in lahore have noticed serious impacts related to smog during ongoing environmental changes.,[],[],FALSE,FALSE,6.4,"['local', 'communities', 'in', 'lahore', 'have', 'noticed', 'serious', 'impacts', 'related', 'to', 'smog', 'during', 'ongoing', 'environmental', 'changes', '.']","['local', 'communities', 'lahore', 'noticed', 'serious', 'impacts', 'related', 'smog', 'ongoing', 'environmental', 'changes', '.']","['local', 'communities', 'lahore', 'noticed', 'serious', 'impacts', 'related', 'smog', 'ongoing', 'environmental', 'changes']","['local', 'community', 'lahore', 'noticed', 'serious', 'impact', 'related', 'smog', 'ongoing', 'environmental', 'change']",local community lahore noticed serious impact related smog ongoing environmental change,11,11,Health Hazard,Pollution
TWT227,user_975738,Citizens in Bahawalpur have noticed public safety issues related to flooding as weather conditions shift.,7/8/2024 12:00:00 AM,Bahawalpur,#Environment,en,0.2529,Positive,Disaster Risk,Climate,4166,2642,flooding,citizens in bahawalpur have noticed public safety issues related to flooding as weather conditions shift.,[],[],FALSE,FALSE,6.066666667,"['citizens', 'in', 'bahawalpur', 'have', 'noticed', 'public', 'safety', 'issues', 'related', 'to', 'flooding', 'as', 'weather', 'conditions', 'shift', '.']","['citizens', 'bahawalpur', 'noticed', 'public', 'safety', 'issues', 'related', 'flooding', 'weather', 'conditions', 'shift', '.']","['citizens', 'bahawalpur', 'noticed', 'public', 'safety', 'issues', 'related', 'flooding', 'weather', 'conditions', 'shift']","['citizen', 'bahawalpur', 'noticed', 'public', 'safety', 'issue', 'related', 'flooding', 'weather', 'condition', 'shift']",citizen bahawalpur noticed public safety issue related flooding weather condition shift,11,11,Disaster Relief / Recovery,Disaster
TWT228,user_474690,Health officials in Islamabad are raising concerns about long-term effects related to rising temperatures in recent months.,2/15/2024 12:00:00 AM,Islamabad,#Heatwave,en,0,Neutral,Climate Stress,Climate,1901,218,rising temperatures,health officials in islamabad are raising concerns about long-term effects related to rising temperatures in recent months.,[],[],FALSE,FALSE,6.294117647,"['health', 'officials', 'in', 'islamabad', 'are', 'raising', 'concerns', 'about', 'long-term', 'effects', 'related', 'to', 'rising', 'temperatures', 'in', 'recent', 'months', '.']","['health', 'officials', 'islamabad', 'raising', 'concerns', 'long-term', 'effects', 'related', 'rising', 'temperatures', 'recent', 'months', '.']","['health', 'officials', 'islamabad', 'raising', 'concerns', 'long-term', 'effects', 'related', 'rising', 'temperatures', 'recent', 'months']","['health', 'official', 'islamabad', 'raising', 'concern', 'long-term', 'effect', 'related', 'rising', 'temperature', 'recent', 'month']",health official islamabad raising concern long-term effect related rising temperature recent month,12,12,Climate Awareness,Climate Change
TWT229,user_562094,Residents in Kohat are experiencing environmental challenges related to drought due to changing climate patterns.,1/28/2024 12:00:00 AM,Kohat,#ClimateChange,en,0.02132,Neutral,Resource Crisis,Climate,372,5560,drought,residents in kohat are experiencing environmental challenges related to drought due to changing climate patterns.,[],[],FALSE,FALSE,6.6,"['residents', 'in', 'kohat', 'are', 'experiencing', 'environmental', 'challenges', 'related', 'to', 'drought', 'due', 'to', 'changing', 'climate', 'patterns', '.']","['residents', 'kohat', 'experiencing', 'environmental', 'challenges', 'related', 'drought', 'due', 'changing', 'climate', 'patterns', '.']","['residents', 'kohat', 'experiencing', 'environmental', 'challenges', 'related', 'drought', 'due', 'changing', 'climate', 'patterns']","['resident', 'kohat', 'experiencing', 'environmental', 'challenge', 'related', 'drought', 'due', 'changing', 'climate', 'pattern']",resident kohat experiencing environmental challenge related drought due changing climate pattern,11,11,General Disaster Discussion,Disaster
TWT230,user_212912,Environmental experts in Islamabad are reporting health risks related to flooding in recent months.,1/1/2025 12:00:00 AM,Islamabad,#Heatwave,en,-0.16392,Negative,Disaster Risk,Climate,2988,9774,flooding,environmental experts in islamabad are reporting health risks related to flooding in recent months.,[],[],FALSE,FALSE,6.142857143,"['environmental', 'experts', 'in', 'islamabad', 'are', 'reporting', 'health', 'risks', 'related', 'to', 'flooding', 'in', 'recent', 'months', '.']","['environmental', 'experts', 'islamabad', 'reporting', 'health', 'risks', 'related', 'flooding', 'recent', 'months', '.']","['environmental', 'experts', 'islamabad', 'reporting', 'health', 'risks', 'related', 'flooding', 'recent', 'months']","['environmental', 'expert', 'islamabad', 'reporting', 'health', 'risk', 'related', 'flooding', 'recent', 'month']",environmental expert islamabad reporting health risk related flooding recent month,10,10,Severe Disaster Concern,Disaster
TWT231,user_143622,Environmental experts in Islamabad are discussing health risks related to drought after recent reports.,9/12/2025 12:00:00 AM,Islamabad,#ClimateChange,en,-0.16392,Negative,Resource Crisis,Climate,4178,7669,drought,environmental experts in islamabad are discussing health risks related to drought after recent reports.,[],[],FALSE,FALSE,6.428571429,"['environmental', 'experts', 'in', 'islamabad', 'are', 'discussing', 'health', 'risks', 'related', 'to', 'drought', 'after', 'recent', 'reports', '.']","['environmental', 'experts', 'islamabad', 'discussing', 'health', 'risks', 'related', 'drought', 'recent', 'reports', '.']","['environmental', 'experts', 'islamabad', 'discussing', 'health', 'risks', 'related', 'drought', 'recent', 'reports']","['environmental', 'expert', 'islamabad', 'discussing', 'health', 'risk', 'related', 'drought', 'recent', 'report']",environmental expert islamabad discussing health risk related drought recent report,10,10,Severe Disaster Concern,Disaster
TWT232,user_533820,Climate researchers in Panjgur have noticed public safety issues related to water scarcity as weather conditions shift.,7/11/2024 12:00:00 AM,Panjgur,#Smog,en,0.2529,Positive,Resource Crisis,Climate,1042,9596,water scarcity,climate researchers in panjgur have noticed public safety issues related to water scarcity as weather conditions shift.,[],[],FALSE,FALSE,6.058823529,"['climate', 'researchers', 'in', 'panjgur', 'have', 'noticed', 'public', 'safety', 'issues', 'related', 'to', 'water', 'scarcity', 'as', 'weather', 'conditions', 'shift', '.']","['climate', 'researchers', 'panjgur', 'noticed', 'public', 'safety', 'issues', 'related', 'water', 'scarcity', 'weather', 'conditions', 'shift', '.']","['climate', 'researchers', 'panjgur', 'noticed', 'public', 'safety', 'issues', 'related', 'water', 'scarcity', 'weather', 'conditions', 'shift']","['climate', 'researcher', 'panjgur', 'noticed', 'public', 'safety', 'issue', 'related', 'water', 'scarcity', 'weather', 'condition', 'shift']",climate researcher panjgur noticed public safety issue related water scarcity weather condition shift,13,13,Resource Discussion,Resource Issue
TWT233,user_459666,Local communities in Peshawar have noticed environmental challenges related to heavy rainfall after recent reports.,1/14/2018 12:00:00 AM,Peshawar,#PakistanClimate,en,0.02632,Neutral,Disaster Risk,Climate,236,91,heavy rainfall,local communities in peshawar have noticed environmental challenges related to heavy rainfall after recent reports.,[],[],FALSE,FALSE,6.733333333,"['local', 'communities', 'in', 'peshawar', 'have', 'noticed', 'environmental', 'challenges', 'related', 'to', 'heavy', 'rainfall', 'after', 'recent', 'reports', '.']","['local', 'communities', 'peshawar', 'noticed', 'environmental', 'challenges', 'related', 'heavy', 'rainfall', 'recent', 'reports', '.']","['local', 'communities', 'peshawar', 'noticed', 'environmental', 'challenges', 'related', 'heavy', 'rainfall', 'recent', 'reports']","['local', 'community', 'peshawar', 'noticed', 'environmental', 'challenge', 'related', 'heavy', 'rainfall', 'recent', 'report']",local community peshawar noticed environmental challenge related heavy rainfall recent report,11,11,Disaster Relief / Recovery,Disaster
TWT234,user_981826,Local communities in Hyderabad are experiencing environmental challenges related to water scarcity due to changing climate patterns.,12/3/2019 12:00:00 AM,Hyderabad,#Floods,en,0.029653333,Neutral,Resource Crisis,Climate,586,2491,water scarcity,local communities in hyderabad are experiencing environmental challenges related to water scarcity due to changing climate patterns.,[],[],FALSE,FALSE,6.823529412,"['local', 'communities', 'in', 'hyderabad', 'are', 'experiencing', 'environmental', 'challenges', 'related', 'to', 'water', 'scarcity', 'due', 'to', 'changing', 'climate', 'patterns', '.']","['local', 'communities', 'hyderabad', 'experiencing', 'environmental', 'challenges', 'related', 'water', 'scarcity', 'due', 'changing', 'climate', 'patterns', '.']","['local', 'communities', 'hyderabad', 'experiencing', 'environmental', 'challenges', 'related', 'water', 'scarcity', 'due', 'changing', 'climate', 'patterns']","['local', 'community', 'hyderabad', 'experiencing', 'environmental', 'challenge', 'related', 'water', 'scarcity', 'due', 'changing', 'climate', 'pattern']",local community hyderabad experiencing environmental challenge related water scarcity due changing climate pattern,13,13,Resource Discussion,Resource Issue
TWT235,user_103518,Citizens in Attock are raising concerns about health risks related to smog due to changing climate patterns.,10/31/2024 12:00:00 AM,Attock,#Floods,en,-0.33136,Negative,Health Hazard,Climate,1360,7505,smog,citizens in attock are raising concerns about health risks related to smog due to changing climate patterns.,[],[],FALSE,FALSE,5.411764706,"['citizens', 'in', 'attock', 'are', 'raising', 'concerns', 'about', 'health', 'risks', 'related', 'to', 'smog', 'due', 'to', 'changing', 'climate', 'patterns', '.']","['citizens', 'attock', 'raising', 'concerns', 'health', 'risks', 'related', 'smog', 'due', 'changing', 'climate', 'patterns', '.']","['citizens', 'attock', 'raising', 'concerns', 'health', 'risks', 'related', 'smog', 'due', 'changing', 'climate', 'patterns']","['citizen', 'attock', 'raising', 'concern', 'health', 'risk', 'related', 'smog', 'due', 'changing', 'climate', 'pattern']",citizen attock raising concern health risk related smog due changing climate pattern,12,12,Health Hazard,Pollution
TWT236,user_674258,Urban planners in Rahim Yar Khan are observing public safety issues related to drought during ongoing environmental changes.,1/5/2021 12:00:00 AM,Rahim Yar Khan,#Smog,en,0.2529,Positive,Resource Crisis,Climate,2069,3743,drought,urban planners in rahim yar khan are observing public safety issues related to drought during ongoing environmental changes.,[],[],FALSE,FALSE,5.944444444,"['urban', 'planners', 'in', 'rahim', 'yar', 'khan', 'are', 'observing', 'public', 'safety', 'issues', 'related', 'to', 'drought', 'during', 'ongoing', 'environmental', 'changes', '.']","['urban', 'planners', 'rahim', 'yar', 'khan', 'observing', 'public', 'safety', 'issues', 'related', 'drought', 'ongoing', 'environmental', 'changes', '.']","['urban', 'planners', 'rahim', 'yar', 'khan', 'observing', 'public', 'safety', 'issues', 'related', 'drought', 'ongoing', 'environmental', 'changes']","['urban', 'planner', 'rahim', 'yar', 'khan', 'observing', 'public', 'safety', 'issue', 'related', 'drought', 'ongoing', 'environmental', 'change']",urban planner rahim yar khan observing public safety issue related drought ongoing environmental change,14,14,General Disaster Discussion,Disaster
TWT237,user_25446,Local communities in Sukkur have noticed environmental challenges related to extreme weather during ongoing environmental changes.,7/27/2022 12:00:00 AM,Sukkur,#PakistanClimate,en,0.029653333,Neutral,Climate Concern,Climate,219,2896,extreme weather,local communities in sukkur have noticed environmental challenges related to extreme weather during ongoing environmental changes.,[],[],FALSE,FALSE,7.1875,"['local', 'communities', 'in', 'sukkur', 'have', 'noticed', 'environmental', 'challenges', 'related', 'to', 'extreme', 'weather', 'during', 'ongoing', 'environmental', 'changes', '.']","['local', 'communities', 'sukkur', 'noticed', 'environmental', 'challenges', 'related', 'extreme', 'weather', 'ongoing', 'environmental', 'changes', '.']","['local', 'communities', 'sukkur', 'noticed', 'environmental', 'challenges', 'related', 'extreme', 'weather', 'ongoing', 'environmental', 'changes']","['local', 'community', 'sukkur', 'noticed', 'environmental', 'challenge', 'related', 'extreme', 'weather', 'ongoing', 'environmental', 'change']",local community sukkur noticed environmental challenge related extreme weather ongoing environmental change,12,11,Positive Environmental Outlook,General
TWT238,user_790780,Climate researchers in Jacobabad are discussing public safety issues related to extreme weather as weather conditions shift.,8/1/2018 12:00:00 AM,Jacobabad,#Floods,en,0.236233333,Positive,Climate Concern,Climate,1974,7426,extreme weather,climate researchers in jacobabad are discussing public safety issues related to extreme weather as weather conditions shift.,[],[],FALSE,FALSE,6.352941176,"['climate', 'researchers', 'in', 'jacobabad', 'are', 'discussing', 'public', 'safety', 'issues', 'related', 'to', 'extreme', 'weather', 'as', 'weather', 'conditions', 'shift', '.']","['climate', 'researchers', 'jacobabad', 'discussing', 'public', 'safety', 'issues', 'related', 'extreme', 'weather', 'weather', 'conditions', 'shift', '.']","['climate', 'researchers', 'jacobabad', 'discussing', 'public', 'safety', 'issues', 'related', 'extreme', 'weather', 'weather', 'conditions', 'shift']","['climate', 'researcher', 'jacobabad', 'discussing', 'public', 'safety', 'issue', 'related', 'extreme', 'weather', 'weather', 'condition', 'shift']",climate researcher jacobabad discussing public safety issue related extreme weather weather condition shift,13,12,Positive Environmental Outlook,General
TWT239,user_893294,Environmental experts in Nowshera are discussing environmental challenges related to drought in recent months.,10/9/2024 12:00:00 AM,Nowshera,#PakistanClimate,en,0.04632,Neutral,Resource Crisis,Climate,2833,8688,drought,environmental experts in nowshera are discussing environmental challenges related to drought in recent months.,[],[],FALSE,FALSE,6.928571429,"['environmental', 'experts', 'in', 'nowshera', 'are', 'discussing', 'environmental', 'challenges', 'related', 'to', 'drought', 'in', 'recent', 'months', '.']","['environmental', 'experts', 'nowshera', 'discussing', 'environmental', 'challenges', 'related', 'drought', 'recent', 'months', '.']","['environmental', 'experts', 'nowshera', 'discussing', 'environmental', 'challenges', 'related', 'drought', 'recent', 'months']","['environmental', 'expert', 'nowshera', 'discussing', 'environmental', 'challenge', 'related', 'drought', 'recent', 'month']",environmental expert nowshera discussing environmental challenge related drought recent month,10,9,Disaster Relief / Recovery,Disaster
TWT240,user_780693,Local communities in Turbat are discussing public safety issues related to smog during ongoing environmental changes.,9/11/2023 12:00:00 AM,Turbat,#GlobalWarming,en,0.09186,Neutral,Health Hazard,Climate,3556,944,smog,local communities in turbat are discussing public safety issues related to smog during ongoing environmental changes.,[],[],FALSE,FALSE,6.375,"['local', 'communities', 'in', 'turbat', 'are', 'discussing', 'public', 'safety', 'issues', 'related', 'to', 'smog', 'during', 'ongoing', 'environmental', 'changes', '.']","['local', 'communities', 'turbat', 'discussing', 'public', 'safety', 'issues', 'related', 'smog', 'ongoing', 'environmental', 'changes', '.']","['local', 'communities', 'turbat', 'discussing', 'public', 'safety', 'issues', 'related', 'smog', 'ongoing', 'environmental', 'changes']","['local', 'community', 'turbat', 'discussing', 'public', 'safety', 'issue', 'related', 'smog', 'ongoing', 'environmental', 'change']",local community turbat discussing public safety issue related smog ongoing environmental change,12,12,Environmental Awareness,Pollution
TWT241,user_639543,Urban planners in Kohat are observing long-term effects related to heatwave due to changing climate patterns.,9/19/2019 12:00:00 AM,Kohat,#Floods,en,-0.016666667,Neutral,Climate Stress,Climate,1136,2468,heatwave,urban planners in kohat are observing long-term effects related to heatwave due to changing climate patterns.,[],[],FALSE,FALSE,5.875,"['urban', 'planners', 'in', 'kohat', 'are', 'observing', 'long-term', 'effects', 'related', 'to', 'heatwave', 'due', 'to', 'changing', 'climate', 'patterns', '.']","['urban', 'planners', 'kohat', 'observing', 'long-term', 'effects', 'related', 'heatwave', 'due', 'changing', 'climate', 'patterns', '.']","['urban', 'planners', 'kohat', 'observing', 'long-term', 'effects', 'related', 'heatwave', 'due', 'changing', 'climate', 'patterns']","['urban', 'planner', 'kohat', 'observing', 'long-term', 'effect', 'related', 'heatwave', 'due', 'changing', 'climate', 'pattern']",urban planner kohat observing long-term effect related heatwave due changing climate pattern,12,12,Severe Disaster Concern,Disaster
TWT242,user_670364,Urban planners in Sahiwal are discussing health risks related to climate change in recent months.,3/25/2023 12:00:00 AM,Sahiwal,#Smog,en,-0.16392,Negative,Climate Concern,Climate,3001,7569,climate change,urban planners in sahiwal are discussing health risks related to climate change in recent months.,[],[],FALSE,FALSE,5.533333333,"['urban', 'planners', 'in', 'sahiwal', 'are', 'discussing', 'health', 'risks', 'related', 'to', 'climate', 'change', 'in', 'recent', 'months', '.']","['urban', 'planners', 'sahiwal', 'discussing', 'health', 'risks', 'related', 'climate', 'change', 'recent', 'months', '.']","['urban', 'planners', 'sahiwal', 'discussing', 'health', 'risks', 'related', 'climate', 'change', 'recent', 'months']","['urban', 'planner', 'sahiwal', 'discussing', 'health', 'risk', 'related', 'climate', 'change', 'recent', 'month']",urban planner sahiwal discussing health risk related climate change recent month,11,11,Climate Stress,Climate Change
TWT243,user_963243,Residents in Thatta are raising concerns about economic pressure related to smog in recent months.,10/22/2023 12:00:00 AM,Thatta,#Smog,en,-0.289353333,Negative,Health Hazard,Climate,1098,7066,smog,residents in thatta are raising concerns about economic pressure related to smog in recent months.,[],[],FALSE,FALSE,5.6,"['residents', 'in', 'thatta', 'are', 'raising', 'concerns', 'about', 'economic', 'pressure', 'related', 'to', 'smog', 'in', 'recent', 'months', '.']","['residents', 'thatta', 'raising', 'concerns', 'economic', 'pressure', 'related', 'smog', 'recent', 'months', '.']","['residents', 'thatta', 'raising', 'concerns', 'economic', 'pressure', 'related', 'smog', 'recent', 'months']","['resident', 'thatta', 'raising', 'concern', 'economic', 'pressure', 'related', 'smog', 'recent', 'month']",resident thatta raising concern economic pressure related smog recent month,10,10,Health Hazard,Pollution
TWT244,user_332514,Urban planners in Khuzdar are experiencing health risks related to flooding during ongoing environmental changes.,10/8/2025 12:00:00 AM,Khuzdar,#Floods,en,-0.16392,Negative,Disaster Risk,Climate,3970,2862,flooding,urban planners in khuzdar are experiencing health risks related to flooding during ongoing environmental changes.,[],[],FALSE,FALSE,6.6,"['urban', 'planners', 'in', 'khuzdar', 'are', 'experiencing', 'health', 'risks', 'related', 'to', 'flooding', 'during', 'ongoing', 'environmental', 'changes', '.']","['urban', 'planners', 'khuzdar', 'experiencing', 'health', 'risks', 'related', 'flooding', 'ongoing', 'environmental', 'changes', '.']","['urban', 'planners', 'khuzdar', 'experiencing', 'health', 'risks', 'related', 'flooding', 'ongoing', 'environmental', 'changes']","['urban', 'planner', 'khuzdar', 'experiencing', 'health', 'risk', 'related', 'flooding', 'ongoing', 'environmental', 'change']",urban planner khuzdar experiencing health risk related flooding ongoing environmental change,11,11,Severe Disaster Concern,Disaster
TWT245,user_722185,Climate researchers in Swat are raising concerns about long-term effects related to climate change in recent months.,9/21/2022 12:00:00 AM,Swat,#PakistanClimate,en,0,Neutral,Climate Concern,Climate,2897,3396,climate change,climate researchers in swat are raising concerns about long-term effects related to climate change in recent months.,[],[],FALSE,FALSE,5.882352941,"['climate', 'researchers', 'in', 'swat', 'are', 'raising', 'concerns', 'about', 'long-term', 'effects', 'related', 'to', 'climate', 'change', 'in', 'recent', 'months', '.']","['climate', 'researchers', 'swat', 'raising', 'concerns', 'long-term', 'effects', 'related', 'climate', 'change', 'recent', 'months', '.']","['climate', 'researchers', 'swat', 'raising', 'concerns', 'long-term', 'effects', 'related', 'climate', 'change', 'recent', 'months']","['climate', 'researcher', 'swat', 'raising', 'concern', 'long-term', 'effect', 'related', 'climate', 'change', 'recent', 'month']",climate researcher swat raising concern long-term effect related climate change recent month,12,11,Climate Awareness,Climate Change
TWT246,user_798189,Climate researchers in Islamabad are experiencing public safety issues related to air pollution during ongoing environmental changes.,11/24/2025 12:00:00 AM,Islamabad,#Environment,en,0.2529,Positive,Health Hazard,Climate,4001,8513,air pollution,climate researchers in islamabad are experiencing public safety issues related to air pollution during ongoing environmental changes.,[],[],FALSE,FALSE,6.882352941,"['climate', 'researchers', 'in', 'islamabad', 'are', 'experiencing', 'public', 'safety', 'issues', 'related', 'to', 'air', 'pollution', 'during', 'ongoing', 'environmental', 'changes', '.']","['climate', 'researchers', 'islamabad', 'experiencing', 'public', 'safety', 'issues', 'related', 'air', 'pollution', 'ongoing', 'environmental', 'changes', '.']","['climate', 'researchers', 'islamabad', 'experiencing', 'public', 'safety', 'issues', 'related', 'air', 'pollution', 'ongoing', 'environmental', 'changes']","['climate', 'researcher', 'islamabad', 'experiencing', 'public', 'safety', 'issue', 'related', 'air', 'pollution', 'ongoing', 'environmental', 'change']",climate researcher islamabad experiencing public safety issue related air pollution ongoing environmental change,13,13,Environmental Awareness,Pollution
TWT247,user_188460,Climate researchers in Rawalpindi are reporting health risks related to air pollution after recent reports.,9/18/2022 12:00:00 AM,Rawalpindi,#Environment,en,-0.16392,Negative,Health Hazard,Climate,626,9639,air pollution,climate researchers in rawalpindi are reporting health risks related to air pollution after recent reports.,[],[],FALSE,FALSE,6.2,"['climate', 'researchers', 'in', 'rawalpindi', 'are', 'reporting', 'health', 'risks', 'related', 'to', 'air', 'pollution', 'after', 'recent', 'reports', '.']","['climate', 'researchers', 'rawalpindi', 'reporting', 'health', 'risks', 'related', 'air', 'pollution', 'recent', 'reports', '.']","['climate', 'researchers', 'rawalpindi', 'reporting', 'health', 'risks', 'related', 'air', 'pollution', 'recent', 'reports']","['climate', 'researcher', 'rawalpindi', 'reporting', 'health', 'risk', 'related', 'air', 'pollution', 'recent', 'report']",climate researcher rawalpindi reporting health risk related air pollution recent report,11,11,Health Hazard,Pollution
TWT248,user_967610,Urban planners in Sibi are discussing public safety issues related to extreme weather in recent months.,10/23/2020 12:00:00 AM,Sibi,#GlobalWarming,en,0.2429,Positive,Climate Concern,Climate,4698,8109,extreme weather,urban planners in sibi are discussing public safety issues related to extreme weather in recent months.,[],[],FALSE,FALSE,5.5,"['urban', 'planners', 'in', 'sibi', 'are', 'discussing', 'public', 'safety', 'issues', 'related', 'to', 'extreme', 'weather', 'in', 'recent', 'months', '.']","['urban', 'planners', 'sibi', 'discussing', 'public', 'safety', 'issues', 'related', 'extreme', 'weather', 'recent', 'months', '.']","['urban', 'planners', 'sibi', 'discussing', 'public', 'safety', 'issues', 'related', 'extreme', 'weather', 'recent', 'months']","['urban', 'planner', 'sibi', 'discussing', 'public', 'safety', 'issue', 'related', 'extreme', 'weather', 'recent', 'month']",urban planner sibi discussing public safety issue related extreme weather recent month,12,12,Positive Environmental Outlook,General
TWT249,user_792237,Health officials in Jacobabad are experiencing economic pressure related to climate change due to changing climate patterns.,7/31/2018 12:00:00 AM,Jacobabad,#Heatwave,en,-0.1676,Negative,Climate Concern,Climate,2259,2498,climate change,health officials in jacobabad are experiencing economic pressure related to climate change due to changing climate patterns.,[],[],FALSE,FALSE,6.352941176,"['health', 'officials', 'in', 'jacobabad', 'are', 'experiencing', 'economic', 'pressure', 'related', 'to', 'climate', 'change', 'due', 'to', 'changing', 'climate', 'patterns', '.']","['health', 'officials', 'jacobabad', 'experiencing', 'economic', 'pressure', 'related', 'climate', 'change', 'due', 'changing', 'climate', 'patterns', '.']","['health', 'officials', 'jacobabad', 'experiencing', 'economic', 'pressure', 'related', 'climate', 'change', 'due', 'changing', 'climate', 'patterns']","['health', 'official', 'jacobabad', 'experiencing', 'economic', 'pressure', 'related', 'climate', 'change', 'due', 'changing', 'climate', 'pattern']",health official jacobabad experiencing economic pressure related climate change due changing climate pattern,13,12,Climate Stress,Climate Change
TWT250,user_123299,Health officials in Islamabad are discussing long-term effects related to flooding as weather conditions shift.,2/19/2023 12:00:00 AM,Islamabad,#GlobalWarming,en,0,Neutral,Disaster Risk,Climate,1632,1539,flooding,health officials in islamabad are discussing long-term effects related to flooding as weather conditions shift.,[],[],FALSE,FALSE,6.466666667,"['health', 'officials', 'in', 'islamabad', 'are', 'discussing', 'long-term', 'effects', 'related', 'to', 'flooding', 'as', 'weather', 'conditions', 'shift', '.']","['health', 'officials', 'islamabad', 'discussing', 'long-term', 'effects', 'related', 'flooding', 'weather', 'conditions', 'shift', '.']","['health', 'officials', 'islamabad', 'discussing', 'long-term', 'effects', 'related', 'flooding', 'weather', 'conditions', 'shift']","['health', 'official', 'islamabad', 'discussing', 'long-term', 'effect', 'related', 'flooding', 'weather', 'condition', 'shift']",health official islamabad discussing long-term effect related flooding weather condition shift,11,11,General Disaster Discussion,Disaster
TWT251,user_858537,Citizens in Jacobabad are experiencing economic pressure related to extreme weather during ongoing environmental changes.,7/31/2021 12:00:00 AM,Jacobabad,#GlobalWarming,en,-0.1676,Negative,Climate Concern,Climate,2953,9826,extreme weather,citizens in jacobabad are experiencing economic pressure related to extreme weather during ongoing environmental changes.,[],[],FALSE,FALSE,7.133333333,"['citizens', 'in', 'jacobabad', 'are', 'experiencing', 'economic', 'pressure', 'related', 'to', 'extreme', 'weather', 'during', 'ongoing', 'environmental', 'changes', '.']","['citizens', 'jacobabad', 'experiencing', 'economic', 'pressure', 'related', 'extreme', 'weather', 'ongoing', 'environmental', 'changes', '.']","['citizens', 'jacobabad', 'experiencing', 'economic', 'pressure', 'related', 'extreme', 'weather', 'ongoing', 'environmental', 'changes']","['citizen', 'jacobabad', 'experiencing', 'economic', 'pressure', 'related', 'extreme', 'weather', 'ongoing', 'environmental', 'change']",citizen jacobabad experiencing economic pressure related extreme weather ongoing environmental change,11,11,Negative Climate Concern,General
TWT252,user_309641,Urban planners in Islamabad are raising concerns about public safety issues related to air pollution in recent months.,1/26/2022 12:00:00 AM,Islamabad,#ClimateChange,en,0.2529,Positive,Health Hazard,Climate,3756,8281,air pollution,urban planners in islamabad are raising concerns about public safety issues related to air pollution in recent months.,[],[],FALSE,FALSE,5.611111111,"['urban', 'planners', 'in', 'islamabad', 'are', 'raising', 'concerns', 'about', 'public', 'safety', 'issues', 'related', 'to', 'air', 'pollution', 'in', 'recent', 'months', '.']","['urban', 'planners', 'islamabad', 'raising', 'concerns', 'public', 'safety', 'issues', 'related', 'air', 'pollution', 'recent', 'months', '.']","['urban', 'planners', 'islamabad', 'raising', 'concerns', 'public', 'safety', 'issues', 'related', 'air', 'pollution', 'recent', 'months']","['urban', 'planner', 'islamabad', 'raising', 'concern', 'public', 'safety', 'issue', 'related', 'air', 'pollution', 'recent', 'month']",urban planner islamabad raising concern public safety issue related air pollution recent month,13,13,Environmental Awareness,Pollution
TWT253,user_111758,Citizens in Chiniot are experiencing public safety issues related to extreme weather in recent months.,11/7/2024 12:00:00 AM,Chiniot,#PakistanClimate,en,0.2404,Positive,Climate Concern,Climate,2523,2820,extreme weather,citizens in chiniot are experiencing public safety issues related to extreme weather in recent months.,[],[],FALSE,FALSE,5.866666667,"['citizens', 'in', 'chiniot', 'are', 'experiencing', 'public', 'safety', 'issues', 'related', 'to', 'extreme', 'weather', 'in', 'recent', 'months', '.']","['citizens', 'chiniot', 'experiencing', 'public', 'safety', 'issues', 'related', 'extreme', 'weather', 'recent', 'months', '.']","['citizens', 'chiniot', 'experiencing', 'public', 'safety', 'issues', 'related', 'extreme', 'weather', 'recent', 'months']","['citizen', 'chiniot', 'experiencing', 'public', 'safety', 'issue', 'related', 'extreme', 'weather', 'recent', 'month']",citizen chiniot experiencing public safety issue related extreme weather recent month,11,11,Positive Environmental Outlook,General
TWT254,user_947364,Climate researchers in Nowshera are discussing long-term effects related to rising temperatures during ongoing environmental changes.,8/2/2021 12:00:00 AM,Nowshera,#ClimateChange,en,0,Neutral,Climate Stress,Climate,1187,8028,rising temperatures,climate researchers in nowshera are discussing long-term effects related to rising temperatures during ongoing environmental changes.,[],[],FALSE,FALSE,7.375,"['climate', 'researchers', 'in', 'nowshera', 'are', 'discussing', 'long-term', 'effects', 'related', 'to', 'rising', 'temperatures', 'during', 'ongoing', 'environmental', 'changes', '.']","['climate', 'researchers', 'nowshera', 'discussing', 'long-term', 'effects', 'related', 'rising', 'temperatures', 'ongoing', 'environmental', 'changes', '.']","['climate', 'researchers', 'nowshera', 'discussing', 'long-term', 'effects', 'related', 'rising', 'temperatures', 'ongoing', 'environmental', 'changes']","['climate', 'researcher', 'nowshera', 'discussing', 'long-term', 'effect', 'related', 'rising', 'temperature', 'ongoing', 'environmental', 'change']",climate researcher nowshera discussing long-term effect related rising temperature ongoing environmental change,12,12,Climate Awareness,Climate Change
TWT255,user_462734,Citizens in Islamabad are discussing serious impacts related to rising temperatures after recent reports.,5/8/2023 12:00:00 AM,Islamabad,#Heatwave,en,-0.090764444,Neutral,Climate Stress,Climate,1366,6649,rising temperatures,citizens in islamabad are discussing serious impacts related to rising temperatures after recent reports.,[],[],FALSE,FALSE,6.571428571,"['citizens', 'in', 'islamabad', 'are', 'discussing', 'serious', 'impacts', 'related', 'to', 'rising', 'temperatures', 'after', 'recent', 'reports', '.']","['citizens', 'islamabad', 'discussing', 'serious', 'impacts', 'related', 'rising', 'temperatures', 'recent', 'reports', '.']","['citizens', 'islamabad', 'discussing', 'serious', 'impacts', 'related', 'rising', 'temperatures', 'recent', 'reports']","['citizen', 'islamabad', 'discussing', 'serious', 'impact', 'related', 'rising', 'temperature', 'recent', 'report']",citizen islamabad discussing serious impact related rising temperature recent report,10,10,Climate Stress,Climate Change
TWT256,user_671876,Environmental experts in Turbat are experiencing serious impacts related to water scarcity due to changing climate patterns.,7/4/2023 12:00:00 AM,Turbat,#Smog,en,-0.107431111,Neutral,Resource Crisis,Climate,3856,597,water scarcity,environmental experts in turbat are experiencing serious impacts related to water scarcity due to changing climate patterns.,[],[],FALSE,FALSE,6.352941176,"['environmental', 'experts', 'in', 'turbat', 'are', 'experiencing', 'serious', 'impacts', 'related', 'to', 'water', 'scarcity', 'due', 'to', 'changing', 'climate', 'patterns', '.']","['environmental', 'experts', 'turbat', 'experiencing', 'serious', 'impacts', 'related', 'water', 'scarcity', 'due', 'changing', 'climate', 'patterns', '.']","['environmental', 'experts', 'turbat', 'experiencing', 'serious', 'impacts', 'related', 'water', 'scarcity', 'due', 'changing', 'climate', 'patterns']","['environmental', 'expert', 'turbat', 'experiencing', 'serious', 'impact', 'related', 'water', 'scarcity', 'due', 'changing', 'climate', 'pattern']",environmental expert turbat experiencing serious impact related water scarcity due changing climate pattern,13,13,Resource Crisis,Resource Issue
TWT257,user_273566,Residents in Swabi are reporting long-term effects related to heavy rainfall due to changing climate patterns.,12/1/2022 12:00:00 AM,Swabi,#GlobalWarming,en,-0.043333333,Neutral,Disaster Risk,Climate,2537,2095,heavy rainfall,residents in swabi are reporting long-term effects related to heavy rainfall due to changing climate patterns.,[],[],FALSE,FALSE,5.9375,"['residents', 'in', 'swabi', 'are', 'reporting', 'long-term', 'effects', 'related', 'to', 'heavy', 'rainfall', 'due', 'to', 'changing', 'climate', 'patterns', '.']","['residents', 'swabi', 'reporting', 'long-term', 'effects', 'related', 'heavy', 'rainfall', 'due', 'changing', 'climate', 'patterns', '.']","['residents', 'swabi', 'reporting', 'long-term', 'effects', 'related', 'heavy', 'rainfall', 'due', 'changing', 'climate', 'patterns']","['resident', 'swabi', 'reporting', 'long-term', 'effect', 'related', 'heavy', 'rainfall', 'due', 'changing', 'climate', 'pattern']",resident swabi reporting long-term effect related heavy rainfall due changing climate pattern,12,12,Severe Disaster Concern,Disaster
TWT258,user_669162,Environmental experts in Jhelum are reporting long-term effects related to flooding in recent months.,8/16/2018 12:00:00 AM,Jhelum,#Environment,en,0,Neutral,Disaster Risk,Climate,4314,3294,flooding,environmental experts in jhelum are reporting long-term effects related to flooding in recent months.,[],[],FALSE,FALSE,6.285714286,"['environmental', 'experts', 'in', 'jhelum', 'are', 'reporting', 'long-term', 'effects', 'related', 'to', 'flooding', 'in', 'recent', 'months', '.']","['environmental', 'experts', 'jhelum', 'reporting', 'long-term', 'effects', 'related', 'flooding', 'recent', 'months', '.']","['environmental', 'experts', 'jhelum', 'reporting', 'long-term', 'effects', 'related', 'flooding', 'recent', 'months']","['environmental', 'expert', 'jhelum', 'reporting', 'long-term', 'effect', 'related', 'flooding', 'recent', 'month']",environmental expert jhelum reporting long-term effect related flooding recent month,10,10,General Disaster Discussion,Disaster
TWT259,user_430747,Urban planners in Quetta are raising concerns about long-term effects related to smog in recent months.,7/1/2024 12:00:00 AM,Quetta,#GlobalWarming,en,-0.1776,Negative,Health Hazard,Climate,2257,9659,smog,urban planners in quetta are raising concerns about long-term effects related to smog in recent months.,[],[],FALSE,FALSE,5.5,"['urban', 'planners', 'in', 'quetta', 'are', 'raising', 'concerns', 'about', 'long-term', 'effects', 'related', 'to', 'smog', 'in', 'recent', 'months', '.']","['urban', 'planners', 'quetta', 'raising', 'concerns', 'long-term', 'effects', 'related', 'smog', 'recent', 'months', '.']","['urban', 'planners', 'quetta', 'raising', 'concerns', 'long-term', 'effects', 'related', 'smog', 'recent', 'months']","['urban', 'planner', 'quetta', 'raising', 'concern', 'long-term', 'effect', 'related', 'smog', 'recent', 'month']",urban planner quetta raising concern long-term effect related smog recent month,11,11,Health Hazard,Pollution
TWT260,user_201090,Climate researchers in Islamabad have noticed long-term effects related to extreme weather due to changing climate patterns.,6/19/2020 12:00:00 AM,Islamabad,#ClimateChange,en,-0.033333333,Neutral,Climate Concern,Climate,2639,8666,extreme weather,climate researchers in islamabad have noticed long-term effects related to extreme weather due to changing climate patterns.,[],[],FALSE,FALSE,6.352941176,"['climate', 'researchers', 'in', 'islamabad', 'have', 'noticed', 'long-term', 'effects', 'related', 'to', 'extreme', 'weather', 'due', 'to', 'changing', 'climate', 'patterns', '.']","['climate', 'researchers', 'islamabad', 'noticed', 'long-term', 'effects', 'related', 'extreme', 'weather', 'due', 'changing', 'climate', 'patterns', '.']","['climate', 'researchers', 'islamabad', 'noticed', 'long-term', 'effects', 'related', 'extreme', 'weather', 'due', 'changing', 'climate', 'patterns']","['climate', 'researcher', 'islamabad', 'noticed', 'long-term', 'effect', 'related', 'extreme', 'weather', 'due', 'changing', 'climate', 'pattern']",climate researcher islamabad noticed long-term effect related extreme weather due changing climate pattern,13,12,Negative Climate Concern,General
TWT261,user_987157,Health officials in Kasur are reporting public safety issues related to rising temperatures in recent months.,8/11/2018 12:00:00 AM,Kasur,#GlobalWarming,en,0.2529,Positive,Climate Stress,Climate,1134,2226,rising temperatures,health officials in kasur are reporting public safety issues related to rising temperatures in recent months.,[],[],FALSE,FALSE,5.875,"['health', 'officials', 'in', 'kasur', 'are', 'reporting', 'public', 'safety', 'issues', 'related', 'to', 'rising', 'temperatures', 'in', 'recent', 'months', '.']","['health', 'officials', 'kasur', 'reporting', 'public', 'safety', 'issues', 'related', 'rising', 'temperatures', 'recent', 'months', '.']","['health', 'officials', 'kasur', 'reporting', 'public', 'safety', 'issues', 'related', 'rising', 'temperatures', 'recent', 'months']","['health', 'official', 'kasur', 'reporting', 'public', 'safety', 'issue', 'related', 'rising', 'temperature', 'recent', 'month']",health official kasur reporting public safety issue related rising temperature recent month,12,12,Climate Awareness,Climate Change
TWT262,user_171411,Environmental experts in Islamabad have noticed long-term effects related to heatwave in recent months.,3/9/2019 12:00:00 AM,Islamabad,#Heatwave,en,0,Neutral,Climate Stress,Climate,836,9220,heatwave,environmental experts in islamabad have noticed long-term effects related to heatwave in recent months.,[],[],FALSE,FALSE,6.428571429,"['environmental', 'experts', 'in', 'islamabad', 'have', 'noticed', 'long-term', 'effects', 'related', 'to', 'heatwave', 'in', 'recent', 'months', '.']","['environmental', 'experts', 'islamabad', 'noticed', 'long-term', 'effects', 'related', 'heatwave', 'recent', 'months', '.']","['environmental', 'experts', 'islamabad', 'noticed', 'long-term', 'effects', 'related', 'heatwave', 'recent', 'months']","['environmental', 'expert', 'islamabad', 'noticed', 'long-term', 'effect', 'related', 'heatwave', 'recent', 'month']",environmental expert islamabad noticed long-term effect related heatwave recent month,10,10,Disaster Relief / Recovery,Disaster
TWT263,user_103375,Environmental experts in Abbottabad are reporting health risks related to smog after recent reports.,10/15/2019 12:00:00 AM,Abbottabad,#ClimateChange,en,-0.30636,Negative,Health Hazard,Climate,2980,7912,smog,environmental experts in abbottabad are reporting health risks related to smog after recent reports.,[],[],FALSE,FALSE,6.214285714,"['environmental', 'experts', 'in', 'abbottabad', 'are', 'reporting', 'health', 'risks', 'related', 'to', 'smog', 'after', 'recent', 'reports', '.']","['environmental', 'experts', 'abbottabad', 'reporting', 'health', 'risks', 'related', 'smog', 'recent', 'reports', '.']","['environmental', 'experts', 'abbottabad', 'reporting', 'health', 'risks', 'related', 'smog', 'recent', 'reports']","['environmental', 'expert', 'abbottabad', 'reporting', 'health', 'risk', 'related', 'smog', 'recent', 'report']",environmental expert abbottabad reporting health risk related smog recent report,10,10,Health Hazard,Pollution
TWT264,user_41329,Local communities in Zhob are experiencing serious impacts related to heatwave in recent months.,5/7/2023 12:00:00 AM,Zhob,#Environment,en,-0.079653333,Neutral,Climate Stress,Climate,1852,8439,heatwave,local communities in zhob are experiencing serious impacts related to heatwave in recent months.,[],[],FALSE,FALSE,5.928571429,"['local', 'communities', 'in', 'zhob', 'are', 'experiencing', 'serious', 'impacts', 'related', 'to', 'heatwave', 'in', 'recent', 'months', '.']","['local', 'communities', 'zhob', 'experiencing', 'serious', 'impacts', 'related', 'heatwave', 'recent', 'months', '.']","['local', 'communities', 'zhob', 'experiencing', 'serious', 'impacts', 'related', 'heatwave', 'recent', 'months']","['local', 'community', 'zhob', 'experiencing', 'serious', 'impact', 'related', 'heatwave', 'recent', 'month']",local community zhob experiencing serious impact related heatwave recent month,10,10,Severe Disaster Concern,Disaster
TWT265,user_808576,Environmental experts in Karachi are discussing public safety issues related to smog after recent reports.,6/6/2024 12:00:00 AM,Karachi,#Smog,en,0.09186,Neutral,Health Hazard,Climate,2130,112,smog,environmental experts in karachi are discussing public safety issues related to smog after recent reports.,[],[],FALSE,FALSE,6.133333333,"['environmental', 'experts', 'in', 'karachi', 'are', 'discussing', 'public', 'safety', 'issues', 'related', 'to', 'smog', 'after', 'recent', 'reports', '.']","['environmental', 'experts', 'karachi', 'discussing', 'public', 'safety', 'issues', 'related', 'smog', 'recent', 'reports', '.']","['environmental', 'experts', 'karachi', 'discussing', 'public', 'safety', 'issues', 'related', 'smog', 'recent', 'reports']","['environmental', 'expert', 'karachi', 'discussing', 'public', 'safety', 'issue', 'related', 'smog', 'recent', 'report']",environmental expert karachi discussing public safety issue related smog recent report,11,11,Environmental Awareness,Pollution
TWT266,user_299693,Local communities in Khuzdar are experiencing environmental challenges related to rising temperatures as weather conditions shift.,5/16/2023 12:00:00 AM,Khuzdar,#Floods,en,0.04632,Neutral,Climate Stress,Climate,1717,8580,rising temperatures,local communities in khuzdar are experiencing environmental challenges related to rising temperatures as weather conditions shift.,[],[],FALSE,FALSE,7.1875,"['local', 'communities', 'in', 'khuzdar', 'are', 'experiencing', 'environmental', 'challenges', 'related', 'to', 'rising', 'temperatures', 'as', 'weather', 'conditions', 'shift', '.']","['local', 'communities', 'khuzdar', 'experiencing', 'environmental', 'challenges', 'related', 'rising', 'temperatures', 'weather', 'conditions', 'shift', '.']","['local', 'communities', 'khuzdar', 'experiencing', 'environmental', 'challenges', 'related', 'rising', 'temperatures', 'weather', 'conditions', 'shift']","['local', 'community', 'khuzdar', 'experiencing', 'environmental', 'challenge', 'related', 'rising', 'temperature', 'weather', 'condition', 'shift']",local community khuzdar experiencing environmental challenge related rising temperature weather condition shift,12,12,Climate Awareness,Climate Change
TWT267,user_422852,Citizens in Mirpurkhas have noticed environmental challenges related to heatwave as weather conditions shift.,7/4/2023 12:00:00 AM,Mirpurkhas,#Heatwave,en,0.04632,Neutral,Climate Stress,Climate,3219,751,heatwave,citizens in mirpurkhas have noticed environmental challenges related to heatwave as weather conditions shift.,[],[],FALSE,FALSE,6.857142857,"['citizens', 'in', 'mirpurkhas', 'have', 'noticed', 'environmental', 'challenges', 'related', 'to', 'heatwave', 'as', 'weather', 'conditions', 'shift', '.']","['citizens', 'mirpurkhas', 'noticed', 'environmental', 'challenges', 'related', 'heatwave', 'weather', 'conditions', 'shift', '.']","['citizens', 'mirpurkhas', 'noticed', 'environmental', 'challenges', 'related', 'heatwave', 'weather', 'conditions', 'shift']","['citizen', 'mirpurkhas', 'noticed', 'environmental', 'challenge', 'related', 'heatwave', 'weather', 'condition', 'shift']",citizen mirpurkhas noticed environmental challenge related heatwave weather condition shift,10,10,Disaster Relief / Recovery,Disaster
TWT268,user_613785,Environmental experts in Abbottabad are raising concerns about health risks related to flooding as weather conditions shift.,7/21/2018 12:00:00 AM,Abbottabad,#Floods,en,-0.16392,Negative,Disaster Risk,Climate,3732,8111,flooding,environmental experts in abbottabad are raising concerns about health risks related to flooding as weather conditions shift.,[],[],FALSE,FALSE,6.352941176,"['environmental', 'experts', 'in', 'abbottabad', 'are', 'raising', 'concerns', 'about', 'health', 'risks', 'related', 'to', 'flooding', 'as', 'weather', 'conditions', 'shift', '.']","['environmental', 'experts', 'abbottabad', 'raising', 'concerns', 'health', 'risks', 'related', 'flooding', 'weather', 'conditions', 'shift', '.']","['environmental', 'experts', 'abbottabad', 'raising', 'concerns', 'health', 'risks', 'related', 'flooding', 'weather', 'conditions', 'shift']","['environmental', 'expert', 'abbottabad', 'raising', 'concern', 'health', 'risk', 'related', 'flooding', 'weather', 'condition', 'shift']",environmental expert abbottabad raising concern health risk related flooding weather condition shift,12,12,Severe Disaster Concern,Disaster
TWT269,user_619538,Urban planners in Panjgur are experiencing serious impacts related to rising temperatures due to changing climate patterns.,12/25/2024 12:00:00 AM,Panjgur,#Heatwave,en,-0.092153333,Neutral,Climate Stress,Climate,4615,3350,rising temperatures,urban planners in panjgur are experiencing serious impacts related to rising temperatures due to changing climate patterns.,[],[],FALSE,FALSE,6.294117647,"['urban', 'planners', 'in', 'panjgur', 'are', 'experiencing', 'serious', 'impacts', 'related', 'to', 'rising', 'temperatures', 'due', 'to', 'changing', 'climate', 'patterns', '.']","['urban', 'planners', 'panjgur', 'experiencing', 'serious', 'impacts', 'related', 'rising', 'temperatures', 'due', 'changing', 'climate', 'patterns', '.']","['urban', 'planners', 'panjgur', 'experiencing', 'serious', 'impacts', 'related', 'rising', 'temperatures', 'due', 'changing', 'climate', 'patterns']","['urban', 'planner', 'panjgur', 'experiencing', 'serious', 'impact', 'related', 'rising', 'temperature', 'due', 'changing', 'climate', 'pattern']",urban planner panjgur experiencing serious impact related rising temperature due changing climate pattern,13,13,Climate Stress,Climate Change
TWT270,user_707527,Residents in Mardan are discussing long-term effects related to water scarcity as weather conditions shift.,8/18/2024 12:00:00 AM,Mardan,#Floods,en,0,Neutral,Resource Crisis,Climate,3233,1300,water scarcity,residents in mardan are discussing long-term effects related to water scarcity as weather conditions shift.,[],[],FALSE,FALSE,6.2,"['residents', 'in', 'mardan', 'are', 'discussing', 'long-term', 'effects', 'related', 'to', 'water', 'scarcity', 'as', 'weather', 'conditions', 'shift', '.']","['residents', 'mardan', 'discussing', 'long-term', 'effects', 'related', 'water', 'scarcity', 'weather', 'conditions', 'shift', '.']","['residents', 'mardan', 'discussing', 'long-term', 'effects', 'related', 'water', 'scarcity', 'weather', 'conditions', 'shift']","['resident', 'mardan', 'discussing', 'long-term', 'effect', 'related', 'water', 'scarcity', 'weather', 'condition', 'shift']",resident mardan discussing long-term effect related water scarcity weather condition shift,11,11,Resource Discussion,Resource Issue
TWT271,user_796489,Urban planners in Hyderabad have noticed health risks related to air pollution due to changing climate patterns.,12/20/2020 12:00:00 AM,Hyderabad,#PakistanClimate,en,-0.180586667,Negative,Health Hazard,Climate,2223,5983,air pollution,urban planners in hyderabad have noticed health risks related to air pollution due to changing climate patterns.,[],[],FALSE,FALSE,5.647058824,"['urban', 'planners', 'in', 'hyderabad', 'have', 'noticed', 'health', 'risks', 'related', 'to', 'air', 'pollution', 'due', 'to', 'changing', 'climate', 'patterns', '.']","['urban', 'planners', 'hyderabad', 'noticed', 'health', 'risks', 'related', 'air', 'pollution', 'due', 'changing', 'climate', 'patterns', '.']","['urban', 'planners', 'hyderabad', 'noticed', 'health', 'risks', 'related', 'air', 'pollution', 'due', 'changing', 'climate', 'patterns']","['urban', 'planner', 'hyderabad', 'noticed', 'health', 'risk', 'related', 'air', 'pollution', 'due', 'changing', 'climate', 'pattern']",urban planner hyderabad noticed health risk related air pollution due changing climate pattern,13,13,Health Hazard,Pollution
TWT272,user_855021,Climate researchers in Multan are experiencing environmental challenges related to rising temperatures during ongoing environmental changes.,5/21/2021 12:00:00 AM,Multan,#ClimateChange,en,0.04632,Neutral,Climate Stress,Climate,1495,3613,rising temperatures,climate researchers in multan are experiencing environmental challenges related to rising temperatures during ongoing environmental changes.,[],[],FALSE,FALSE,7.8125,"['climate', 'researchers', 'in', 'multan', 'are', 'experiencing', 'environmental', 'challenges', 'related', 'to', 'rising', 'temperatures', 'during', 'ongoing', 'environmental', 'changes', '.']","['climate', 'researchers', 'multan', 'experiencing', 'environmental', 'challenges', 'related', 'rising', 'temperatures', 'ongoing', 'environmental', 'changes', '.']","['climate', 'researchers', 'multan', 'experiencing', 'environmental', 'challenges', 'related', 'rising', 'temperatures', 'ongoing', 'environmental', 'changes']","['climate', 'researcher', 'multan', 'experiencing', 'environmental', 'challenge', 'related', 'rising', 'temperature', 'ongoing', 'environmental', 'change']",climate researcher multan experiencing environmental challenge related rising temperature ongoing environmental change,12,11,Climate Awareness,Climate Change
TWT273,user_956881,Health officials in Charsadda have noticed public safety issues related to water scarcity due to changing climate patterns.,9/14/2024 12:00:00 AM,Charsadda,#Smog,en,0.236233333,Positive,Resource Crisis,Climate,2534,992,water scarcity,health officials in charsadda have noticed public safety issues related to water scarcity due to changing climate patterns.,[],[],FALSE,FALSE,5.888888889,"['health', 'officials', 'in', 'charsadda', 'have', 'noticed', 'public', 'safety', 'issues', 'related', 'to', 'water', 'scarcity', 'due', 'to', 'changing', 'climate', 'patterns', '.']","['health', 'officials', 'charsadda', 'noticed', 'public', 'safety', 'issues', 'related', 'water', 'scarcity', 'due', 'changing', 'climate', 'patterns', '.']","['health', 'officials', 'charsadda', 'noticed', 'public', 'safety', 'issues', 'related', 'water', 'scarcity', 'due', 'changing', 'climate', 'patterns']","['health', 'official', 'charsadda', 'noticed', 'public', 'safety', 'issue', 'related', 'water', 'scarcity', 'due', 'changing', 'climate', 'pattern']",health official charsadda noticed public safety issue related water scarcity due changing climate pattern,14,14,Resource Discussion,Resource Issue
TWT274,user_300200,Residents in Jhelum are experiencing environmental challenges related to water scarcity in recent months.,2/9/2018 12:00:00 AM,Jhelum,#ClimateChange,en,0.04632,Neutral,Resource Crisis,Climate,3427,1382,water scarcity,residents in jhelum are experiencing environmental challenges related to water scarcity in recent months.,[],[],FALSE,FALSE,6.571428571,"['residents', 'in', 'jhelum', 'are', 'experiencing', 'environmental', 'challenges', 'related', 'to', 'water', 'scarcity', 'in', 'recent', 'months', '.']","['residents', 'jhelum', 'experiencing', 'environmental', 'challenges', 'related', 'water', 'scarcity', 'recent', 'months', '.']","['residents', 'jhelum', 'experiencing', 'environmental', 'challenges', 'related', 'water', 'scarcity', 'recent', 'months']","['resident', 'jhelum', 'experiencing', 'environmental', 'challenge', 'related', 'water', 'scarcity', 'recent', 'month']",resident jhelum experiencing environmental challenge related water scarcity recent month,10,10,Resource Discussion,Resource Issue
TWT275,user_534831,Environmental experts in Sukkur are experiencing environmental challenges related to heavy rainfall as weather conditions shift.,9/12/2020 12:00:00 AM,Sukkur,#Floods,en,0.00632,Neutral,Disaster Risk,Climate,2367,183,heavy rainfall,environmental experts in sukkur are experiencing environmental challenges related to heavy rainfall as weather conditions shift.,[],[],FALSE,FALSE,7.0625,"['environmental', 'experts', 'in', 'sukkur', 'are', 'experiencing', 'environmental', 'challenges', 'related', 'to', 'heavy', 'rainfall', 'as', 'weather', 'conditions', 'shift', '.']","['environmental', 'experts', 'sukkur', 'experiencing', 'environmental', 'challenges', 'related', 'heavy', 'rainfall', 'weather', 'conditions', 'shift', '.']","['environmental', 'experts', 'sukkur', 'experiencing', 'environmental', 'challenges', 'related', 'heavy', 'rainfall', 'weather', 'conditions', 'shift']","['environmental', 'expert', 'sukkur', 'experiencing', 'environmental', 'challenge', 'related', 'heavy', 'rainfall', 'weather', 'condition', 'shift']",environmental expert sukkur experiencing environmental challenge related heavy rainfall weather condition shift,12,11,General Disaster Discussion,Disaster
TWT276,user_843308,Citizens in Thatta have noticed economic pressure related to extreme weather due to changing climate patterns.,10/11/2021 12:00:00 AM,Thatta,#Smog,en,-0.1826,Negative,Climate Concern,Climate,3081,4922,extreme weather,citizens in thatta have noticed economic pressure related to extreme weather due to changing climate patterns.,[],[],FALSE,FALSE,5.9375,"['citizens', 'in', 'thatta', 'have', 'noticed', 'economic', 'pressure', 'related', 'to', 'extreme', 'weather', 'due', 'to', 'changing', 'climate', 'patterns', '.']","['citizens', 'thatta', 'noticed', 'economic', 'pressure', 'related', 'extreme', 'weather', 'due', 'changing', 'climate', 'patterns', '.']","['citizens', 'thatta', 'noticed', 'economic', 'pressure', 'related', 'extreme', 'weather', 'due', 'changing', 'climate', 'patterns']","['citizen', 'thatta', 'noticed', 'economic', 'pressure', 'related', 'extreme', 'weather', 'due', 'changing', 'climate', 'pattern']",citizen thatta noticed economic pressure related extreme weather due changing climate pattern,12,12,Negative Climate Concern,General
TWT277,user_437959,Climate researchers in Islamabad are discussing health risks related to flooding during ongoing environmental changes.,3/26/2019 12:00:00 AM,Islamabad,#GlobalWarming,en,-0.16392,Negative,Disaster Risk,Climate,4025,9798,flooding,climate researchers in islamabad are discussing health risks related to flooding during ongoing environmental changes.,[],[],FALSE,FALSE,6.933333333,"['climate', 'researchers', 'in', 'islamabad', 'are', 'discussing', 'health', 'risks', 'related', 'to', 'flooding', 'during', 'ongoing', 'environmental', 'changes', '.']","['climate', 'researchers', 'islamabad', 'discussing', 'health', 'risks', 'related', 'flooding', 'ongoing', 'environmental', 'changes', '.']","['climate', 'researchers', 'islamabad', 'discussing', 'health', 'risks', 'related', 'flooding', 'ongoing', 'environmental', 'changes']","['climate', 'researcher', 'islamabad', 'discussing', 'health', 'risk', 'related', 'flooding', 'ongoing', 'environmental', 'change']",climate researcher islamabad discussing health risk related flooding ongoing environmental change,11,11,Severe Disaster Concern,Disaster
TWT278,user_938759,Climate researchers in Quetta are observing serious impacts related to flooding during ongoing environmental changes.,6/21/2025 12:00:00 AM,Quetta,#PakistanClimate,en,-0.112986667,Neutral,Disaster Risk,Climate,4768,679,flooding,climate researchers in quetta are observing serious impacts related to flooding during ongoing environmental changes.,[],[],FALSE,FALSE,6.866666667,"['climate', 'researchers', 'in', 'quetta', 'are', 'observing', 'serious', 'impacts', 'related', 'to', 'flooding', 'during', 'ongoing', 'environmental', 'changes', '.']","['climate', 'researchers', 'quetta', 'observing', 'serious', 'impacts', 'related', 'flooding', 'ongoing', 'environmental', 'changes', '.']","['climate', 'researchers', 'quetta', 'observing', 'serious', 'impacts', 'related', 'flooding', 'ongoing', 'environmental', 'changes']","['climate', 'researcher', 'quetta', 'observing', 'serious', 'impact', 'related', 'flooding', 'ongoing', 'environmental', 'change']",climate researcher quetta observing serious impact related flooding ongoing environmental change,11,11,Severe Disaster Concern,Disaster
TWT279,user_854212,Citizens in Turbat have noticed health risks related to heavy rainfall due to changing climate patterns.,3/8/2020 12:00:00 AM,Turbat,#Floods,en,-0.207253333,Negative,Disaster Risk,Climate,1548,9497,heavy rainfall,citizens in turbat have noticed health risks related to heavy rainfall due to changing climate patterns.,[],[],FALSE,FALSE,5.5625,"['citizens', 'in', 'turbat', 'have', 'noticed', 'health', 'risks', 'related', 'to', 'heavy', 'rainfall', 'due', 'to', 'changing', 'climate', 'patterns', '.']","['citizens', 'turbat', 'noticed', 'health', 'risks', 'related', 'heavy', 'rainfall', 'due', 'changing', 'climate', 'patterns', '.']","['citizens', 'turbat', 'noticed', 'health', 'risks', 'related', 'heavy', 'rainfall', 'due', 'changing', 'climate', 'patterns']","['citizen', 'turbat', 'noticed', 'health', 'risk', 'related', 'heavy', 'rainfall', 'due', 'changing', 'climate', 'pattern']",citizen turbat noticed health risk related heavy rainfall due changing climate pattern,12,12,Severe Disaster Concern,Disaster
TWT280,user_13246,Local communities in Shikarpur are raising concerns about serious impacts related to extreme weather during ongoing environmental changes.,2/18/2024 12:00:00 AM,Shikarpur,#GlobalWarming,en,-0.092153333,Neutral,Climate Concern,Climate,224,6421,extreme weather,local communities in shikarpur are raising concerns about serious impacts related to extreme weather during ongoing environmental changes.,[],[],FALSE,FALSE,6.722222222,"['local', 'communities', 'in', 'shikarpur', 'are', 'raising', 'concerns', 'about', 'serious', 'impacts', 'related', 'to', 'extreme', 'weather', 'during', 'ongoing', 'environmental', 'changes', '.']","['local', 'communities', 'shikarpur', 'raising', 'concerns', 'serious', 'impacts', 'related', 'extreme', 'weather', 'ongoing', 'environmental', 'changes', '.']","['local', 'communities', 'shikarpur', 'raising', 'concerns', 'serious', 'impacts', 'related', 'extreme', 'weather', 'ongoing', 'environmental', 'changes']","['local', 'community', 'shikarpur', 'raising', 'concern', 'serious', 'impact', 'related', 'extreme', 'weather', 'ongoing', 'environmental', 'change']",local community shikarpur raising concern serious impact related extreme weather ongoing environmental change,13,13,Negative Climate Concern,General
TWT281,user_180779,Environmental experts in Rawalpindi have noticed health risks related to extreme weather as weather conditions shift.,2/9/2024 12:00:00 AM,Rawalpindi,#Smog,en,-0.18892,Negative,Climate Concern,Climate,181,522,extreme weather,environmental experts in rawalpindi have noticed health risks related to extreme weather as weather conditions shift.,[],[],FALSE,FALSE,6.375,"['environmental', 'experts', 'in', 'rawalpindi', 'have', 'noticed', 'health', 'risks', 'related', 'to', 'extreme', 'weather', 'as', 'weather', 'conditions', 'shift', '.']","['environmental', 'experts', 'rawalpindi', 'noticed', 'health', 'risks', 'related', 'extreme', 'weather', 'weather', 'conditions', 'shift', '.']","['environmental', 'experts', 'rawalpindi', 'noticed', 'health', 'risks', 'related', 'extreme', 'weather', 'weather', 'conditions', 'shift']","['environmental', 'expert', 'rawalpindi', 'noticed', 'health', 'risk', 'related', 'extreme', 'weather', 'weather', 'condition', 'shift']",environmental expert rawalpindi noticed health risk related extreme weather weather condition shift,12,11,Negative Climate Concern,General
TWT282,user_355945,Health officials in Vehari are experiencing public safety issues related to air pollution as weather conditions shift.,3/6/2021 12:00:00 AM,Vehari,#Environment,en,0.2529,Positive,Health Hazard,Climate,868,8872,air pollution,health officials in vehari are experiencing public safety issues related to air pollution as weather conditions shift.,[],[],FALSE,FALSE,6,"['health', 'officials', 'in', 'vehari', 'are', 'experiencing', 'public', 'safety', 'issues', 'related', 'to', 'air', 'pollution', 'as', 'weather', 'conditions', 'shift', '.']","['health', 'officials', 'vehari', 'experiencing', 'public', 'safety', 'issues', 'related', 'air', 'pollution', 'weather', 'conditions', 'shift', '.']","['health', 'officials', 'vehari', 'experiencing', 'public', 'safety', 'issues', 'related', 'air', 'pollution', 'weather', 'conditions', 'shift']","['health', 'official', 'vehari', 'experiencing', 'public', 'safety', 'issue', 'related', 'air', 'pollution', 'weather', 'condition', 'shift']",health official vehari experiencing public safety issue related air pollution weather condition shift,13,13,Environmental Awareness,Pollution
TWT283,user_401655,Citizens in Islamabad are discussing economic pressure related to flooding after recent reports.,7/29/2024 12:00:00 AM,Islamabad,#PakistanClimate,en,-0.150933333,Negative,Disaster Risk,Climate,351,6527,flooding,citizens in islamabad are discussing economic pressure related to flooding after recent reports.,[],[],FALSE,FALSE,6.461538462,"['citizens', 'in', 'islamabad', 'are', 'discussing', 'economic', 'pressure', 'related', 'to', 'flooding', 'after', 'recent', 'reports', '.']","['citizens', 'islamabad', 'discussing', 'economic', 'pressure', 'related', 'flooding', 'recent', 'reports', '.']","['citizens', 'islamabad', 'discussing', 'economic', 'pressure', 'related', 'flooding', 'recent', 'reports']","['citizen', 'islamabad', 'discussing', 'economic', 'pressure', 'related', 'flooding', 'recent', 'report']",citizen islamabad discussing economic pressure related flooding recent report,9,9,Severe Disaster Concern,Disaster
TWT284,user_963589,Urban planners in Bannu have noticed economic pressure related to heavy rainfall due to changing climate patterns.,7/12/2023 12:00:00 AM,Bannu,#PakistanClimate,en,-0.1876,Negative,Disaster Risk,Climate,4226,2387,heavy rainfall,urban planners in bannu have noticed economic pressure related to heavy rainfall due to changing climate patterns.,[],[],FALSE,FALSE,5.764705882,"['urban', 'planners', 'in', 'bannu', 'have', 'noticed', 'economic', 'pressure', 'related', 'to', 'heavy', 'rainfall', 'due', 'to', 'changing', 'climate', 'patterns', '.']","['urban', 'planners', 'bannu', 'noticed', 'economic', 'pressure', 'related', 'heavy', 'rainfall', 'due', 'changing', 'climate', 'patterns', '.']","['urban', 'planners', 'bannu', 'noticed', 'economic', 'pressure', 'related', 'heavy', 'rainfall', 'due', 'changing', 'climate', 'patterns']","['urban', 'planner', 'bannu', 'noticed', 'economic', 'pressure', 'related', 'heavy', 'rainfall', 'due', 'changing', 'climate', 'pattern']",urban planner bannu noticed economic pressure related heavy rainfall due changing climate pattern,13,13,Severe Disaster Concern,Disaster
TWT285,user_953489,Climate researchers in Swat are experiencing health risks related to rising temperatures in recent months.,7/16/2023 12:00:00 AM,Swat,#Environment,en,-0.16392,Negative,Climate Stress,Climate,4142,1956,rising temperatures,climate researchers in swat are experiencing health risks related to rising temperatures in recent months.,[],[],FALSE,FALSE,6.133333333,"['climate', 'researchers', 'in', 'swat', 'are', 'experiencing', 'health', 'risks', 'related', 'to', 'rising', 'temperatures', 'in', 'recent', 'months', '.']","['climate', 'researchers', 'swat', 'experiencing', 'health', 'risks', 'related', 'rising', 'temperatures', 'recent', 'months', '.']","['climate', 'researchers', 'swat', 'experiencing', 'health', 'risks', 'related', 'rising', 'temperatures', 'recent', 'months']","['climate', 'researcher', 'swat', 'experiencing', 'health', 'risk', 'related', 'rising', 'temperature', 'recent', 'month']",climate researcher swat experiencing health risk related rising temperature recent month,11,11,Climate Stress,Climate Change
TWT286,user_143647,Citizens in Swabi are raising concerns about health risks related to water scarcity as weather conditions shift.,2/23/2023 12:00:00 AM,Swabi,#PakistanClimate,en,-0.16392,Negative,Resource Crisis,Climate,3675,3311,water scarcity,citizens in swabi are raising concerns about health risks related to water scarcity as weather conditions shift.,[],[],FALSE,FALSE,5.647058824,"['citizens', 'in', 'swabi', 'are', 'raising', 'concerns', 'about', 'health', 'risks', 'related', 'to', 'water', 'scarcity', 'as', 'weather', 'conditions', 'shift', '.']","['citizens', 'swabi', 'raising', 'concerns', 'health', 'risks', 'related', 'water', 'scarcity', 'weather', 'conditions', 'shift', '.']","['citizens', 'swabi', 'raising', 'concerns', 'health', 'risks', 'related', 'water', 'scarcity', 'weather', 'conditions', 'shift']","['citizen', 'swabi', 'raising', 'concern', 'health', 'risk', 'related', 'water', 'scarcity', 'weather', 'condition', 'shift']",citizen swabi raising concern health risk related water scarcity weather condition shift,12,12,Resource Crisis,Resource Issue
TWT287,user_150879,Health officials in Swat are experiencing health risks related to water scarcity due to changing climate patterns.,9/18/2022 12:00:00 AM,Swat,#GlobalWarming,en,-0.18892,Negative,Resource Crisis,Climate,3128,4398,water scarcity,health officials in swat are experiencing health risks related to water scarcity due to changing climate patterns.,[],[],FALSE,FALSE,5.764705882,"['health', 'officials', 'in', 'swat', 'are', 'experiencing', 'health', 'risks', 'related', 'to', 'water', 'scarcity', 'due', 'to', 'changing', 'climate', 'patterns', '.']","['health', 'officials', 'swat', 'experiencing', 'health', 'risks', 'related', 'water', 'scarcity', 'due', 'changing', 'climate', 'patterns', '.']","['health', 'officials', 'swat', 'experiencing', 'health', 'risks', 'related', 'water', 'scarcity', 'due', 'changing', 'climate', 'patterns']","['health', 'official', 'swat', 'experiencing', 'health', 'risk', 'related', 'water', 'scarcity', 'due', 'changing', 'climate', 'pattern']",health official swat experiencing health risk related water scarcity due changing climate pattern,13,12,Resource Crisis,Resource Issue
TWT288,user_330664,Residents in Badin are observing economic pressure related to smog during ongoing environmental changes.,5/28/2018 12:00:00 AM,Badin,#ClimateChange,en,-0.27602,Negative,Health Hazard,Climate,327,9115,smog,residents in badin are observing economic pressure related to smog during ongoing environmental changes.,[],[],FALSE,FALSE,6.5,"['residents', 'in', 'badin', 'are', 'observing', 'economic', 'pressure', 'related', 'to', 'smog', 'during', 'ongoing', 'environmental', 'changes', '.']","['residents', 'badin', 'observing', 'economic', 'pressure', 'related', 'smog', 'ongoing', 'environmental', 'changes', '.']","['residents', 'badin', 'observing', 'economic', 'pressure', 'related', 'smog', 'ongoing', 'environmental', 'changes']","['resident', 'badin', 'observing', 'economic', 'pressure', 'related', 'smog', 'ongoing', 'environmental', 'change']",resident badin observing economic pressure related smog ongoing environmental change,10,10,Health Hazard,Pollution
TWT289,user_415698,Health officials in Islamabad are raising concerns about health risks related to flooding during ongoing environmental changes.,12/10/2025 12:00:00 AM,Islamabad,#Floods,en,-0.16392,Negative,Disaster Risk,Climate,2274,5141,flooding,health officials in islamabad are raising concerns about health risks related to flooding during ongoing environmental changes.,[],[],FALSE,FALSE,6.529411765,"['health', 'officials', 'in', 'islamabad', 'are', 'raising', 'concerns', 'about', 'health', 'risks', 'related', 'to', 'flooding', 'during', 'ongoing', 'environmental', 'changes', '.']","['health', 'officials', 'islamabad', 'raising', 'concerns', 'health', 'risks', 'related', 'flooding', 'ongoing', 'environmental', 'changes', '.']","['health', 'officials', 'islamabad', 'raising', 'concerns', 'health', 'risks', 'related', 'flooding', 'ongoing', 'environmental', 'changes']","['health', 'official', 'islamabad', 'raising', 'concern', 'health', 'risk', 'related', 'flooding', 'ongoing', 'environmental', 'change']",health official islamabad raising concern health risk related flooding ongoing environmental change,12,11,Severe Disaster Concern,Disaster
TWT290,user_602461,Local communities in Hyderabad are reporting public safety issues related to air pollution as weather conditions shift.,4/17/2025 12:00:00 AM,Hyderabad,#Smog,en,0.2529,Positive,Health Hazard,Climate,4768,5974,air pollution,local communities in hyderabad are reporting public safety issues related to air pollution as weather conditions shift.,[],[],FALSE,FALSE,6.058823529,"['local', 'communities', 'in', 'hyderabad', 'are', 'reporting', 'public', 'safety', 'issues', 'related', 'to', 'air', 'pollution', 'as', 'weather', 'conditions', 'shift', '.']","['local', 'communities', 'hyderabad', 'reporting', 'public', 'safety', 'issues', 'related', 'air', 'pollution', 'weather', 'conditions', 'shift', '.']","['local', 'communities', 'hyderabad', 'reporting', 'public', 'safety', 'issues', 'related', 'air', 'pollution', 'weather', 'conditions', 'shift']","['local', 'community', 'hyderabad', 'reporting', 'public', 'safety', 'issue', 'related', 'air', 'pollution', 'weather', 'condition', 'shift']",local community hyderabad reporting public safety issue related air pollution weather condition shift,13,13,Environmental Awareness,Pollution
TWT291,user_71781,Environmental experts in Islamabad have noticed long-term effects related to extreme weather due to changing climate patterns.,11/16/2019 12:00:00 AM,Islamabad,#Floods,en,-0.033333333,Neutral,Climate Concern,Climate,140,861,extreme weather,environmental experts in islamabad have noticed long-term effects related to extreme weather due to changing climate patterns.,[],[],FALSE,FALSE,6.470588235,"['environmental', 'experts', 'in', 'islamabad', 'have', 'noticed', 'long-term', 'effects', 'related', 'to', 'extreme', 'weather', 'due', 'to', 'changing', 'climate', 'patterns', '.']","['environmental', 'experts', 'islamabad', 'noticed', 'long-term', 'effects', 'related', 'extreme', 'weather', 'due', 'changing', 'climate', 'patterns', '.']","['environmental', 'experts', 'islamabad', 'noticed', 'long-term', 'effects', 'related', 'extreme', 'weather', 'due', 'changing', 'climate', 'patterns']","['environmental', 'expert', 'islamabad', 'noticed', 'long-term', 'effect', 'related', 'extreme', 'weather', 'due', 'changing', 'climate', 'pattern']",environmental expert islamabad noticed long-term effect related extreme weather due changing climate pattern,13,13,Negative Climate Concern,General
TWT292,user_158057,Urban planners in Islamabad are observing serious impacts related to extreme weather during ongoing environmental changes.,9/5/2021 12:00:00 AM,Islamabad,#Heatwave,en,-0.092153333,Neutral,Climate Concern,Climate,3453,9636,extreme weather,urban planners in islamabad are observing serious impacts related to extreme weather during ongoing environmental changes.,[],[],FALSE,FALSE,6.6875,"['urban', 'planners', 'in', 'islamabad', 'are', 'observing', 'serious', 'impacts', 'related', 'to', 'extreme', 'weather', 'during', 'ongoing', 'environmental', 'changes', '.']","['urban', 'planners', 'islamabad', 'observing', 'serious', 'impacts', 'related', 'extreme', 'weather', 'ongoing', 'environmental', 'changes', '.']","['urban', 'planners', 'islamabad', 'observing', 'serious', 'impacts', 'related', 'extreme', 'weather', 'ongoing', 'environmental', 'changes']","['urban', 'planner', 'islamabad', 'observing', 'serious', 'impact', 'related', 'extreme', 'weather', 'ongoing', 'environmental', 'change']",urban planner islamabad observing serious impact related extreme weather ongoing environmental change,12,12,Negative Climate Concern,General
TWT293,user_594630,Climate researchers in Gujranwala are observing serious impacts related to smog in recent months.,10/28/2024 12:00:00 AM,Gujranwala,#PakistanClimate,en,-0.261164444,Negative,Health Hazard,Climate,29,529,smog,climate researchers in gujranwala are observing serious impacts related to smog in recent months.,[],[],FALSE,FALSE,6,"['climate', 'researchers', 'in', 'gujranwala', 'are', 'observing', 'serious', 'impacts', 'related', 'to', 'smog', 'in', 'recent', 'months', '.']","['climate', 'researchers', 'gujranwala', 'observing', 'serious', 'impacts', 'related', 'smog', 'recent', 'months', '.']","['climate', 'researchers', 'gujranwala', 'observing', 'serious', 'impacts', 'related', 'smog', 'recent', 'months']","['climate', 'researcher', 'gujranwala', 'observing', 'serious', 'impact', 'related', 'smog', 'recent', 'month']",climate researcher gujranwala observing serious impact related smog recent month,10,10,Health Hazard,Pollution
TWT294,user_33896,Citizens in Sargodha have noticed health risks related to extreme weather after recent reports.,10/11/2023 12:00:00 AM,Sargodha,#Smog,en,-0.180586667,Negative,Climate Concern,Climate,4158,3313,extreme weather,citizens in sargodha have noticed health risks related to extreme weather after recent reports.,[],[],FALSE,FALSE,5.857142857,"['citizens', 'in', 'sargodha', 'have', 'noticed', 'health', 'risks', 'related', 'to', 'extreme', 'weather', 'after', 'recent', 'reports', '.']","['citizens', 'sargodha', 'noticed', 'health', 'risks', 'related', 'extreme', 'weather', 'recent', 'reports', '.']","['citizens', 'sargodha', 'noticed', 'health', 'risks', 'related', 'extreme', 'weather', 'recent', 'reports']","['citizen', 'sargodha', 'noticed', 'health', 'risk', 'related', 'extreme', 'weather', 'recent', 'report']",citizen sargodha noticed health risk related extreme weather recent report,10,10,Negative Climate Concern,General
TWT295,user_363925,Local communities in Islamabad are reporting health risks related to heavy rainfall due to changing climate patterns.,8/2/2023 12:00:00 AM,Islamabad,#Heatwave,en,-0.19642,Negative,Disaster Risk,Climate,3481,4392,heavy rainfall,local communities in islamabad are reporting health risks related to heavy rainfall due to changing climate patterns.,[],[],FALSE,FALSE,5.941176471,"['local', 'communities', 'in', 'islamabad', 'are', 'reporting', 'health', 'risks', 'related', 'to', 'heavy', 'rainfall', 'due', 'to', 'changing', 'climate', 'patterns', '.']","['local', 'communities', 'islamabad', 'reporting', 'health', 'risks', 'related', 'heavy', 'rainfall', 'due', 'changing', 'climate', 'patterns', '.']","['local', 'communities', 'islamabad', 'reporting', 'health', 'risks', 'related', 'heavy', 'rainfall', 'due', 'changing', 'climate', 'patterns']","['local', 'community', 'islamabad', 'reporting', 'health', 'risk', 'related', 'heavy', 'rainfall', 'due', 'changing', 'climate', 'pattern']",local community islamabad reporting health risk related heavy rainfall due changing climate pattern,13,13,Severe Disaster Concern,Disaster
TWT296,user_172345,Local communities in Khuzdar are raising concerns about health risks related to heavy rainfall due to changing climate patterns.,8/17/2025 12:00:00 AM,Khuzdar,#Heatwave,en,-0.19642,Negative,Disaster Risk,Climate,2781,1547,heavy rainfall,local communities in khuzdar are raising concerns about health risks related to heavy rainfall due to changing climate patterns.,[],[],FALSE,FALSE,5.789473684,"['local', 'communities', 'in', 'khuzdar', 'are', 'raising', 'concerns', 'about', 'health', 'risks', 'related', 'to', 'heavy', 'rainfall', 'due', 'to', 'changing', 'climate', 'patterns', '.']","['local', 'communities', 'khuzdar', 'raising', 'concerns', 'health', 'risks', 'related', 'heavy', 'rainfall', 'due', 'changing', 'climate', 'patterns', '.']","['local', 'communities', 'khuzdar', 'raising', 'concerns', 'health', 'risks', 'related', 'heavy', 'rainfall', 'due', 'changing', 'climate', 'patterns']","['local', 'community', 'khuzdar', 'raising', 'concern', 'health', 'risk', 'related', 'heavy', 'rainfall', 'due', 'changing', 'climate', 'pattern']",local community khuzdar raising concern health risk related heavy rainfall due changing climate pattern,14,14,Severe Disaster Concern,Disaster
TWT297,user_788226,Local communities in Panjgur are raising concerns about health risks related to water scarcity due to changing climate patterns.,11/30/2022 12:00:00 AM,Panjgur,#Smog,en,-0.180586667,Negative,Resource Crisis,Climate,2065,3849,water scarcity,local communities in panjgur are raising concerns about health risks related to water scarcity due to changing climate patterns.,[],[],FALSE,FALSE,5.789473684,"['local', 'communities', 'in', 'panjgur', 'are', 'raising', 'concerns', 'about', 'health', 'risks', 'related', 'to', 'water', 'scarcity', 'due', 'to', 'changing', 'climate', 'patterns', '.']","['local', 'communities', 'panjgur', 'raising', 'concerns', 'health', 'risks', 'related', 'water', 'scarcity', 'due', 'changing', 'climate', 'patterns', '.']","['local', 'communities', 'panjgur', 'raising', 'concerns', 'health', 'risks', 'related', 'water', 'scarcity', 'due', 'changing', 'climate', 'patterns']","['local', 'community', 'panjgur', 'raising', 'concern', 'health', 'risk', 'related', 'water', 'scarcity', 'due', 'changing', 'climate', 'pattern']",local community panjgur raising concern health risk related water scarcity due changing climate pattern,14,14,Resource Crisis,Resource Issue
TWT298,user_679642,Residents in Bahawalpur are discussing economic pressure related to smog during ongoing environmental changes.,1/1/2022 12:00:00 AM,Bahawalpur,#Heatwave,en,-0.27602,Negative,Health Hazard,Climate,155,4798,smog,residents in bahawalpur are discussing economic pressure related to smog during ongoing environmental changes.,[],[],FALSE,FALSE,6.928571429,"['residents', 'in', 'bahawalpur', 'are', 'discussing', 'economic', 'pressure', 'related', 'to', 'smog', 'during', 'ongoing', 'environmental', 'changes', '.']","['residents', 'bahawalpur', 'discussing', 'economic', 'pressure', 'related', 'smog', 'ongoing', 'environmental', 'changes', '.']","['residents', 'bahawalpur', 'discussing', 'economic', 'pressure', 'related', 'smog', 'ongoing', 'environmental', 'changes']","['resident', 'bahawalpur', 'discussing', 'economic', 'pressure', 'related', 'smog', 'ongoing', 'environmental', 'change']",resident bahawalpur discussing economic pressure related smog ongoing environmental change,10,10,Health Hazard,Pollution
TWT299,user_692488,Climate researchers in Sukkur are observing long-term effects related to air pollution as weather conditions shift.,3/7/2024 12:00:00 AM,Sukkur,#Floods,en,0,Neutral,Health Hazard,Climate,3341,1784,air pollution,climate researchers in sukkur are observing long-term effects related to air pollution as weather conditions shift.,[],[],FALSE,FALSE,6.25,"['climate', 'researchers', 'in', 'sukkur', 'are', 'observing', 'long-term', 'effects', 'related', 'to', 'air', 'pollution', 'as', 'weather', 'conditions', 'shift', '.']","['climate', 'researchers', 'sukkur', 'observing', 'long-term', 'effects', 'related', 'air', 'pollution', 'weather', 'conditions', 'shift', '.']","['climate', 'researchers', 'sukkur', 'observing', 'long-term', 'effects', 'related', 'air', 'pollution', 'weather', 'conditions', 'shift']","['climate', 'researcher', 'sukkur', 'observing', 'long-term', 'effect', 'related', 'air', 'pollution', 'weather', 'condition', 'shift']",climate researcher sukkur observing long-term effect related air pollution weather condition shift,12,12,Environmental Awareness,Pollution
TWT300,user_813111,Climate researchers in Larkana are reporting public safety issues related to climate change after recent reports.,7/1/2023 12:00:00 AM,Larkana,#Heatwave,en,0.2529,Positive,Climate Concern,Climate,1884,2641,climate change,climate researchers in larkana are reporting public safety issues related to climate change after recent reports.,[],[],FALSE,FALSE,6.125,"['climate', 'researchers', 'in', 'larkana', 'are', 'reporting', 'public', 'safety', 'issues', 'related', 'to', 'climate', 'change', 'after', 'recent', 'reports', '.']","['climate', 'researchers', 'larkana', 'reporting', 'public', 'safety', 'issues', 'related', 'climate', 'change', 'recent', 'reports', '.']","['climate', 'researchers', 'larkana', 'reporting', 'public', 'safety', 'issues', 'related', 'climate', 'change', 'recent', 'reports']","['climate', 'researcher', 'larkana', 'reporting', 'public', 'safety', 'issue', 'related', 'climate', 'change', 'recent', 'report']",climate researcher larkana reporting public safety issue related climate change recent report,12,11,Climate Awareness,Climate Change
TWT301,user_278837,Environmental experts in Badin are discussing serious impacts related to rising temperatures in recent months.,12/2/2018 12:00:00 AM,Badin,#Heatwave,en,-0.090764444,Neutral,Climate Stress,Climate,824,925,rising temperatures,environmental experts in badin are discussing serious impacts related to rising temperatures in recent months.,[],[],FALSE,FALSE,6.4,"['environmental', 'experts', 'in', 'badin', 'are', 'discussing', 'serious', 'impacts', 'related', 'to', 'rising', 'temperatures', 'in', 'recent', 'months', '.']","['environmental', 'experts', 'badin', 'discussing', 'serious', 'impacts', 'related', 'rising', 'temperatures', 'recent', 'months', '.']","['environmental', 'experts', 'badin', 'discussing', 'serious', 'impacts', 'related', 'rising', 'temperatures', 'recent', 'months']","['environmental', 'expert', 'badin', 'discussing', 'serious', 'impact', 'related', 'rising', 'temperature', 'recent', 'month']",environmental expert badin discussing serious impact related rising temperature recent month,11,11,Climate Stress,Climate Change
TWT302,user_996613,Urban planners in Swat are discussing serious impacts related to smog as weather conditions shift.,10/26/2025 12:00:00 AM,Swat,#ClimateChange,en,-0.261164444,Negative,Health Hazard,Climate,4463,1804,smog,urban planners in swat are discussing serious impacts related to smog as weather conditions shift.,[],[],FALSE,FALSE,5.6,"['urban', 'planners', 'in', 'swat', 'are', 'discussing', 'serious', 'impacts', 'related', 'to', 'smog', 'as', 'weather', 'conditions', 'shift', '.']","['urban', 'planners', 'swat', 'discussing', 'serious', 'impacts', 'related', 'smog', 'weather', 'conditions', 'shift', '.']","['urban', 'planners', 'swat', 'discussing', 'serious', 'impacts', 'related', 'smog', 'weather', 'conditions', 'shift']","['urban', 'planner', 'swat', 'discussing', 'serious', 'impact', 'related', 'smog', 'weather', 'condition', 'shift']",urban planner swat discussing serious impact related smog weather condition shift,11,11,Health Hazard,Pollution
TWT303,user_136541,Urban planners in Turbat are reporting long-term effects related to flooding during ongoing environmental changes.,1/11/2019 12:00:00 AM,Turbat,#PakistanClimate,en,0,Neutral,Disaster Risk,Climate,4872,9385,flooding,urban planners in turbat are reporting long-term effects related to flooding during ongoing environmental changes.,[],[],FALSE,FALSE,6.666666667,"['urban', 'planners', 'in', 'turbat', 'are', 'reporting', 'long-term', 'effects', 'related', 'to', 'flooding', 'during', 'ongoing', 'environmental', 'changes', '.']","['urban', 'planners', 'turbat', 'reporting', 'long-term', 'effects', 'related', 'flooding', 'ongoing', 'environmental', 'changes', '.']","['urban', 'planners', 'turbat', 'reporting', 'long-term', 'effects', 'related', 'flooding', 'ongoing', 'environmental', 'changes']","['urban', 'planner', 'turbat', 'reporting', 'long-term', 'effect', 'related', 'flooding', 'ongoing', 'environmental', 'change']",urban planner turbat reporting long-term effect related flooding ongoing environmental change,11,11,General Disaster Discussion,Disaster
TWT304,user_18686,Environmental experts in Swat are observing health risks related to climate change as weather conditions shift.,1/4/2024 12:00:00 AM,Swat,#PakistanClimate,en,-0.16392,Negative,Climate Concern,Climate,3351,4461,climate change,environmental experts in swat are observing health risks related to climate change as weather conditions shift.,[],[],FALSE,FALSE,6,"['environmental', 'experts', 'in', 'swat', 'are', 'observing', 'health', 'risks', 'related', 'to', 'climate', 'change', 'as', 'weather', 'conditions', 'shift', '.']","['environmental', 'experts', 'swat', 'observing', 'health', 'risks', 'related', 'climate', 'change', 'weather', 'conditions', 'shift', '.']","['environmental', 'experts', 'swat', 'observing', 'health', 'risks', 'related', 'climate', 'change', 'weather', 'conditions', 'shift']","['environmental', 'expert', 'swat', 'observing', 'health', 'risk', 'related', 'climate', 'change', 'weather', 'condition', 'shift']",environmental expert swat observing health risk related climate change weather condition shift,12,12,Climate Stress,Climate Change
TWT305,user_331720,Local communities in Panjgur have noticed long-term effects related to heavy rainfall due to changing climate patterns.,6/18/2021 12:00:00 AM,Panjgur,#PakistanClimate,en,-0.0325,Neutral,Disaster Risk,Climate,779,1150,heavy rainfall,local communities in panjgur have noticed long-term effects related to heavy rainfall due to changing climate patterns.,[],[],FALSE,FALSE,6.058823529,"['local', 'communities', 'in', 'panjgur', 'have', 'noticed', 'long-term', 'effects', 'related', 'to', 'heavy', 'rainfall', 'due', 'to', 'changing', 'climate', 'patterns', '.']","['local', 'communities', 'panjgur', 'noticed', 'long-term', 'effects', 'related', 'heavy', 'rainfall', 'due', 'changing', 'climate', 'patterns', '.']","['local', 'communities', 'panjgur', 'noticed', 'long-term', 'effects', 'related', 'heavy', 'rainfall', 'due', 'changing', 'climate', 'patterns']","['local', 'community', 'panjgur', 'noticed', 'long-term', 'effect', 'related', 'heavy', 'rainfall', 'due', 'changing', 'climate', 'pattern']",local community panjgur noticed long-term effect related heavy rainfall due changing climate pattern,13,13,Severe Disaster Concern,Disaster
TWT306,user_49128,Residents in Sibi are observing public safety issues related to climate change after recent reports.,4/17/2020 12:00:00 AM,Sibi,#Floods,en,0.2529,Positive,Climate Concern,Climate,972,4199,climate change,residents in sibi are observing public safety issues related to climate change after recent reports.,[],[],FALSE,FALSE,5.733333333,"['residents', 'in', 'sibi', 'are', 'observing', 'public', 'safety', 'issues', 'related', 'to', 'climate', 'change', 'after', 'recent', 'reports', '.']","['residents', 'sibi', 'observing', 'public', 'safety', 'issues', 'related', 'climate', 'change', 'recent', 'reports', '.']","['residents', 'sibi', 'observing', 'public', 'safety', 'issues', 'related', 'climate', 'change', 'recent', 'reports']","['resident', 'sibi', 'observing', 'public', 'safety', 'issue', 'related', 'climate', 'change', 'recent', 'report']",resident sibi observing public safety issue related climate change recent report,11,11,Climate Awareness,Climate Change
TWT307,user_67460,Citizens in Quetta are reporting economic pressure related to climate change in recent months.,6/6/2020 12:00:00 AM,Quetta,#Smog,en,-0.150933333,Negative,Climate Concern,Climate,1976,4173,climate change,citizens in quetta are reporting economic pressure related to climate change in recent months.,[],[],FALSE,FALSE,5.785714286,"['citizens', 'in', 'quetta', 'are', 'reporting', 'economic', 'pressure', 'related', 'to', 'climate', 'change', 'in', 'recent', 'months', '.']","['citizens', 'quetta', 'reporting', 'economic', 'pressure', 'related', 'climate', 'change', 'recent', 'months', '.']","['citizens', 'quetta', 'reporting', 'economic', 'pressure', 'related', 'climate', 'change', 'recent', 'months']","['citizen', 'quetta', 'reporting', 'economic', 'pressure', 'related', 'climate', 'change', 'recent', 'month']",citizen quetta reporting economic pressure related climate change recent month,10,10,Climate Stress,Climate Change
TWT308,user_931063,Environmental experts in Sialkot are experiencing environmental challenges related to smog as weather conditions shift.,9/24/2019 12:00:00 AM,Sialkot,#Environment,en,-0.13578,Negative,Health Hazard,Climate,2512,5784,smog,environmental experts in sialkot are experiencing environmental challenges related to smog as weather conditions shift.,[],[],FALSE,FALSE,7,"['environmental', 'experts', 'in', 'sialkot', 'are', 'experiencing', 'environmental', 'challenges', 'related', 'to', 'smog', 'as', 'weather', 'conditions', 'shift', '.']","['environmental', 'experts', 'sialkot', 'experiencing', 'environmental', 'challenges', 'related', 'smog', 'weather', 'conditions', 'shift', '.']","['environmental', 'experts', 'sialkot', 'experiencing', 'environmental', 'challenges', 'related', 'smog', 'weather', 'conditions', 'shift']","['environmental', 'expert', 'sialkot', 'experiencing', 'environmental', 'challenge', 'related', 'smog', 'weather', 'condition', 'shift']",environmental expert sialkot experiencing environmental challenge related smog weather condition shift,11,10,Health Hazard,Pollution
TWT309,user_43480,Environmental experts in Abbottabad have noticed environmental challenges related to rising temperatures after recent reports.,5/29/2018 12:00:00 AM,Abbottabad,#PakistanClimate,en,0.04632,Neutral,Climate Stress,Climate,178,6260,rising temperatures,environmental experts in abbottabad have noticed environmental challenges related to rising temperatures after recent reports.,[],[],FALSE,FALSE,7.466666667,"['environmental', 'experts', 'in', 'abbottabad', 'have', 'noticed', 'environmental', 'challenges', 'related', 'to', 'rising', 'temperatures', 'after', 'recent', 'reports', '.']","['environmental', 'experts', 'abbottabad', 'noticed', 'environmental', 'challenges', 'related', 'rising', 'temperatures', 'recent', 'reports', '.']","['environmental', 'experts', 'abbottabad', 'noticed', 'environmental', 'challenges', 'related', 'rising', 'temperatures', 'recent', 'reports']","['environmental', 'expert', 'abbottabad', 'noticed', 'environmental', 'challenge', 'related', 'rising', 'temperature', 'recent', 'report']",environmental expert abbottabad noticed environmental challenge related rising temperature recent report,11,10,Climate Awareness,Climate Change
TWT310,user_574444,Environmental experts in Sargodha are observing health risks related to air pollution in recent months.,2/19/2023 12:00:00 AM,Sargodha,#Environment,en,-0.16392,Negative,Health Hazard,Climate,2706,3743,air pollution,environmental experts in sargodha are observing health risks related to air pollution in recent months.,[],[],FALSE,FALSE,5.933333333,"['environmental', 'experts', 'in', 'sargodha', 'are', 'observing', 'health', 'risks', 'related', 'to', 'air', 'pollution', 'in', 'recent', 'months', '.']","['environmental', 'experts', 'sargodha', 'observing', 'health', 'risks', 'related', 'air', 'pollution', 'recent', 'months', '.']","['environmental', 'experts', 'sargodha', 'observing', 'health', 'risks', 'related', 'air', 'pollution', 'recent', 'months']","['environmental', 'expert', 'sargodha', 'observing', 'health', 'risk', 'related', 'air', 'pollution', 'recent', 'month']",environmental expert sargodha observing health risk related air pollution recent month,11,11,Health Hazard,Pollution
TWT311,user_557556,Climate researchers in Kasur are reporting economic pressure related to heatwave as weather conditions shift.,8/18/2018 12:00:00 AM,Kasur,#Floods,en,-0.1376,Negative,Climate Stress,Climate,3217,3885,heatwave,climate researchers in kasur are reporting economic pressure related to heatwave as weather conditions shift.,[],[],FALSE,FALSE,6.333333333,"['climate', 'researchers', 'in', 'kasur', 'are', 'reporting', 'economic', 'pressure', 'related', 'to', 'heatwave', 'as', 'weather', 'conditions', 'shift', '.']","['climate', 'researchers', 'kasur', 'reporting', 'economic', 'pressure', 'related', 'heatwave', 'weather', 'conditions', 'shift', '.']","['climate', 'researchers', 'kasur', 'reporting', 'economic', 'pressure', 'related', 'heatwave', 'weather', 'conditions', 'shift']","['climate', 'researcher', 'kasur', 'reporting', 'economic', 'pressure', 'related', 'heatwave', 'weather', 'condition', 'shift']",climate researcher kasur reporting economic pressure related heatwave weather condition shift,11,11,Severe Disaster Concern,Disaster
TWT312,user_431571,Urban planners in Abbottabad are experiencing health risks related to climate change in recent months.,3/29/2020 12:00:00 AM,Abbottabad,#Floods,en,-0.16392,Negative,Climate Concern,Climate,72,9893,climate change,urban planners in abbottabad are experiencing health risks related to climate change in recent months.,[],[],FALSE,FALSE,5.866666667,"['urban', 'planners', 'in', 'abbottabad', 'are', 'experiencing', 'health', 'risks', 'related', 'to', 'climate', 'change', 'in', 'recent', 'months', '.']","['urban', 'planners', 'abbottabad', 'experiencing', 'health', 'risks', 'related', 'climate', 'change', 'recent', 'months', '.']","['urban', 'planners', 'abbottabad', 'experiencing', 'health', 'risks', 'related', 'climate', 'change', 'recent', 'months']","['urban', 'planner', 'abbottabad', 'experiencing', 'health', 'risk', 'related', 'climate', 'change', 'recent', 'month']",urban planner abbottabad experiencing health risk related climate change recent month,11,11,Climate Stress,Climate Change
TWT313,user_359771,Health officials in Mirpurkhas are experiencing health risks related to air pollution during ongoing environmental changes.,11/12/2022 12:00:00 AM,Mirpurkhas,#Heatwave,en,-0.16392,Negative,Health Hazard,Climate,1389,3689,air pollution,health officials in mirpurkhas are experiencing health risks related to air pollution during ongoing environmental changes.,[],[],FALSE,FALSE,6.75,"['health', 'officials', 'in', 'mirpurkhas', 'are', 'experiencing', 'health', 'risks', 'related', 'to', 'air', 'pollution', 'during', 'ongoing', 'environmental', 'changes', '.']","['health', 'officials', 'mirpurkhas', 'experiencing', 'health', 'risks', 'related', 'air', 'pollution', 'ongoing', 'environmental', 'changes', '.']","['health', 'officials', 'mirpurkhas', 'experiencing', 'health', 'risks', 'related', 'air', 'pollution', 'ongoing', 'environmental', 'changes']","['health', 'official', 'mirpurkhas', 'experiencing', 'health', 'risk', 'related', 'air', 'pollution', 'ongoing', 'environmental', 'change']",health official mirpurkhas experiencing health risk related air pollution ongoing environmental change,12,11,Health Hazard,Pollution
TWT314,user_300866,Climate researchers in Thatta have noticed public safety issues related to heatwave during ongoing environmental changes.,7/11/2019 12:00:00 AM,Thatta,#Floods,en,0.2529,Positive,Climate Stress,Climate,3965,748,heatwave,climate researchers in thatta have noticed public safety issues related to heatwave during ongoing environmental changes.,[],[],FALSE,FALSE,6.625,"['climate', 'researchers', 'in', 'thatta', 'have', 'noticed', 'public', 'safety', 'issues', 'related', 'to', 'heatwave', 'during', 'ongoing', 'environmental', 'changes', '.']","['climate', 'researchers', 'thatta', 'noticed', 'public', 'safety', 'issues', 'related', 'heatwave', 'ongoing', 'environmental', 'changes', '.']","['climate', 'researchers', 'thatta', 'noticed', 'public', 'safety', 'issues', 'related', 'heatwave', 'ongoing', 'environmental', 'changes']","['climate', 'researcher', 'thatta', 'noticed', 'public', 'safety', 'issue', 'related', 'heatwave', 'ongoing', 'environmental', 'change']",climate researcher thatta noticed public safety issue related heatwave ongoing environmental change,12,12,Disaster Relief / Recovery,Disaster
TWT315,user_648635,Environmental experts in Gwadar are raising concerns about public safety issues related to flooding as weather conditions shift.,6/1/2024 12:00:00 AM,Gwadar,#GlobalWarming,en,0.2529,Positive,Disaster Risk,Climate,3348,879,flooding,environmental experts in gwadar are raising concerns about public safety issues related to flooding as weather conditions shift.,[],[],FALSE,FALSE,6.166666667,"['environmental', 'experts', 'in', 'gwadar', 'are', 'raising', 'concerns', 'about', 'public', 'safety', 'issues', 'related', 'to', 'flooding', 'as', 'weather', 'conditions', 'shift', '.']","['environmental', 'experts', 'gwadar', 'raising', 'concerns', 'public', 'safety', 'issues', 'related', 'flooding', 'weather', 'conditions', 'shift', '.']","['environmental', 'experts', 'gwadar', 'raising', 'concerns', 'public', 'safety', 'issues', 'related', 'flooding', 'weather', 'conditions', 'shift']","['environmental', 'expert', 'gwadar', 'raising', 'concern', 'public', 'safety', 'issue', 'related', 'flooding', 'weather', 'condition', 'shift']",environmental expert gwadar raising concern public safety issue related flooding weather condition shift,13,13,General Disaster Discussion,Disaster
TWT316,user_732188,Urban planners in Abbottabad have noticed long-term effects related to rising temperatures after recent reports.,5/12/2022 12:00:00 AM,Abbottabad,#PakistanClimate,en,0,Neutral,Climate Stress,Climate,3542,1684,rising temperatures,urban planners in abbottabad have noticed long-term effects related to rising temperatures after recent reports.,[],[],FALSE,FALSE,6.533333333,"['urban', 'planners', 'in', 'abbottabad', 'have', 'noticed', 'long-term', 'effects', 'related', 'to', 'rising', 'temperatures', 'after', 'recent', 'reports', '.']","['urban', 'planners', 'abbottabad', 'noticed', 'long-term', 'effects', 'related', 'rising', 'temperatures', 'recent', 'reports', '.']","['urban', 'planners', 'abbottabad', 'noticed', 'long-term', 'effects', 'related', 'rising', 'temperatures', 'recent', 'reports']","['urban', 'planner', 'abbottabad', 'noticed', 'long-term', 'effect', 'related', 'rising', 'temperature', 'recent', 'report']",urban planner abbottabad noticed long-term effect related rising temperature recent report,11,11,Climate Awareness,Climate Change
TWT317,user_675121,Environmental experts in Swat are reporting environmental challenges related to heavy rainfall after recent reports.,4/6/2022 12:00:00 AM,Swat,#Environment,en,0.019653333,Neutral,Disaster Risk,Climate,343,7240,heavy rainfall,environmental experts in swat are reporting environmental challenges related to heavy rainfall after recent reports.,[],[],FALSE,FALSE,6.8,"['environmental', 'experts', 'in', 'swat', 'are', 'reporting', 'environmental', 'challenges', 'related', 'to', 'heavy', 'rainfall', 'after', 'recent', 'reports', '.']","['environmental', 'experts', 'swat', 'reporting', 'environmental', 'challenges', 'related', 'heavy', 'rainfall', 'recent', 'reports', '.']","['environmental', 'experts', 'swat', 'reporting', 'environmental', 'challenges', 'related', 'heavy', 'rainfall', 'recent', 'reports']","['environmental', 'expert', 'swat', 'reporting', 'environmental', 'challenge', 'related', 'heavy', 'rainfall', 'recent', 'report']",environmental expert swat reporting environmental challenge related heavy rainfall recent report,11,10,General Disaster Discussion,Disaster
TWT318,user_211214,Urban planners in Khuzdar are observing economic pressure related to climate change as weather conditions shift.,10/14/2018 12:00:00 AM,Khuzdar,#Smog,en,-0.150933333,Negative,Climate Concern,Climate,1761,293,climate change,urban planners in khuzdar are observing economic pressure related to climate change as weather conditions shift.,[],[],FALSE,FALSE,6.0625,"['urban', 'planners', 'in', 'khuzdar', 'are', 'observing', 'economic', 'pressure', 'related', 'to', 'climate', 'change', 'as', 'weather', 'conditions', 'shift', '.']","['urban', 'planners', 'khuzdar', 'observing', 'economic', 'pressure', 'related', 'climate', 'change', 'weather', 'conditions', 'shift', '.']","['urban', 'planners', 'khuzdar', 'observing', 'economic', 'pressure', 'related', 'climate', 'change', 'weather', 'conditions', 'shift']","['urban', 'planner', 'khuzdar', 'observing', 'economic', 'pressure', 'related', 'climate', 'change', 'weather', 'condition', 'shift']",urban planner khuzdar observing economic pressure related climate change weather condition shift,12,12,Climate Stress,Climate Change
TWT319,user_965278,Citizens in Badin have noticed environmental challenges related to flooding as weather conditions shift.,9/29/2021 12:00:00 AM,Badin,#ClimateChange,en,0.04632,Neutral,Disaster Risk,Climate,3683,7614,flooding,citizens in badin have noticed environmental challenges related to flooding as weather conditions shift.,[],[],FALSE,FALSE,6.5,"['citizens', 'in', 'badin', 'have', 'noticed', 'environmental', 'challenges', 'related', 'to', 'flooding', 'as', 'weather', 'conditions', 'shift', '.']","['citizens', 'badin', 'noticed', 'environmental', 'challenges', 'related', 'flooding', 'weather', 'conditions', 'shift', '.']","['citizens', 'badin', 'noticed', 'environmental', 'challenges', 'related', 'flooding', 'weather', 'conditions', 'shift']","['citizen', 'badin', 'noticed', 'environmental', 'challenge', 'related', 'flooding', 'weather', 'condition', 'shift']",citizen badin noticed environmental challenge related flooding weather condition shift,10,10,Disaster Relief / Recovery,Disaster
TWT320,user_460912,Health officials in Karachi are raising concerns about long-term effects related to extreme weather after recent reports.,8/8/2021 12:00:00 AM,Karachi,#Smog,en,-0.016666667,Neutral,Climate Concern,Climate,3986,9278,extreme weather,health officials in karachi are raising concerns about long-term effects related to extreme weather after recent reports.,[],[],FALSE,FALSE,6.176470588,"['health', 'officials', 'in', 'karachi', 'are', 'raising', 'concerns', 'about', 'long-term', 'effects', 'related', 'to', 'extreme', 'weather', 'after', 'recent', 'reports', '.']","['health', 'officials', 'karachi', 'raising', 'concerns', 'long-term', 'effects', 'related', 'extreme', 'weather', 'recent', 'reports', '.']","['health', 'officials', 'karachi', 'raising', 'concerns', 'long-term', 'effects', 'related', 'extreme', 'weather', 'recent', 'reports']","['health', 'official', 'karachi', 'raising', 'concern', 'long-term', 'effect', 'related', 'extreme', 'weather', 'recent', 'report']",health official karachi raising concern long-term effect related extreme weather recent report,12,12,Negative Climate Concern,General
TWT321,user_89905,Citizens in Bahawalpur are reporting public safety issues related to smog after recent reports.,4/29/2019 12:00:00 AM,Bahawalpur,#ClimateChange,en,0.09186,Neutral,Health Hazard,Climate,2926,7168,smog,citizens in bahawalpur are reporting public safety issues related to smog after recent reports.,[],[],FALSE,FALSE,5.857142857,"['citizens', 'in', 'bahawalpur', 'are', 'reporting', 'public', 'safety', 'issues', 'related', 'to', 'smog', 'after', 'recent', 'reports', '.']","['citizens', 'bahawalpur', 'reporting', 'public', 'safety', 'issues', 'related', 'smog', 'recent', 'reports', '.']","['citizens', 'bahawalpur', 'reporting', 'public', 'safety', 'issues', 'related', 'smog', 'recent', 'reports']","['citizen', 'bahawalpur', 'reporting', 'public', 'safety', 'issue', 'related', 'smog', 'recent', 'report']",citizen bahawalpur reporting public safety issue related smog recent report,10,10,Environmental Awareness,Pollution
TWT322,user_31082,Citizens in Turbat have noticed economic pressure related to water scarcity during ongoing environmental changes.,6/5/2018 12:00:00 AM,Turbat,#Environment,en,-0.1376,Negative,Resource Crisis,Climate,59,9963,water scarcity,citizens in turbat have noticed economic pressure related to water scarcity during ongoing environmental changes.,[],[],FALSE,FALSE,6.6,"['citizens', 'in', 'turbat', 'have', 'noticed', 'economic', 'pressure', 'related', 'to', 'water', 'scarcity', 'during', 'ongoing', 'environmental', 'changes', '.']","['citizens', 'turbat', 'noticed', 'economic', 'pressure', 'related', 'water', 'scarcity', 'ongoing', 'environmental', 'changes', '.']","['citizens', 'turbat', 'noticed', 'economic', 'pressure', 'related', 'water', 'scarcity', 'ongoing', 'environmental', 'changes']","['citizen', 'turbat', 'noticed', 'economic', 'pressure', 'related', 'water', 'scarcity', 'ongoing', 'environmental', 'change']",citizen turbat noticed economic pressure related water scarcity ongoing environmental change,11,11,Resource Crisis,Resource Issue
TWT323,user_188637,Local communities in Swat are discussing long-term effects related to flooding in recent months.,2/10/2019 12:00:00 AM,Swat,#ClimateChange,en,0,Neutral,Disaster Risk,Climate,3814,5495,flooding,local communities in swat are discussing long-term effects related to flooding in recent months.,[],[],FALSE,FALSE,5.928571429,"['local', 'communities', 'in', 'swat', 'are', 'discussing', 'long-term', 'effects', 'related', 'to', 'flooding', 'in', 'recent', 'months', '.']","['local', 'communities', 'swat', 'discussing', 'long-term', 'effects', 'related', 'flooding', 'recent', 'months', '.']","['local', 'communities', 'swat', 'discussing', 'long-term', 'effects', 'related', 'flooding', 'recent', 'months']","['local', 'community', 'swat', 'discussing', 'long-term', 'effect', 'related', 'flooding', 'recent', 'month']",local community swat discussing long-term effect related flooding recent month,10,10,General Disaster Discussion,Disaster
TWT324,user_342156,Urban planners in Larkana are experiencing health risks related to climate change as weather conditions shift.,3/9/2020 12:00:00 AM,Larkana,#ClimateChange,en,-0.16392,Negative,Climate Concern,Climate,4651,3427,climate change,urban planners in larkana are experiencing health risks related to climate change as weather conditions shift.,[],[],FALSE,FALSE,5.9375,"['urban', 'planners', 'in', 'larkana', 'are', 'experiencing', 'health', 'risks', 'related', 'to', 'climate', 'change', 'as', 'weather', 'conditions', 'shift', '.']","['urban', 'planners', 'larkana', 'experiencing', 'health', 'risks', 'related', 'climate', 'change', 'weather', 'conditions', 'shift', '.']","['urban', 'planners', 'larkana', 'experiencing', 'health', 'risks', 'related', 'climate', 'change', 'weather', 'conditions', 'shift']","['urban', 'planner', 'larkana', 'experiencing', 'health', 'risk', 'related', 'climate', 'change', 'weather', 'condition', 'shift']",urban planner larkana experiencing health risk related climate change weather condition shift,12,12,Climate Stress,Climate Change
TWT325,user_926422,Local communities in Panjgur have noticed public safety issues related to water scarcity during ongoing environmental changes.,9/1/2021 12:00:00 AM,Panjgur,#ClimateChange,en,0.2529,Positive,Resource Crisis,Climate,1687,6820,water scarcity,local communities in panjgur have noticed public safety issues related to water scarcity during ongoing environmental changes.,[],[],FALSE,FALSE,6.470588235,"['local', 'communities', 'in', 'panjgur', 'have', 'noticed', 'public', 'safety', 'issues', 'related', 'to', 'water', 'scarcity', 'during', 'ongoing', 'environmental', 'changes', '.']","['local', 'communities', 'panjgur', 'noticed', 'public', 'safety', 'issues', 'related', 'water', 'scarcity', 'ongoing', 'environmental', 'changes', '.']","['local', 'communities', 'panjgur', 'noticed', 'public', 'safety', 'issues', 'related', 'water', 'scarcity', 'ongoing', 'environmental', 'changes']","['local', 'community', 'panjgur', 'noticed', 'public', 'safety', 'issue', 'related', 'water', 'scarcity', 'ongoing', 'environmental', 'change']",local community panjgur noticed public safety issue related water scarcity ongoing environmental change,13,13,Resource Discussion,Resource Issue
TWT326,user_190114,Urban planners in Bannu are experiencing serious impacts related to heatwave due to changing climate patterns.,11/24/2021 12:00:00 AM,Bannu,#Environment,en,-0.092153333,Neutral,Climate Stress,Climate,4598,8383,heatwave,urban planners in bannu are experiencing serious impacts related to heatwave due to changing climate patterns.,[],[],FALSE,FALSE,5.9375,"['urban', 'planners', 'in', 'bannu', 'are', 'experiencing', 'serious', 'impacts', 'related', 'to', 'heatwave', 'due', 'to', 'changing', 'climate', 'patterns', '.']","['urban', 'planners', 'bannu', 'experiencing', 'serious', 'impacts', 'related', 'heatwave', 'due', 'changing', 'climate', 'patterns', '.']","['urban', 'planners', 'bannu', 'experiencing', 'serious', 'impacts', 'related', 'heatwave', 'due', 'changing', 'climate', 'patterns']","['urban', 'planner', 'bannu', 'experiencing', 'serious', 'impact', 'related', 'heatwave', 'due', 'changing', 'climate', 'pattern']",urban planner bannu experiencing serious impact related heatwave due changing climate pattern,12,12,Severe Disaster Concern,Disaster
TWT327,user_887187,Urban planners in Karachi have noticed health risks related to rising temperatures as weather conditions shift.,8/18/2022 12:00:00 AM,Karachi,#ClimateChange,en,-0.16392,Negative,Climate Stress,Climate,173,7659,rising temperatures,urban planners in karachi have noticed health risks related to rising temperatures as weather conditions shift.,[],[],FALSE,FALSE,6,"['urban', 'planners', 'in', 'karachi', 'have', 'noticed', 'health', 'risks', 'related', 'to', 'rising', 'temperatures', 'as', 'weather', 'conditions', 'shift', '.']","['urban', 'planners', 'karachi', 'noticed', 'health', 'risks', 'related', 'rising', 'temperatures', 'weather', 'conditions', 'shift', '.']","['urban', 'planners', 'karachi', 'noticed', 'health', 'risks', 'related', 'rising', 'temperatures', 'weather', 'conditions', 'shift']","['urban', 'planner', 'karachi', 'noticed', 'health', 'risk', 'related', 'rising', 'temperature', 'weather', 'condition', 'shift']",urban planner karachi noticed health risk related rising temperature weather condition shift,12,12,Climate Stress,Climate Change
TWT328,user_421026,Environmental experts in Karachi are observing long-term effects related to water scarcity after recent reports.,10/16/2020 12:00:00 AM,Karachi,#Environment,en,0,Neutral,Resource Crisis,Climate,3255,6950,water scarcity,environmental experts in karachi are observing long-term effects related to water scarcity after recent reports.,[],[],FALSE,FALSE,6.533333333,"['environmental', 'experts', 'in', 'karachi', 'are', 'observing', 'long-term', 'effects', 'related', 'to', 'water', 'scarcity', 'after', 'recent', 'reports', '.']","['environmental', 'experts', 'karachi', 'observing', 'long-term', 'effects', 'related', 'water', 'scarcity', 'recent', 'reports', '.']","['environmental', 'experts', 'karachi', 'observing', 'long-term', 'effects', 'related', 'water', 'scarcity', 'recent', 'reports']","['environmental', 'expert', 'karachi', 'observing', 'long-term', 'effect', 'related', 'water', 'scarcity', 'recent', 'report']",environmental expert karachi observing long-term effect related water scarcity recent report,11,11,Resource Discussion,Resource Issue
TWT329,user_123063,Environmental experts in Sialkot are reporting environmental challenges related to flooding as weather conditions shift.,11/25/2023 12:00:00 AM,Sialkot,#ClimateChange,en,0.04632,Neutral,Disaster Risk,Climate,1359,4225,flooding,environmental experts in sialkot are reporting environmental challenges related to flooding as weather conditions shift.,[],[],FALSE,FALSE,7.066666667,"['environmental', 'experts', 'in', 'sialkot', 'are', 'reporting', 'environmental', 'challenges', 'related', 'to', 'flooding', 'as', 'weather', 'conditions', 'shift', '.']","['environmental', 'experts', 'sialkot', 'reporting', 'environmental', 'challenges', 'related', 'flooding', 'weather', 'conditions', 'shift', '.']","['environmental', 'experts', 'sialkot', 'reporting', 'environmental', 'challenges', 'related', 'flooding', 'weather', 'conditions', 'shift']","['environmental', 'expert', 'sialkot', 'reporting', 'environmental', 'challenge', 'related', 'flooding', 'weather', 'condition', 'shift']",environmental expert sialkot reporting environmental challenge related flooding weather condition shift,11,10,General Disaster Discussion,Disaster
TWT330,user_361829,Environmental experts in Mansehra are experiencing long-term effects related to flooding due to changing climate patterns.,9/17/2021 12:00:00 AM,Mansehra,#GlobalWarming,en,-0.025,Neutral,Disaster Risk,Climate,4637,849,flooding,environmental experts in mansehra are experiencing long-term effects related to flooding due to changing climate patterns.,[],[],FALSE,FALSE,6.6875,"['environmental', 'experts', 'in', 'mansehra', 'are', 'experiencing', 'long-term', 'effects', 'related', 'to', 'flooding', 'due', 'to', 'changing', 'climate', 'patterns', '.']","['environmental', 'experts', 'mansehra', 'experiencing', 'long-term', 'effects', 'related', 'flooding', 'due', 'changing', 'climate', 'patterns', '.']","['environmental', 'experts', 'mansehra', 'experiencing', 'long-term', 'effects', 'related', 'flooding', 'due', 'changing', 'climate', 'patterns']","['environmental', 'expert', 'mansehra', 'experiencing', 'long-term', 'effect', 'related', 'flooding', 'due', 'changing', 'climate', 'pattern']",environmental expert mansehra experiencing long-term effect related flooding due changing climate pattern,12,12,Severe Disaster Concern,Disaster
TWT331,user_905823,Local communities in Quetta are experiencing health risks related to rising temperatures during ongoing environmental changes.,12/25/2024 12:00:00 AM,Quetta,#PakistanClimate,en,-0.16392,Negative,Climate Stress,Climate,887,2622,rising temperatures,local communities in quetta are experiencing health risks related to rising temperatures during ongoing environmental changes.,[],[],FALSE,FALSE,6.9375,"['local', 'communities', 'in', 'quetta', 'are', 'experiencing', 'health', 'risks', 'related', 'to', 'rising', 'temperatures', 'during', 'ongoing', 'environmental', 'changes', '.']","['local', 'communities', 'quetta', 'experiencing', 'health', 'risks', 'related', 'rising', 'temperatures', 'ongoing', 'environmental', 'changes', '.']","['local', 'communities', 'quetta', 'experiencing', 'health', 'risks', 'related', 'rising', 'temperatures', 'ongoing', 'environmental', 'changes']","['local', 'community', 'quetta', 'experiencing', 'health', 'risk', 'related', 'rising', 'temperature', 'ongoing', 'environmental', 'change']",local community quetta experiencing health risk related rising temperature ongoing environmental change,12,12,Climate Stress,Climate Change
TWT332,user_347772,Citizens in Nawabshah are reporting serious impacts related to climate change after recent reports.,12/21/2021 12:00:00 AM,Nawabshah,#Heatwave,en,-0.090764444,Neutral,Climate Concern,Climate,2430,6363,climate change,citizens in nawabshah are reporting serious impacts related to climate change after recent reports.,[],[],FALSE,FALSE,6.142857143,"['citizens', 'in', 'nawabshah', 'are', 'reporting', 'serious', 'impacts', 'related', 'to', 'climate', 'change', 'after', 'recent', 'reports', '.']","['citizens', 'nawabshah', 'reporting', 'serious', 'impacts', 'related', 'climate', 'change', 'recent', 'reports', '.']","['citizens', 'nawabshah', 'reporting', 'serious', 'impacts', 'related', 'climate', 'change', 'recent', 'reports']","['citizen', 'nawabshah', 'reporting', 'serious', 'impact', 'related', 'climate', 'change', 'recent', 'report']",citizen nawabshah reporting serious impact related climate change recent report,10,10,Climate Stress,Climate Change
TWT333,user_983653,Local communities in Sibi are observing health risks related to smog due to changing climate patterns.,9/28/2024 12:00:00 AM,Sibi,#Smog,en,-0.323026667,Negative,Health Hazard,Climate,2491,8208,smog,local communities in sibi are observing health risks related to smog due to changing climate patterns.,[],[],FALSE,FALSE,5.4375,"['local', 'communities', 'in', 'sibi', 'are', 'observing', 'health', 'risks', 'related', 'to', 'smog', 'due', 'to', 'changing', 'climate', 'patterns', '.']","['local', 'communities', 'sibi', 'observing', 'health', 'risks', 'related', 'smog', 'due', 'changing', 'climate', 'patterns', '.']","['local', 'communities', 'sibi', 'observing', 'health', 'risks', 'related', 'smog', 'due', 'changing', 'climate', 'patterns']","['local', 'community', 'sibi', 'observing', 'health', 'risk', 'related', 'smog', 'due', 'changing', 'climate', 'pattern']",local community sibi observing health risk related smog due changing climate pattern,12,12,Health Hazard,Pollution
TWT334,user_730730,Residents in Peshawar are reporting serious impacts related to climate change during ongoing environmental changes.,9/14/2019 12:00:00 AM,Peshawar,#ClimateChange,en,-0.112986667,Neutral,Climate Concern,Climate,838,493,climate change,residents in peshawar are reporting serious impacts related to climate change during ongoing environmental changes.,[],[],FALSE,FALSE,6.733333333,"['residents', 'in', 'peshawar', 'are', 'reporting', 'serious', 'impacts', 'related', 'to', 'climate', 'change', 'during', 'ongoing', 'environmental', 'changes', '.']","['residents', 'peshawar', 'reporting', 'serious', 'impacts', 'related', 'climate', 'change', 'ongoing', 'environmental', 'changes', '.']","['residents', 'peshawar', 'reporting', 'serious', 'impacts', 'related', 'climate', 'change', 'ongoing', 'environmental', 'changes']","['resident', 'peshawar', 'reporting', 'serious', 'impact', 'related', 'climate', 'change', 'ongoing', 'environmental', 'change']",resident peshawar reporting serious impact related climate change ongoing environmental change,11,10,Climate Stress,Climate Change
TWT335,user_908557,Environmental experts in Turbat are raising concerns about public safety issues related to heatwave due to changing climate patterns.,3/1/2020 12:00:00 AM,Turbat,#Floods,en,0.236233333,Positive,Climate Stress,Climate,327,748,heatwave,environmental experts in turbat are raising concerns about public safety issues related to heatwave due to changing climate patterns.,[],[],FALSE,FALSE,6.052631579,"['environmental', 'experts', 'in', 'turbat', 'are', 'raising', 'concerns', 'about', 'public', 'safety', 'issues', 'related', 'to', 'heatwave', 'due', 'to', 'changing', 'climate', 'patterns', '.']","['environmental', 'experts', 'turbat', 'raising', 'concerns', 'public', 'safety', 'issues', 'related', 'heatwave', 'due', 'changing', 'climate', 'patterns', '.']","['environmental', 'experts', 'turbat', 'raising', 'concerns', 'public', 'safety', 'issues', 'related', 'heatwave', 'due', 'changing', 'climate', 'patterns']","['environmental', 'expert', 'turbat', 'raising', 'concern', 'public', 'safety', 'issue', 'related', 'heatwave', 'due', 'changing', 'climate', 'pattern']",environmental expert turbat raising concern public safety issue related heatwave due changing climate pattern,14,14,General Disaster Discussion,Disaster
TWT336,user_933791,Environmental experts in Hyderabad are observing long-term effects related to rising temperatures after recent reports.,11/12/2021 12:00:00 AM,Hyderabad,#ClimateChange,en,0,Neutral,Climate Stress,Climate,2373,8957,rising temperatures,environmental experts in hyderabad are observing long-term effects related to rising temperatures after recent reports.,[],[],FALSE,FALSE,7,"['environmental', 'experts', 'in', 'hyderabad', 'are', 'observing', 'long-term', 'effects', 'related', 'to', 'rising', 'temperatures', 'after', 'recent', 'reports', '.']","['environmental', 'experts', 'hyderabad', 'observing', 'long-term', 'effects', 'related', 'rising', 'temperatures', 'recent', 'reports', '.']","['environmental', 'experts', 'hyderabad', 'observing', 'long-term', 'effects', 'related', 'rising', 'temperatures', 'recent', 'reports']","['environmental', 'expert', 'hyderabad', 'observing', 'long-term', 'effect', 'related', 'rising', 'temperature', 'recent', 'report']",environmental expert hyderabad observing long-term effect related rising temperature recent report,11,11,Climate Awareness,Climate Change
TWT337,user_799490,Environmental experts in Islamabad have noticed economic pressure related to extreme weather in recent months.,7/7/2021 12:00:00 AM,Islamabad,#Smog,en,-0.1701,Negative,Climate Concern,Climate,2798,5244,extreme weather,environmental experts in islamabad have noticed economic pressure related to extreme weather in recent months.,[],[],FALSE,FALSE,6.4,"['environmental', 'experts', 'in', 'islamabad', 'have', 'noticed', 'economic', 'pressure', 'related', 'to', 'extreme', 'weather', 'in', 'recent', 'months', '.']","['environmental', 'experts', 'islamabad', 'noticed', 'economic', 'pressure', 'related', 'extreme', 'weather', 'recent', 'months', '.']","['environmental', 'experts', 'islamabad', 'noticed', 'economic', 'pressure', 'related', 'extreme', 'weather', 'recent', 'months']","['environmental', 'expert', 'islamabad', 'noticed', 'economic', 'pressure', 'related', 'extreme', 'weather', 'recent', 'month']",environmental expert islamabad noticed economic pressure related extreme weather recent month,11,11,Negative Climate Concern,General
TWT338,user_195941,Citizens in Bannu have noticed health risks related to extreme weather as weather conditions shift.,1/24/2021 12:00:00 AM,Bannu,#Smog,en,-0.18892,Negative,Climate Concern,Climate,2701,7413,extreme weather,citizens in bannu have noticed health risks related to extreme weather as weather conditions shift.,[],[],FALSE,FALSE,5.666666667,"['citizens', 'in', 'bannu', 'have', 'noticed', 'health', 'risks', 'related', 'to', 'extreme', 'weather', 'as', 'weather', 'conditions', 'shift', '.']","['citizens', 'bannu', 'noticed', 'health', 'risks', 'related', 'extreme', 'weather', 'weather', 'conditions', 'shift', '.']","['citizens', 'bannu', 'noticed', 'health', 'risks', 'related', 'extreme', 'weather', 'weather', 'conditions', 'shift']","['citizen', 'bannu', 'noticed', 'health', 'risk', 'related', 'extreme', 'weather', 'weather', 'condition', 'shift']",citizen bannu noticed health risk related extreme weather weather condition shift,11,10,Negative Climate Concern,General
TWT339,user_468025,Citizens in Panjgur are discussing public safety issues related to heatwave as weather conditions shift.,5/25/2024 12:00:00 AM,Panjgur,#Environment,en,0.2529,Positive,Climate Stress,Climate,4000,7052,heatwave,citizens in panjgur are discussing public safety issues related to heatwave as weather conditions shift.,[],[],FALSE,FALSE,6,"['citizens', 'in', 'panjgur', 'are', 'discussing', 'public', 'safety', 'issues', 'related', 'to', 'heatwave', 'as', 'weather', 'conditions', 'shift', '.']","['citizens', 'panjgur', 'discussing', 'public', 'safety', 'issues', 'related', 'heatwave', 'weather', 'conditions', 'shift', '.']","['citizens', 'panjgur', 'discussing', 'public', 'safety', 'issues', 'related', 'heatwave', 'weather', 'conditions', 'shift']","['citizen', 'panjgur', 'discussing', 'public', 'safety', 'issue', 'related', 'heatwave', 'weather', 'condition', 'shift']",citizen panjgur discussing public safety issue related heatwave weather condition shift,11,11,General Disaster Discussion,Disaster
TWT340,user_972024,Urban planners in Islamabad are raising concerns about long-term effects related to heatwave during ongoing environmental changes.,12/16/2018 12:00:00 AM,Islamabad,#PakistanClimate,en,0,Neutral,Climate Stress,Climate,1212,9416,heatwave,urban planners in islamabad are raising concerns about long-term effects related to heatwave during ongoing environmental changes.,[],[],FALSE,FALSE,6.705882353,"['urban', 'planners', 'in', 'islamabad', 'are', 'raising', 'concerns', 'about', 'long-term', 'effects', 'related', 'to', 'heatwave', 'during', 'ongoing', 'environmental', 'changes', '.']","['urban', 'planners', 'islamabad', 'raising', 'concerns', 'long-term', 'effects', 'related', 'heatwave', 'ongoing', 'environmental', 'changes', '.']","['urban', 'planners', 'islamabad', 'raising', 'concerns', 'long-term', 'effects', 'related', 'heatwave', 'ongoing', 'environmental', 'changes']","['urban', 'planner', 'islamabad', 'raising', 'concern', 'long-term', 'effect', 'related', 'heatwave', 'ongoing', 'environmental', 'change']",urban planner islamabad raising concern long-term effect related heatwave ongoing environmental change,12,12,General Disaster Discussion,Disaster
TWT341,user_190379,Climate researchers in Mardan are experiencing serious impacts related to smog as weather conditions shift.,1/11/2020 12:00:00 AM,Mardan,#Smog,en,-0.283386667,Negative,Health Hazard,Climate,1505,7595,smog,climate researchers in mardan are experiencing serious impacts related to smog as weather conditions shift.,[],[],FALSE,FALSE,6.2,"['climate', 'researchers', 'in', 'mardan', 'are', 'experiencing', 'serious', 'impacts', 'related', 'to', 'smog', 'as', 'weather', 'conditions', 'shift', '.']","['climate', 'researchers', 'mardan', 'experiencing', 'serious', 'impacts', 'related', 'smog', 'weather', 'conditions', 'shift', '.']","['climate', 'researchers', 'mardan', 'experiencing', 'serious', 'impacts', 'related', 'smog', 'weather', 'conditions', 'shift']","['climate', 'researcher', 'mardan', 'experiencing', 'serious', 'impact', 'related', 'smog', 'weather', 'condition', 'shift']",climate researcher mardan experiencing serious impact related smog weather condition shift,11,11,Health Hazard,Pollution
TWT342,user_57035,Citizens in Islamabad are observing long-term effects related to heatwave as weather conditions shift.,3/3/2024 12:00:00 AM,Islamabad,#Environment,en,0,Neutral,Climate Stress,Climate,2687,4212,heatwave,citizens in islamabad are observing long-term effects related to heatwave as weather conditions shift.,[],[],FALSE,FALSE,6.357142857,"['citizens', 'in', 'islamabad', 'are', 'observing', 'long-term', 'effects', 'related', 'to', 'heatwave', 'as', 'weather', 'conditions', 'shift', '.']","['citizens', 'islamabad', 'observing', 'long-term', 'effects', 'related', 'heatwave', 'weather', 'conditions', 'shift', '.']","['citizens', 'islamabad', 'observing', 'long-term', 'effects', 'related', 'heatwave', 'weather', 'conditions', 'shift']","['citizen', 'islamabad', 'observing', 'long-term', 'effect', 'related', 'heatwave', 'weather', 'condition', 'shift']",citizen islamabad observing long-term effect related heatwave weather condition shift,10,10,General Disaster Discussion,Disaster
TWT343,user_705255,Climate researchers in Sialkot are experiencing long-term effects related to air pollution in recent months.,5/17/2025 12:00:00 AM,Sialkot,#ClimateChange,en,0,Neutral,Health Hazard,Climate,1607,72,air pollution,climate researchers in sialkot are experiencing long-term effects related to air pollution in recent months.,[],[],FALSE,FALSE,6.266666667,"['climate', 'researchers', 'in', 'sialkot', 'are', 'experiencing', 'long-term', 'effects', 'related', 'to', 'air', 'pollution', 'in', 'recent', 'months', '.']","['climate', 'researchers', 'sialkot', 'experiencing', 'long-term', 'effects', 'related', 'air', 'pollution', 'recent', 'months', '.']","['climate', 'researchers', 'sialkot', 'experiencing', 'long-term', 'effects', 'related', 'air', 'pollution', 'recent', 'months']","['climate', 'researcher', 'sialkot', 'experiencing', 'long-term', 'effect', 'related', 'air', 'pollution', 'recent', 'month']",climate researcher sialkot experiencing long-term effect related air pollution recent month,11,11,Environmental Awareness,Pollution
TWT344,user_189057,Climate researchers in Sibi are experiencing serious impacts related to climate change in recent months.,10/6/2021 12:00:00 AM,Sibi,#GlobalWarming,en,-0.090764444,Neutral,Climate Concern,Climate,4536,3344,climate change,climate researchers in sibi are experiencing serious impacts related to climate change in recent months.,[],[],FALSE,FALSE,6,"['climate', 'researchers', 'in', 'sibi', 'are', 'experiencing', 'serious', 'impacts', 'related', 'to', 'climate', 'change', 'in', 'recent', 'months', '.']","['climate', 'researchers', 'sibi', 'experiencing', 'serious', 'impacts', 'related', 'climate', 'change', 'recent', 'months', '.']","['climate', 'researchers', 'sibi', 'experiencing', 'serious', 'impacts', 'related', 'climate', 'change', 'recent', 'months']","['climate', 'researcher', 'sibi', 'experiencing', 'serious', 'impact', 'related', 'climate', 'change', 'recent', 'month']",climate researcher sibi experiencing serious impact related climate change recent month,11,10,Climate Stress,Climate Change
TWT345,user_913088,Citizens in Bannu have noticed long-term effects related to water scarcity due to changing climate patterns.,6/4/2025 12:00:00 AM,Bannu,#ClimateChange,en,-0.025,Neutral,Resource Crisis,Climate,4853,2352,water scarcity,citizens in bannu have noticed long-term effects related to water scarcity due to changing climate patterns.,[],[],FALSE,FALSE,5.8125,"['citizens', 'in', 'bannu', 'have', 'noticed', 'long-term', 'effects', 'related', 'to', 'water', 'scarcity', 'due', 'to', 'changing', 'climate', 'patterns', '.']","['citizens', 'bannu', 'noticed', 'long-term', 'effects', 'related', 'water', 'scarcity', 'due', 'changing', 'climate', 'patterns', '.']","['citizens', 'bannu', 'noticed', 'long-term', 'effects', 'related', 'water', 'scarcity', 'due', 'changing', 'climate', 'patterns']","['citizen', 'bannu', 'noticed', 'long-term', 'effect', 'related', 'water', 'scarcity', 'due', 'changing', 'climate', 'pattern']",citizen bannu noticed long-term effect related water scarcity due changing climate pattern,12,12,Resource Crisis,Resource Issue
TWT346,user_651987,Local communities in Shikarpur are discussing environmental challenges related to heatwave as weather conditions shift.,10/24/2021 12:00:00 AM,Shikarpur,#Smog,en,0.04632,Neutral,Climate Stress,Climate,2100,2106,heatwave,local communities in shikarpur are discussing environmental challenges related to heatwave as weather conditions shift.,[],[],FALSE,FALSE,7,"['local', 'communities', 'in', 'shikarpur', 'are', 'discussing', 'environmental', 'challenges', 'related', 'to', 'heatwave', 'as', 'weather', 'conditions', 'shift', '.']","['local', 'communities', 'shikarpur', 'discussing', 'environmental', 'challenges', 'related', 'heatwave', 'weather', 'conditions', 'shift', '.']","['local', 'communities', 'shikarpur', 'discussing', 'environmental', 'challenges', 'related', 'heatwave', 'weather', 'conditions', 'shift']","['local', 'community', 'shikarpur', 'discussing', 'environmental', 'challenge', 'related', 'heatwave', 'weather', 'condition', 'shift']",local community shikarpur discussing environmental challenge related heatwave weather condition shift,11,11,General Disaster Discussion,Disaster
TWT347,user_616210,Health officials in Zhob are discussing public safety issues related to flooding in recent months.,1/21/2023 12:00:00 AM,Zhob,#Floods,en,0.2529,Positive,Disaster Risk,Climate,566,937,flooding,health officials in zhob are discussing public safety issues related to flooding in recent months.,[],[],FALSE,FALSE,5.6,"['health', 'officials', 'in', 'zhob', 'are', 'discussing', 'public', 'safety', 'issues', 'related', 'to', 'flooding', 'in', 'recent', 'months', '.']","['health', 'officials', 'zhob', 'discussing', 'public', 'safety', 'issues', 'related', 'flooding', 'recent', 'months', '.']","['health', 'officials', 'zhob', 'discussing', 'public', 'safety', 'issues', 'related', 'flooding', 'recent', 'months']","['health', 'official', 'zhob', 'discussing', 'public', 'safety', 'issue', 'related', 'flooding', 'recent', 'month']",health official zhob discussing public safety issue related flooding recent month,11,11,General Disaster Discussion,Disaster
TWT348,user_371962,Citizens in Kohat are experiencing environmental challenges related to air pollution as weather conditions shift.,11/14/2019 12:00:00 AM,Kohat,#Environment,en,0.04632,Neutral,Health Hazard,Climate,483,3662,air pollution,citizens in kohat are experiencing environmental challenges related to air pollution as weather conditions shift.,[],[],FALSE,FALSE,6.6,"['citizens', 'in', 'kohat', 'are', 'experiencing', 'environmental', 'challenges', 'related', 'to', 'air', 'pollution', 'as', 'weather', 'conditions', 'shift', '.']","['citizens', 'kohat', 'experiencing', 'environmental', 'challenges', 'related', 'air', 'pollution', 'weather', 'conditions', 'shift', '.']","['citizens', 'kohat', 'experiencing', 'environmental', 'challenges', 'related', 'air', 'pollution', 'weather', 'conditions', 'shift']","['citizen', 'kohat', 'experiencing', 'environmental', 'challenge', 'related', 'air', 'pollution', 'weather', 'condition', 'shift']",citizen kohat experiencing environmental challenge related air pollution weather condition shift,11,11,Environmental Awareness,Pollution
TWT349,user_933565,Environmental experts in Quetta have noticed environmental challenges related to rising temperatures in recent months.,1/12/2020 12:00:00 AM,Quetta,#GlobalWarming,en,0.04632,Neutral,Climate Stress,Climate,4687,7463,rising temperatures,environmental experts in quetta have noticed environmental challenges related to rising temperatures in recent months.,[],[],FALSE,FALSE,6.933333333,"['environmental', 'experts', 'in', 'quetta', 'have', 'noticed', 'environmental', 'challenges', 'related', 'to', 'rising', 'temperatures', 'in', 'recent', 'months', '.']","['environmental', 'experts', 'quetta', 'noticed', 'environmental', 'challenges', 'related', 'rising', 'temperatures', 'recent', 'months', '.']","['environmental', 'experts', 'quetta', 'noticed', 'environmental', 'challenges', 'related', 'rising', 'temperatures', 'recent', 'months']","['environmental', 'expert', 'quetta', 'noticed', 'environmental', 'challenge', 'related', 'rising', 'temperature', 'recent', 'month']",environmental expert quetta noticed environmental challenge related rising temperature recent month,11,10,Climate Awareness,Climate Change
TWT350,user_792363,Residents in Nawabshah are discussing economic pressure related to drought in recent months.,3/28/2024 12:00:00 AM,Nawabshah,#Heatwave,en,-0.150933333,Negative,Resource Crisis,Climate,1619,9588,drought,residents in nawabshah are discussing economic pressure related to drought in recent months.,[],[],FALSE,FALSE,6.153846154,"['residents', 'in', 'nawabshah', 'are', 'discussing', 'economic', 'pressure', 'related', 'to', 'drought', 'in', 'recent', 'months', '.']","['residents', 'nawabshah', 'discussing', 'economic', 'pressure', 'related', 'drought', 'recent', 'months', '.']","['residents', 'nawabshah', 'discussing', 'economic', 'pressure', 'related', 'drought', 'recent', 'months']","['resident', 'nawabshah', 'discussing', 'economic', 'pressure', 'related', 'drought', 'recent', 'month']",resident nawabshah discussing economic pressure related drought recent month,9,9,Severe Disaster Concern,Disaster
TWT351,user_745583,Local communities in Islamabad are reporting serious impacts related to climate change due to changing climate patterns.,1/25/2019 12:00:00 AM,Islamabad,#GlobalWarming,en,-0.092153333,Neutral,Climate Concern,Climate,3839,5913,climate change,local communities in islamabad are reporting serious impacts related to climate change due to changing climate patterns.,[],[],FALSE,FALSE,6.117647059,"['local', 'communities', 'in', 'islamabad', 'are', 'reporting', 'serious', 'impacts', 'related', 'to', 'climate', 'change', 'due', 'to', 'changing', 'climate', 'patterns', '.']","['local', 'communities', 'islamabad', 'reporting', 'serious', 'impacts', 'related', 'climate', 'change', 'due', 'changing', 'climate', 'patterns', '.']","['local', 'communities', 'islamabad', 'reporting', 'serious', 'impacts', 'related', 'climate', 'change', 'due', 'changing', 'climate', 'patterns']","['local', 'community', 'islamabad', 'reporting', 'serious', 'impact', 'related', 'climate', 'change', 'due', 'changing', 'climate', 'pattern']",local community islamabad reporting serious impact related climate change due changing climate pattern,13,12,Climate Stress,Climate Change
TWT352,user_591522,Residents in Bannu are discussing public safety issues related to climate change during ongoing environmental changes.,12/25/2019 12:00:00 AM,Bannu,#ClimateChange,en,0.2529,Positive,Climate Concern,Climate,1569,4775,climate change,residents in bannu are discussing public safety issues related to climate change during ongoing environmental changes.,[],[],FALSE,FALSE,6.4375,"['residents', 'in', 'bannu', 'are', 'discussing', 'public', 'safety', 'issues', 'related', 'to', 'climate', 'change', 'during', 'ongoing', 'environmental', 'changes', '.']","['residents', 'bannu', 'discussing', 'public', 'safety', 'issues', 'related', 'climate', 'change', 'ongoing', 'environmental', 'changes', '.']","['residents', 'bannu', 'discussing', 'public', 'safety', 'issues', 'related', 'climate', 'change', 'ongoing', 'environmental', 'changes']","['resident', 'bannu', 'discussing', 'public', 'safety', 'issue', 'related', 'climate', 'change', 'ongoing', 'environmental', 'change']",resident bannu discussing public safety issue related climate change ongoing environmental change,12,11,Climate Awareness,Climate Change
TWT353,user_231734,Local communities in Larkana have noticed public safety issues related to climate change in recent months.,7/3/2023 12:00:00 AM,Larkana,#GlobalWarming,en,0.2529,Positive,Climate Concern,Climate,674,680,climate change,local communities in larkana have noticed public safety issues related to climate change in recent months.,[],[],FALSE,FALSE,5.6875,"['local', 'communities', 'in', 'larkana', 'have', 'noticed', 'public', 'safety', 'issues', 'related', 'to', 'climate', 'change', 'in', 'recent', 'months', '.']","['local', 'communities', 'larkana', 'noticed', 'public', 'safety', 'issues', 'related', 'climate', 'change', 'recent', 'months', '.']","['local', 'communities', 'larkana', 'noticed', 'public', 'safety', 'issues', 'related', 'climate', 'change', 'recent', 'months']","['local', 'community', 'larkana', 'noticed', 'public', 'safety', 'issue', 'related', 'climate', 'change', 'recent', 'month']",local community larkana noticed public safety issue related climate change recent month,12,12,Climate Awareness,Climate Change
TWT354,user_528788,Climate researchers in Panjgur are reporting environmental challenges related to drought in recent months.,7/3/2018 12:00:00 AM,Panjgur,#Heatwave,en,0.04632,Neutral,Resource Crisis,Climate,4238,1045,drought,climate researchers in panjgur are reporting environmental challenges related to drought in recent months.,[],[],FALSE,FALSE,6.642857143,"['climate', 'researchers', 'in', 'panjgur', 'are', 'reporting', 'environmental', 'challenges', 'related', 'to', 'drought', 'in', 'recent', 'months', '.']","['climate', 'researchers', 'panjgur', 'reporting', 'environmental', 'challenges', 'related', 'drought', 'recent', 'months', '.']","['climate', 'researchers', 'panjgur', 'reporting', 'environmental', 'challenges', 'related', 'drought', 'recent', 'months']","['climate', 'researcher', 'panjgur', 'reporting', 'environmental', 'challenge', 'related', 'drought', 'recent', 'month']",climate researcher panjgur reporting environmental challenge related drought recent month,10,10,General Disaster Discussion,Disaster
TWT355,user_350088,Environmental experts in Islamabad are reporting serious impacts related to heatwave in recent months.,11/8/2021 12:00:00 AM,Islamabad,#Heatwave,en,-0.090764444,Neutral,Climate Stress,Climate,4371,4659,heatwave,environmental experts in islamabad are reporting serious impacts related to heatwave in recent months.,[],[],FALSE,FALSE,6.357142857,"['environmental', 'experts', 'in', 'islamabad', 'are', 'reporting', 'serious', 'impacts', 'related', 'to', 'heatwave', 'in', 'recent', 'months', '.']","['environmental', 'experts', 'islamabad', 'reporting', 'serious', 'impacts', 'related', 'heatwave', 'recent', 'months', '.']","['environmental', 'experts', 'islamabad', 'reporting', 'serious', 'impacts', 'related', 'heatwave', 'recent', 'months']","['environmental', 'expert', 'islamabad', 'reporting', 'serious', 'impact', 'related', 'heatwave', 'recent', 'month']",environmental expert islamabad reporting serious impact related heatwave recent month,10,10,Severe Disaster Concern,Disaster
TWT356,user_371617,Climate researchers in Hyderabad are experiencing economic pressure related to heatwave as weather conditions shift.,6/17/2020 12:00:00 AM,Hyderabad,#GlobalWarming,en,-0.1376,Negative,Climate Stress,Climate,4209,5298,heatwave,climate researchers in hyderabad are experiencing economic pressure related to heatwave as weather conditions shift.,[],[],FALSE,FALSE,6.8,"['climate', 'researchers', 'in', 'hyderabad', 'are', 'experiencing', 'economic', 'pressure', 'related', 'to', 'heatwave', 'as', 'weather', 'conditions', 'shift', '.']","['climate', 'researchers', 'hyderabad', 'experiencing', 'economic', 'pressure', 'related', 'heatwave', 'weather', 'conditions', 'shift', '.']","['climate', 'researchers', 'hyderabad', 'experiencing', 'economic', 'pressure', 'related', 'heatwave', 'weather', 'conditions', 'shift']","['climate', 'researcher', 'hyderabad', 'experiencing', 'economic', 'pressure', 'related', 'heatwave', 'weather', 'condition', 'shift']",climate researcher hyderabad experiencing economic pressure related heatwave weather condition shift,11,11,Severe Disaster Concern,Disaster
TWT357,user_937912,Citizens in Islamabad are observing long-term effects related to climate change as weather conditions shift.,9/3/2023 12:00:00 AM,Islamabad,#GlobalWarming,en,0,Neutral,Climate Concern,Climate,618,2952,climate change,citizens in islamabad are observing long-term effects related to climate change as weather conditions shift.,[],[],FALSE,FALSE,6.266666667,"['citizens', 'in', 'islamabad', 'are', 'observing', 'long-term', 'effects', 'related', 'to', 'climate', 'change', 'as', 'weather', 'conditions', 'shift', '.']","['citizens', 'islamabad', 'observing', 'long-term', 'effects', 'related', 'climate', 'change', 'weather', 'conditions', 'shift', '.']","['citizens', 'islamabad', 'observing', 'long-term', 'effects', 'related', 'climate', 'change', 'weather', 'conditions', 'shift']","['citizen', 'islamabad', 'observing', 'long-term', 'effect', 'related', 'climate', 'change', 'weather', 'condition', 'shift']",citizen islamabad observing long-term effect related climate change weather condition shift,11,11,Climate Awareness,Climate Change
TWT358,user_584802,Local communities in Gujranwala are reporting long-term effects related to rising temperatures in recent months.,2/19/2022 12:00:00 AM,Gujranwala,#Smog,en,0,Neutral,Climate Stress,Climate,897,3121,rising temperatures,local communities in gujranwala are reporting long-term effects related to rising temperatures in recent months.,[],[],FALSE,FALSE,6.533333333,"['local', 'communities', 'in', 'gujranwala', 'are', 'reporting', 'long-term', 'effects', 'related', 'to', 'rising', 'temperatures', 'in', 'recent', 'months', '.']","['local', 'communities', 'gujranwala', 'reporting', 'long-term', 'effects', 'related', 'rising', 'temperatures', 'recent', 'months', '.']","['local', 'communities', 'gujranwala', 'reporting', 'long-term', 'effects', 'related', 'rising', 'temperatures', 'recent', 'months']","['local', 'community', 'gujranwala', 'reporting', 'long-term', 'effect', 'related', 'rising', 'temperature', 'recent', 'month']",local community gujranwala reporting long-term effect related rising temperature recent month,11,11,Climate Awareness,Climate Change
TWT359,user_874802,Health officials in Islamabad have noticed public safety issues related to air pollution in recent months.,7/1/2021 12:00:00 AM,Islamabad,#Environment,en,0.2529,Positive,Health Hazard,Climate,1283,4001,air pollution,health officials in islamabad have noticed public safety issues related to air pollution in recent months.,[],[],FALSE,FALSE,5.6875,"['health', 'officials', 'in', 'islamabad', 'have', 'noticed', 'public', 'safety', 'issues', 'related', 'to', 'air', 'pollution', 'in', 'recent', 'months', '.']","['health', 'officials', 'islamabad', 'noticed', 'public', 'safety', 'issues', 'related', 'air', 'pollution', 'recent', 'months', '.']","['health', 'officials', 'islamabad', 'noticed', 'public', 'safety', 'issues', 'related', 'air', 'pollution', 'recent', 'months']","['health', 'official', 'islamabad', 'noticed', 'public', 'safety', 'issue', 'related', 'air', 'pollution', 'recent', 'month']",health official islamabad noticed public safety issue related air pollution recent month,12,12,Environmental Awareness,Pollution
TWT360,user_794936,Urban planners in Quetta are raising concerns about public safety issues related to climate change after recent reports.,11/10/2018 12:00:00 AM,Quetta,#GlobalWarming,en,0.2529,Positive,Climate Concern,Climate,2645,7285,climate change,urban planners in quetta are raising concerns about public safety issues related to climate change after recent reports.,[],[],FALSE,FALSE,5.722222222,"['urban', 'planners', 'in', 'quetta', 'are', 'raising', 'concerns', 'about', 'public', 'safety', 'issues', 'related', 'to', 'climate', 'change', 'after', 'recent', 'reports', '.']","['urban', 'planners', 'quetta', 'raising', 'concerns', 'public', 'safety', 'issues', 'related', 'climate', 'change', 'recent', 'reports', '.']","['urban', 'planners', 'quetta', 'raising', 'concerns', 'public', 'safety', 'issues', 'related', 'climate', 'change', 'recent', 'reports']","['urban', 'planner', 'quetta', 'raising', 'concern', 'public', 'safety', 'issue', 'related', 'climate', 'change', 'recent', 'report']",urban planner quetta raising concern public safety issue related climate change recent report,13,13,Climate Awareness,Climate Change
TWT361,user_563973,Residents in Islamabad are reporting long-term effects related to smog during ongoing environmental changes.,1/14/2020 12:00:00 AM,Islamabad,#Environment,en,-0.1776,Negative,Health Hazard,Climate,1550,5856,smog,residents in islamabad are reporting long-term effects related to smog during ongoing environmental changes.,[],[],FALSE,FALSE,6.785714286,"['residents', 'in', 'islamabad', 'are', 'reporting', 'long-term', 'effects', 'related', 'to', 'smog', 'during', 'ongoing', 'environmental', 'changes', '.']","['residents', 'islamabad', 'reporting', 'long-term', 'effects', 'related', 'smog', 'ongoing', 'environmental', 'changes', '.']","['residents', 'islamabad', 'reporting', 'long-term', 'effects', 'related', 'smog', 'ongoing', 'environmental', 'changes']","['resident', 'islamabad', 'reporting', 'long-term', 'effect', 'related', 'smog', 'ongoing', 'environmental', 'change']",resident islamabad reporting long-term effect related smog ongoing environmental change,10,10,Health Hazard,Pollution
TWT362,user_441079,Health officials in Rahim Yar Khan are reporting environmental challenges related to smog during ongoing environmental changes.,1/13/2025 12:00:00 AM,Rahim Yar Khan,#Heatwave,en,-0.13578,Negative,Health Hazard,Climate,3012,4879,smog,health officials in rahim yar khan are reporting environmental challenges related to smog during ongoing environmental changes.,[],[],FALSE,FALSE,6.529411765,"['health', 'officials', 'in', 'rahim', 'yar', 'khan', 'are', 'reporting', 'environmental', 'challenges', 'related', 'to', 'smog', 'during', 'ongoing', 'environmental', 'changes', '.']","['health', 'officials', 'rahim', 'yar', 'khan', 'reporting', 'environmental', 'challenges', 'related', 'smog', 'ongoing', 'environmental', 'changes', '.']","['health', 'officials', 'rahim', 'yar', 'khan', 'reporting', 'environmental', 'challenges', 'related', 'smog', 'ongoing', 'environmental', 'changes']","['health', 'official', 'rahim', 'yar', 'khan', 'reporting', 'environmental', 'challenge', 'related', 'smog', 'ongoing', 'environmental', 'change']",health official rahim yar khan reporting environmental challenge related smog ongoing environmental change,13,12,Health Hazard,Pollution
TWT363,user_839625,Health officials in Peshawar are observing economic pressure related to climate change after recent reports.,1/28/2023 12:00:00 AM,Peshawar,#ClimateChange,en,-0.150933333,Negative,Climate Concern,Climate,696,1919,climate change,health officials in peshawar are observing economic pressure related to climate change after recent reports.,[],[],FALSE,FALSE,6.266666667,"['health', 'officials', 'in', 'peshawar', 'are', 'observing', 'economic', 'pressure', 'related', 'to', 'climate', 'change', 'after', 'recent', 'reports', '.']","['health', 'officials', 'peshawar', 'observing', 'economic', 'pressure', 'related', 'climate', 'change', 'recent', 'reports', '.']","['health', 'officials', 'peshawar', 'observing', 'economic', 'pressure', 'related', 'climate', 'change', 'recent', 'reports']","['health', 'official', 'peshawar', 'observing', 'economic', 'pressure', 'related', 'climate', 'change', 'recent', 'report']",health official peshawar observing economic pressure related climate change recent report,11,11,Climate Stress,Climate Change
TWT364,user_805534,Residents in Islamabad are experiencing long-term effects related to water scarcity due to changing climate patterns.,10/14/2021 12:00:00 AM,Islamabad,#Floods,en,-0.025,Neutral,Resource Crisis,Climate,2612,6136,water scarcity,residents in islamabad are experiencing long-term effects related to water scarcity due to changing climate patterns.,[],[],FALSE,FALSE,6.375,"['residents', 'in', 'islamabad', 'are', 'experiencing', 'long-term', 'effects', 'related', 'to', 'water', 'scarcity', 'due', 'to', 'changing', 'climate', 'patterns', '.']","['residents', 'islamabad', 'experiencing', 'long-term', 'effects', 'related', 'water', 'scarcity', 'due', 'changing', 'climate', 'patterns', '.']","['residents', 'islamabad', 'experiencing', 'long-term', 'effects', 'related', 'water', 'scarcity', 'due', 'changing', 'climate', 'patterns']","['resident', 'islamabad', 'experiencing', 'long-term', 'effect', 'related', 'water', 'scarcity', 'due', 'changing', 'climate', 'pattern']",resident islamabad experiencing long-term effect related water scarcity due changing climate pattern,12,12,Resource Crisis,Resource Issue
TWT365,user_550717,Urban planners in Nawabshah are raising concerns about serious impacts related to water scarcity due to changing climate patterns.,1/28/2019 12:00:00 AM,Nawabshah,#Environment,en,-0.092153333,Neutral,Resource Crisis,Climate,4203,2786,water scarcity,urban planners in nawabshah are raising concerns about serious impacts related to water scarcity due to changing climate patterns.,[],[],FALSE,FALSE,5.894736842,"['urban', 'planners', 'in', 'nawabshah', 'are', 'raising', 'concerns', 'about', 'serious', 'impacts', 'related', 'to', 'water', 'scarcity', 'due', 'to', 'changing', 'climate', 'patterns', '.']","['urban', 'planners', 'nawabshah', 'raising', 'concerns', 'serious', 'impacts', 'related', 'water', 'scarcity', 'due', 'changing', 'climate', 'patterns', '.']","['urban', 'planners', 'nawabshah', 'raising', 'concerns', 'serious', 'impacts', 'related', 'water', 'scarcity', 'due', 'changing', 'climate', 'patterns']","['urban', 'planner', 'nawabshah', 'raising', 'concern', 'serious', 'impact', 'related', 'water', 'scarcity', 'due', 'changing', 'climate', 'pattern']",urban planner nawabshah raising concern serious impact related water scarcity due changing climate pattern,14,14,Resource Crisis,Resource Issue
TWT366,user_964353,Health officials in Sibi are observing long-term effects related to flooding due to changing climate patterns.,10/26/2023 12:00:00 AM,Sibi,#Heatwave,en,-0.025,Neutral,Disaster Risk,Climate,3770,4073,flooding,health officials in sibi are observing long-term effects related to flooding due to changing climate patterns.,[],[],FALSE,FALSE,5.9375,"['health', 'officials', 'in', 'sibi', 'are', 'observing', 'long-term', 'effects', 'related', 'to', 'flooding', 'due', 'to', 'changing', 'climate', 'patterns', '.']","['health', 'officials', 'sibi', 'observing', 'long-term', 'effects', 'related', 'flooding', 'due', 'changing', 'climate', 'patterns', '.']","['health', 'officials', 'sibi', 'observing', 'long-term', 'effects', 'related', 'flooding', 'due', 'changing', 'climate', 'patterns']","['health', 'official', 'sibi', 'observing', 'long-term', 'effect', 'related', 'flooding', 'due', 'changing', 'climate', 'pattern']",health official sibi observing long-term effect related flooding due changing climate pattern,12,12,Severe Disaster Concern,Disaster
TWT367,user_559375,Climate researchers in Nowshera have noticed long-term effects related to smog in recent months.,8/25/2022 12:00:00 AM,Nowshera,#Floods,en,-0.1776,Negative,Health Hazard,Climate,4835,6733,smog,climate researchers in nowshera have noticed long-term effects related to smog in recent months.,[],[],FALSE,FALSE,5.928571429,"['climate', 'researchers', 'in', 'nowshera', 'have', 'noticed', 'long-term', 'effects', 'related', 'to', 'smog', 'in', 'recent', 'months', '.']","['climate', 'researchers', 'nowshera', 'noticed', 'long-term', 'effects', 'related', 'smog', 'recent', 'months', '.']","['climate', 'researchers', 'nowshera', 'noticed', 'long-term', 'effects', 'related', 'smog', 'recent', 'months']","['climate', 'researcher', 'nowshera', 'noticed', 'long-term', 'effect', 'related', 'smog', 'recent', 'month']",climate researcher nowshera noticed long-term effect related smog recent month,10,10,Health Hazard,Pollution
TWT368,user_860986,Residents in Charsadda are raising concerns about public safety issues related to rising temperatures in recent months.,8/22/2021 12:00:00 AM,Charsadda,#Heatwave,en,0.2529,Positive,Climate Stress,Climate,2327,7004,rising temperatures,residents in charsadda are raising concerns about public safety issues related to rising temperatures in recent months.,[],[],FALSE,FALSE,6.058823529,"['residents', 'in', 'charsadda', 'are', 'raising', 'concerns', 'about', 'public', 'safety', 'issues', 'related', 'to', 'rising', 'temperatures', 'in', 'recent', 'months', '.']","['residents', 'charsadda', 'raising', 'concerns', 'public', 'safety', 'issues', 'related', 'rising', 'temperatures', 'recent', 'months', '.']","['residents', 'charsadda', 'raising', 'concerns', 'public', 'safety', 'issues', 'related', 'rising', 'temperatures', 'recent', 'months']","['resident', 'charsadda', 'raising', 'concern', 'public', 'safety', 'issue', 'related', 'rising', 'temperature', 'recent', 'month']",resident charsadda raising concern public safety issue related rising temperature recent month,12,12,Climate Awareness,Climate Change
TWT369,user_980477,Health officials in Hyderabad are discussing long-term effects related to flooding during ongoing environmental changes.,12/7/2025 12:00:00 AM,Hyderabad,#ClimateChange,en,0,Neutral,Disaster Risk,Climate,3947,5077,flooding,health officials in hyderabad are discussing long-term effects related to flooding during ongoing environmental changes.,[],[],FALSE,FALSE,7.066666667,"['health', 'officials', 'in', 'hyderabad', 'are', 'discussing', 'long-term', 'effects', 'related', 'to', 'flooding', 'during', 'ongoing', 'environmental', 'changes', '.']","['health', 'officials', 'hyderabad', 'discussing', 'long-term', 'effects', 'related', 'flooding', 'ongoing', 'environmental', 'changes', '.']","['health', 'officials', 'hyderabad', 'discussing', 'long-term', 'effects', 'related', 'flooding', 'ongoing', 'environmental', 'changes']","['health', 'official', 'hyderabad', 'discussing', 'long-term', 'effect', 'related', 'flooding', 'ongoing', 'environmental', 'change']",health official hyderabad discussing long-term effect related flooding ongoing environmental change,11,11,General Disaster Discussion,Disaster
TWT370,user_797943,Local communities in Karachi are observing economic pressure related to heatwave in recent months.,9/27/2018 12:00:00 AM,Karachi,#GlobalWarming,en,-0.1576,Negative,Climate Stress,Climate,1080,4981,heatwave,local communities in karachi are observing economic pressure related to heatwave in recent months.,[],[],FALSE,FALSE,6.071428571,"['local', 'communities', 'in', 'karachi', 'are', 'observing', 'economic', 'pressure', 'related', 'to', 'heatwave', 'in', 'recent', 'months', '.']","['local', 'communities', 'karachi', 'observing', 'economic', 'pressure', 'related', 'heatwave', 'recent', 'months', '.']","['local', 'communities', 'karachi', 'observing', 'economic', 'pressure', 'related', 'heatwave', 'recent', 'months']","['local', 'community', 'karachi', 'observing', 'economic', 'pressure', 'related', 'heatwave', 'recent', 'month']",local community karachi observing economic pressure related heatwave recent month,10,10,Severe Disaster Concern,Disaster
TWT371,user_413757,Urban planners in Thatta are raising concerns about health risks related to smog due to changing climate patterns.,12/27/2019 12:00:00 AM,Thatta,#GlobalWarming,en,-0.323026667,Negative,Health Hazard,Climate,4167,7521,smog,urban planners in thatta are raising concerns about health risks related to smog due to changing climate patterns.,[],[],FALSE,FALSE,5.388888889,"['urban', 'planners', 'in', 'thatta', 'are', 'raising', 'concerns', 'about', 'health', 'risks', 'related', 'to', 'smog', 'due', 'to', 'changing', 'climate', 'patterns', '.']","['urban', 'planners', 'thatta', 'raising', 'concerns', 'health', 'risks', 'related', 'smog', 'due', 'changing', 'climate', 'patterns', '.']","['urban', 'planners', 'thatta', 'raising', 'concerns', 'health', 'risks', 'related', 'smog', 'due', 'changing', 'climate', 'patterns']","['urban', 'planner', 'thatta', 'raising', 'concern', 'health', 'risk', 'related', 'smog', 'due', 'changing', 'climate', 'pattern']",urban planner thatta raising concern health risk related smog due changing climate pattern,13,13,Health Hazard,Pollution
TWT372,user_762807,Urban planners in Islamabad are observing health risks related to flooding in recent months.,12/8/2023 12:00:00 AM,Islamabad,#Floods,en,-0.16392,Negative,Disaster Risk,Climate,4782,9615,flooding,urban planners in islamabad are observing health risks related to flooding in recent months.,[],[],FALSE,FALSE,5.642857143,"['urban', 'planners', 'in', 'islamabad', 'are', 'observing', 'health', 'risks', 'related', 'to', 'flooding', 'in', 'recent', 'months', '.']","['urban', 'planners', 'islamabad', 'observing', 'health', 'risks', 'related', 'flooding', 'recent', 'months', '.']","['urban', 'planners', 'islamabad', 'observing', 'health', 'risks', 'related', 'flooding', 'recent', 'months']","['urban', 'planner', 'islamabad', 'observing', 'health', 'risk', 'related', 'flooding', 'recent', 'month']",urban planner islamabad observing health risk related flooding recent month,10,10,Severe Disaster Concern,Disaster
TWT373,user_324992,Residents in Nawabshah are observing economic pressure related to air pollution after recent reports.,4/8/2025 12:00:00 AM,Nawabshah,#ClimateChange,en,-0.150933333,Negative,Health Hazard,Climate,1449,5510,air pollution,residents in nawabshah are observing economic pressure related to air pollution after recent reports.,[],[],FALSE,FALSE,6.285714286,"['residents', 'in', 'nawabshah', 'are', 'observing', 'economic', 'pressure', 'related', 'to', 'air', 'pollution', 'after', 'recent', 'reports', '.']","['residents', 'nawabshah', 'observing', 'economic', 'pressure', 'related', 'air', 'pollution', 'recent', 'reports', '.']","['residents', 'nawabshah', 'observing', 'economic', 'pressure', 'related', 'air', 'pollution', 'recent', 'reports']","['resident', 'nawabshah', 'observing', 'economic', 'pressure', 'related', 'air', 'pollution', 'recent', 'report']",resident nawabshah observing economic pressure related air pollution recent report,10,10,Health Hazard,Pollution
TWT374,user_308189,Health officials in Nawabshah have noticed health risks related to heavy rainfall during ongoing environmental changes.,12/17/2023 12:00:00 AM,Nawabshah,#Environment,en,-0.20392,Negative,Disaster Risk,Climate,4175,50,heavy rainfall,health officials in nawabshah have noticed health risks related to heavy rainfall during ongoing environmental changes.,[],[],FALSE,FALSE,6.5,"['health', 'officials', 'in', 'nawabshah', 'have', 'noticed', 'health', 'risks', 'related', 'to', 'heavy', 'rainfall', 'during', 'ongoing', 'environmental', 'changes', '.']","['health', 'officials', 'nawabshah', 'noticed', 'health', 'risks', 'related', 'heavy', 'rainfall', 'ongoing', 'environmental', 'changes', '.']","['health', 'officials', 'nawabshah', 'noticed', 'health', 'risks', 'related', 'heavy', 'rainfall', 'ongoing', 'environmental', 'changes']","['health', 'official', 'nawabshah', 'noticed', 'health', 'risk', 'related', 'heavy', 'rainfall', 'ongoing', 'environmental', 'change']",health official nawabshah noticed health risk related heavy rainfall ongoing environmental change,12,11,Severe Disaster Concern,Disaster
TWT375,user_645599,Citizens in Islamabad are discussing environmental challenges related to smog after recent reports.,6/1/2021 12:00:00 AM,Islamabad,#Floods,en,-0.13578,Negative,Health Hazard,Climate,3840,5757,smog,citizens in islamabad are discussing environmental challenges related to smog after recent reports.,[],[],FALSE,FALSE,6.692307692,"['citizens', 'in', 'islamabad', 'are', 'discussing', 'environmental', 'challenges', 'related', 'to', 'smog', 'after', 'recent', 'reports', '.']","['citizens', 'islamabad', 'discussing', 'environmental', 'challenges', 'related', 'smog', 'recent', 'reports', '.']","['citizens', 'islamabad', 'discussing', 'environmental', 'challenges', 'related', 'smog', 'recent', 'reports']","['citizen', 'islamabad', 'discussing', 'environmental', 'challenge', 'related', 'smog', 'recent', 'report']",citizen islamabad discussing environmental challenge related smog recent report,9,9,Health Hazard,Pollution
TWT376,user_239079,Climate researchers in Rahim Yar Khan are raising concerns about serious impacts related to drought after recent reports.,6/17/2018 12:00:00 AM,Rahim Yar Khan,#Smog,en,-0.090764444,Neutral,Resource Crisis,Climate,2438,7930,drought,climate researchers in rahim yar khan are raising concerns about serious impacts related to drought after recent reports.,[],[],FALSE,FALSE,5.777777778,"['climate', 'researchers', 'in', 'rahim', 'yar', 'khan', 'are', 'raising', 'concerns', 'about', 'serious', 'impacts', 'related', 'to', 'drought', 'after', 'recent', 'reports', '.']","['climate', 'researchers', 'rahim', 'yar', 'khan', 'raising', 'concerns', 'serious', 'impacts', 'related', 'drought', 'recent', 'reports', '.']","['climate', 'researchers', 'rahim', 'yar', 'khan', 'raising', 'concerns', 'serious', 'impacts', 'related', 'drought', 'recent', 'reports']","['climate', 'researcher', 'rahim', 'yar', 'khan', 'raising', 'concern', 'serious', 'impact', 'related', 'drought', 'recent', 'report']",climate researcher rahim yar khan raising concern serious impact related drought recent report,13,13,Severe Disaster Concern,Disaster
TWT377,user_433333,Climate researchers in Bannu are observing environmental challenges related to smog during ongoing environmental changes.,2/22/2019 12:00:00 AM,Bannu,#ClimateChange,en,-0.13578,Negative,Health Hazard,Climate,2772,5894,smog,climate researchers in bannu are observing environmental challenges related to smog during ongoing environmental changes.,[],[],FALSE,FALSE,7.133333333,"['climate', 'researchers', 'in', 'bannu', 'are', 'observing', 'environmental', 'challenges', 'related', 'to', 'smog', 'during', 'ongoing', 'environmental', 'changes', '.']","['climate', 'researchers', 'bannu', 'observing', 'environmental', 'challenges', 'related', 'smog', 'ongoing', 'environmental', 'changes', '.']","['climate', 'researchers', 'bannu', 'observing', 'environmental', 'challenges', 'related', 'smog', 'ongoing', 'environmental', 'changes']","['climate', 'researcher', 'bannu', 'observing', 'environmental', 'challenge', 'related', 'smog', 'ongoing', 'environmental', 'change']",climate researcher bannu observing environmental challenge related smog ongoing environmental change,11,10,Health Hazard,Pollution
TWT378,user_256058,Urban planners in Sahiwal are reporting economic pressure related to smog after recent reports.,5/27/2024 12:00:00 AM,Sahiwal,#Floods,en,-0.29602,Negative,Health Hazard,Climate,3086,5463,smog,urban planners in sahiwal are reporting economic pressure related to smog after recent reports.,[],[],FALSE,FALSE,5.857142857,"['urban', 'planners', 'in', 'sahiwal', 'are', 'reporting', 'economic', 'pressure', 'related', 'to', 'smog', 'after', 'recent', 'reports', '.']","['urban', 'planners', 'sahiwal', 'reporting', 'economic', 'pressure', 'related', 'smog', 'recent', 'reports', '.']","['urban', 'planners', 'sahiwal', 'reporting', 'economic', 'pressure', 'related', 'smog', 'recent', 'reports']","['urban', 'planner', 'sahiwal', 'reporting', 'economic', 'pressure', 'related', 'smog', 'recent', 'report']",urban planner sahiwal reporting economic pressure related smog recent report,10,10,Health Hazard,Pollution
TWT379,user_862975,Residents in Panjgur have noticed health risks related to flooding in recent months.,1/27/2018 12:00:00 AM,Panjgur,#Smog,en,-0.16392,Negative,Disaster Risk,Climate,3197,1206,flooding,residents in panjgur have noticed health risks related to flooding in recent months.,[],[],FALSE,FALSE,5.538461538,"['residents', 'in', 'panjgur', 'have', 'noticed', 'health', 'risks', 'related', 'to', 'flooding', 'in', 'recent', 'months', '.']","['residents', 'panjgur', 'noticed', 'health', 'risks', 'related', 'flooding', 'recent', 'months', '.']","['residents', 'panjgur', 'noticed', 'health', 'risks', 'related', 'flooding', 'recent', 'months']","['resident', 'panjgur', 'noticed', 'health', 'risk', 'related', 'flooding', 'recent', 'month']",resident panjgur noticed health risk related flooding recent month,9,9,Severe Disaster Concern,Disaster
TWT380,user_362874,Residents in Islamabad are observing environmental challenges related to water scarcity in recent months.,9/9/2019 12:00:00 AM,Islamabad,#PakistanClimate,en,0.04632,Neutral,Resource Crisis,Climate,4469,7987,water scarcity,residents in islamabad are observing environmental challenges related to water scarcity in recent months.,[],[],FALSE,FALSE,6.571428571,"['residents', 'in', 'islamabad', 'are', 'observing', 'environmental', 'challenges', 'related', 'to', 'water', 'scarcity', 'in', 'recent', 'months', '.']","['residents', 'islamabad', 'observing', 'environmental', 'challenges', 'related', 'water', 'scarcity', 'recent', 'months', '.']","['residents', 'islamabad', 'observing', 'environmental', 'challenges', 'related', 'water', 'scarcity', 'recent', 'months']","['resident', 'islamabad', 'observing', 'environmental', 'challenge', 'related', 'water', 'scarcity', 'recent', 'month']",resident islamabad observing environmental challenge related water scarcity recent month,10,10,Resource Discussion,Resource Issue
TWT381,user_528921,Environmental experts in Sargodha are experiencing health risks related to air pollution in recent months.,5/31/2023 12:00:00 AM,Sargodha,#Heatwave,en,-0.16392,Negative,Health Hazard,Climate,2801,4273,air pollution,environmental experts in sargodha are experiencing health risks related to air pollution in recent months.,[],[],FALSE,FALSE,6.133333333,"['environmental', 'experts', 'in', 'sargodha', 'are', 'experiencing', 'health', 'risks', 'related', 'to', 'air', 'pollution', 'in', 'recent', 'months', '.']","['environmental', 'experts', 'sargodha', 'experiencing', 'health', 'risks', 'related', 'air', 'pollution', 'recent', 'months', '.']","['environmental', 'experts', 'sargodha', 'experiencing', 'health', 'risks', 'related', 'air', 'pollution', 'recent', 'months']","['environmental', 'expert', 'sargodha', 'experiencing', 'health', 'risk', 'related', 'air', 'pollution', 'recent', 'month']",environmental expert sargodha experiencing health risk related air pollution recent month,11,11,Health Hazard,Pollution
TWT382,user_73631,Environmental experts in Hyderabad are reporting long-term effects related to extreme weather due to changing climate patterns.,2/26/2020 12:00:00 AM,Hyderabad,#PakistanClimate,en,-0.033333333,Neutral,Climate Concern,Climate,3018,4529,extreme weather,environmental experts in hyderabad are reporting long-term effects related to extreme weather due to changing climate patterns.,[],[],FALSE,FALSE,6.529411765,"['environmental', 'experts', 'in', 'hyderabad', 'are', 'reporting', 'long-term', 'effects', 'related', 'to', 'extreme', 'weather', 'due', 'to', 'changing', 'climate', 'patterns', '.']","['environmental', 'experts', 'hyderabad', 'reporting', 'long-term', 'effects', 'related', 'extreme', 'weather', 'due', 'changing', 'climate', 'patterns', '.']","['environmental', 'experts', 'hyderabad', 'reporting', 'long-term', 'effects', 'related', 'extreme', 'weather', 'due', 'changing', 'climate', 'patterns']","['environmental', 'expert', 'hyderabad', 'reporting', 'long-term', 'effect', 'related', 'extreme', 'weather', 'due', 'changing', 'climate', 'pattern']",environmental expert hyderabad reporting long-term effect related extreme weather due changing climate pattern,13,13,Negative Climate Concern,General
TWT383,user_472526,Health officials in Badin are reporting serious impacts related to water scarcity after recent reports.,5/20/2024 12:00:00 AM,Badin,#PakistanClimate,en,-0.090764444,Neutral,Resource Crisis,Climate,2424,4997,water scarcity,health officials in badin are reporting serious impacts related to water scarcity after recent reports.,[],[],FALSE,FALSE,5.933333333,"['health', 'officials', 'in', 'badin', 'are', 'reporting', 'serious', 'impacts', 'related', 'to', 'water', 'scarcity', 'after', 'recent', 'reports', '.']","['health', 'officials', 'badin', 'reporting', 'serious', 'impacts', 'related', 'water', 'scarcity', 'recent', 'reports', '.']","['health', 'officials', 'badin', 'reporting', 'serious', 'impacts', 'related', 'water', 'scarcity', 'recent', 'reports']","['health', 'official', 'badin', 'reporting', 'serious', 'impact', 'related', 'water', 'scarcity', 'recent', 'report']",health official badin reporting serious impact related water scarcity recent report,11,11,Resource Crisis,Resource Issue
TWT384,user_579328,Urban planners in Islamabad are reporting public safety issues related to air pollution during ongoing environmental changes.,6/21/2024 12:00:00 AM,Islamabad,#ClimateChange,en,0.2529,Positive,Health Hazard,Climate,1445,6305,air pollution,urban planners in islamabad are reporting public safety issues related to air pollution during ongoing environmental changes.,[],[],FALSE,FALSE,6.411764706,"['urban', 'planners', 'in', 'islamabad', 'are', 'reporting', 'public', 'safety', 'issues', 'related', 'to', 'air', 'pollution', 'during', 'ongoing', 'environmental', 'changes', '.']","['urban', 'planners', 'islamabad', 'reporting', 'public', 'safety', 'issues', 'related', 'air', 'pollution', 'ongoing', 'environmental', 'changes', '.']","['urban', 'planners', 'islamabad', 'reporting', 'public', 'safety', 'issues', 'related', 'air', 'pollution', 'ongoing', 'environmental', 'changes']","['urban', 'planner', 'islamabad', 'reporting', 'public', 'safety', 'issue', 'related', 'air', 'pollution', 'ongoing', 'environmental', 'change']",urban planner islamabad reporting public safety issue related air pollution ongoing environmental change,13,13,Environmental Awareness,Pollution
TWT385,user_663127,Health officials in Karachi are observing health risks related to air pollution during ongoing environmental changes.,7/5/2021 12:00:00 AM,Karachi,#PakistanClimate,en,-0.16392,Negative,Health Hazard,Climate,2017,7420,air pollution,health officials in karachi are observing health risks related to air pollution during ongoing environmental changes.,[],[],FALSE,FALSE,6.375,"['health', 'officials', 'in', 'karachi', 'are', 'observing', 'health', 'risks', 'related', 'to', 'air', 'pollution', 'during', 'ongoing', 'environmental', 'changes', '.']","['health', 'officials', 'karachi', 'observing', 'health', 'risks', 'related', 'air', 'pollution', 'ongoing', 'environmental', 'changes', '.']","['health', 'officials', 'karachi', 'observing', 'health', 'risks', 'related', 'air', 'pollution', 'ongoing', 'environmental', 'changes']","['health', 'official', 'karachi', 'observing', 'health', 'risk', 'related', 'air', 'pollution', 'ongoing', 'environmental', 'change']",health official karachi observing health risk related air pollution ongoing environmental change,12,11,Health Hazard,Pollution
TWT386,user_484310,Residents in Zhob are raising concerns about economic pressure related to extreme weather due to changing climate patterns.,1/10/2019 12:00:00 AM,Zhob,#Floods,en,-0.1826,Negative,Climate Concern,Climate,1859,8858,extreme weather,residents in zhob are raising concerns about economic pressure related to extreme weather due to changing climate patterns.,[],[],FALSE,FALSE,5.888888889,"['residents', 'in', 'zhob', 'are', 'raising', 'concerns', 'about', 'economic', 'pressure', 'related', 'to', 'extreme', 'weather', 'due', 'to', 'changing', 'climate', 'patterns', '.']","['residents', 'zhob', 'raising', 'concerns', 'economic', 'pressure', 'related', 'extreme', 'weather', 'due', 'changing', 'climate', 'patterns', '.']","['residents', 'zhob', 'raising', 'concerns', 'economic', 'pressure', 'related', 'extreme', 'weather', 'due', 'changing', 'climate', 'patterns']","['resident', 'zhob', 'raising', 'concern', 'economic', 'pressure', 'related', 'extreme', 'weather', 'due', 'changing', 'climate', 'pattern']",resident zhob raising concern economic pressure related extreme weather due changing climate pattern,13,13,Negative Climate Concern,General
TWT387,user_390966,Urban planners in Gwadar are observing health risks related to rising temperatures during ongoing environmental changes.,8/27/2018 12:00:00 AM,Gwadar,#ClimateChange,en,-0.16392,Negative,Climate Stress,Climate,4542,9398,rising temperatures,urban planners in gwadar are observing health risks related to rising temperatures during ongoing environmental changes.,[],[],FALSE,FALSE,6.5625,"['urban', 'planners', 'in', 'gwadar', 'are', 'observing', 'health', 'risks', 'related', 'to', 'rising', 'temperatures', 'during', 'ongoing', 'environmental', 'changes', '.']","['urban', 'planners', 'gwadar', 'observing', 'health', 'risks', 'related', 'rising', 'temperatures', 'ongoing', 'environmental', 'changes', '.']","['urban', 'planners', 'gwadar', 'observing', 'health', 'risks', 'related', 'rising', 'temperatures', 'ongoing', 'environmental', 'changes']","['urban', 'planner', 'gwadar', 'observing', 'health', 'risk', 'related', 'rising', 'temperature', 'ongoing', 'environmental', 'change']",urban planner gwadar observing health risk related rising temperature ongoing environmental change,12,12,Climate Stress,Climate Change
TWT388,user_692693,Environmental experts in Karachi are reporting environmental challenges related to rising temperatures as weather conditions shift.,10/26/2022 12:00:00 AM,Karachi,#Heatwave,en,0.04632,Neutral,Climate Stress,Climate,428,7727,rising temperatures,environmental experts in karachi are reporting environmental challenges related to rising temperatures as weather conditions shift.,[],[],FALSE,FALSE,7.25,"['environmental', 'experts', 'in', 'karachi', 'are', 'reporting', 'environmental', 'challenges', 'related', 'to', 'rising', 'temperatures', 'as', 'weather', 'conditions', 'shift', '.']","['environmental', 'experts', 'karachi', 'reporting', 'environmental', 'challenges', 'related', 'rising', 'temperatures', 'weather', 'conditions', 'shift', '.']","['environmental', 'experts', 'karachi', 'reporting', 'environmental', 'challenges', 'related', 'rising', 'temperatures', 'weather', 'conditions', 'shift']","['environmental', 'expert', 'karachi', 'reporting', 'environmental', 'challenge', 'related', 'rising', 'temperature', 'weather', 'condition', 'shift']",environmental expert karachi reporting environmental challenge related rising temperature weather condition shift,12,11,Climate Awareness,Climate Change
TWT389,user_21177,Environmental experts in Turbat are raising concerns about environmental challenges related to water scarcity after recent reports.,10/20/2019 12:00:00 AM,Turbat,#Floods,en,0.04632,Neutral,Resource Crisis,Climate,3865,5348,water scarcity,environmental experts in turbat are raising concerns about environmental challenges related to water scarcity after recent reports.,[],[],FALSE,FALSE,6.764705882,"['environmental', 'experts', 'in', 'turbat', 'are', 'raising', 'concerns', 'about', 'environmental', 'challenges', 'related', 'to', 'water', 'scarcity', 'after', 'recent', 'reports', '.']","['environmental', 'experts', 'turbat', 'raising', 'concerns', 'environmental', 'challenges', 'related', 'water', 'scarcity', 'recent', 'reports', '.']","['environmental', 'experts', 'turbat', 'raising', 'concerns', 'environmental', 'challenges', 'related', 'water', 'scarcity', 'recent', 'reports']","['environmental', 'expert', 'turbat', 'raising', 'concern', 'environmental', 'challenge', 'related', 'water', 'scarcity', 'recent', 'report']",environmental expert turbat raising concern environmental challenge related water scarcity recent report,12,11,Resource Discussion,Resource Issue
TWT390,user_817764,Climate researchers in Islamabad are raising concerns about serious impacts related to rising temperatures during ongoing environmental changes.,5/16/2022 12:00:00 AM,Islamabad,#GlobalWarming,en,-0.112986667,Neutral,Climate Stress,Climate,1694,7669,rising temperatures,climate researchers in islamabad are raising concerns about serious impacts related to rising temperatures during ongoing environmental changes.,[],[],FALSE,FALSE,7.055555556,"['climate', 'researchers', 'in', 'islamabad', 'are', 'raising', 'concerns', 'about', 'serious', 'impacts', 'related', 'to', 'rising', 'temperatures', 'during', 'ongoing', 'environmental', 'changes', '.']","['climate', 'researchers', 'islamabad', 'raising', 'concerns', 'serious', 'impacts', 'related', 'rising', 'temperatures', 'ongoing', 'environmental', 'changes', '.']","['climate', 'researchers', 'islamabad', 'raising', 'concerns', 'serious', 'impacts', 'related', 'rising', 'temperatures', 'ongoing', 'environmental', 'changes']","['climate', 'researcher', 'islamabad', 'raising', 'concern', 'serious', 'impact', 'related', 'rising', 'temperature', 'ongoing', 'environmental', 'change']",climate researcher islamabad raising concern serious impact related rising temperature ongoing environmental change,13,13,Climate Stress,Climate Change
TWT391,user_776581,Climate researchers in Rahim Yar Khan are experiencing environmental challenges related to heavy rainfall due to changing climate patterns.,10/21/2023 12:00:00 AM,Rahim Yar Khan,#Smog,en,0.002986667,Neutral,Disaster Risk,Climate,3148,5592,heavy rainfall,climate researchers in rahim yar khan are experiencing environmental challenges related to heavy rainfall due to changing climate patterns.,[],[],FALSE,FALSE,6.368421053,"['climate', 'researchers', 'in', 'rahim', 'yar', 'khan', 'are', 'experiencing', 'environmental', 'challenges', 'related', 'to', 'heavy', 'rainfall', 'due', 'to', 'changing', 'climate', 'patterns', '.']","['climate', 'researchers', 'rahim', 'yar', 'khan', 'experiencing', 'environmental', 'challenges', 'related', 'heavy', 'rainfall', 'due', 'changing', 'climate', 'patterns', '.']","['climate', 'researchers', 'rahim', 'yar', 'khan', 'experiencing', 'environmental', 'challenges', 'related', 'heavy', 'rainfall', 'due', 'changing', 'climate', 'patterns']","['climate', 'researcher', 'rahim', 'yar', 'khan', 'experiencing', 'environmental', 'challenge', 'related', 'heavy', 'rainfall', 'due', 'changing', 'climate', 'pattern']",climate researcher rahim yar khan experiencing environmental challenge related heavy rainfall due changing climate pattern,15,14,General Disaster Discussion,Disaster
TWT392,user_586411,Citizens in Zhob are reporting economic pressure related to smog as weather conditions shift.,6/12/2022 12:00:00 AM,Zhob,#Environment,en,-0.27602,Negative,Health Hazard,Climate,69,3357,smog,citizens in zhob are reporting economic pressure related to smog as weather conditions shift.,[],[],FALSE,FALSE,5.714285714,"['citizens', 'in', 'zhob', 'are', 'reporting', 'economic', 'pressure', 'related', 'to', 'smog', 'as', 'weather', 'conditions', 'shift', '.']","['citizens', 'zhob', 'reporting', 'economic', 'pressure', 'related', 'smog', 'weather', 'conditions', 'shift', '.']","['citizens', 'zhob', 'reporting', 'economic', 'pressure', 'related', 'smog', 'weather', 'conditions', 'shift']","['citizen', 'zhob', 'reporting', 'economic', 'pressure', 'related', 'smog', 'weather', 'condition', 'shift']",citizen zhob reporting economic pressure related smog weather condition shift,10,10,Health Hazard,Pollution
TWT393,user_244439,Citizens in Badin are reporting economic pressure related to drought after recent reports.,4/2/2025 12:00:00 AM,Badin,#PakistanClimate,en,-0.150933333,Negative,Resource Crisis,Climate,914,8609,drought,citizens in badin are reporting economic pressure related to drought after recent reports.,[],[],FALSE,FALSE,6,"['citizens', 'in', 'badin', 'are', 'reporting', 'economic', 'pressure', 'related', 'to', 'drought', 'after', 'recent', 'reports', '.']","['citizens', 'badin', 'reporting', 'economic', 'pressure', 'related', 'drought', 'recent', 'reports', '.']","['citizens', 'badin', 'reporting', 'economic', 'pressure', 'related', 'drought', 'recent', 'reports']","['citizen', 'badin', 'reporting', 'economic', 'pressure', 'related', 'drought', 'recent', 'report']",citizen badin reporting economic pressure related drought recent report,9,9,Severe Disaster Concern,Disaster
TWT394,user_823598,Urban planners in Khuzdar are discussing environmental challenges related to drought as weather conditions shift.,7/30/2023 12:00:00 AM,Khuzdar,#Heatwave,en,0.04632,Neutral,Resource Crisis,Climate,4946,1068,drought,urban planners in khuzdar are discussing environmental challenges related to drought as weather conditions shift.,[],[],FALSE,FALSE,6.6,"['urban', 'planners', 'in', 'khuzdar', 'are', 'discussing', 'environmental', 'challenges', 'related', 'to', 'drought', 'as', 'weather', 'conditions', 'shift', '.']","['urban', 'planners', 'khuzdar', 'discussing', 'environmental', 'challenges', 'related', 'drought', 'weather', 'conditions', 'shift', '.']","['urban', 'planners', 'khuzdar', 'discussing', 'environmental', 'challenges', 'related', 'drought', 'weather', 'conditions', 'shift']","['urban', 'planner', 'khuzdar', 'discussing', 'environmental', 'challenge', 'related', 'drought', 'weather', 'condition', 'shift']",urban planner khuzdar discussing environmental challenge related drought weather condition shift,11,11,General Disaster Discussion,Disaster
TWT395,user_998540,Environmental experts in Gwadar are experiencing environmental challenges related to extreme weather due to changing climate patterns.,1/11/2020 12:00:00 AM,Gwadar,#GlobalWarming,en,0.012986667,Neutral,Climate Concern,Climate,4089,2656,extreme weather,environmental experts in gwadar are experiencing environmental challenges related to extreme weather due to changing climate patterns.,[],[],FALSE,FALSE,6.941176471,"['environmental', 'experts', 'in', 'gwadar', 'are', 'experiencing', 'environmental', 'challenges', 'related', 'to', 'extreme', 'weather', 'due', 'to', 'changing', 'climate', 'patterns', '.']","['environmental', 'experts', 'gwadar', 'experiencing', 'environmental', 'challenges', 'related', 'extreme', 'weather', 'due', 'changing', 'climate', 'patterns', '.']","['environmental', 'experts', 'gwadar', 'experiencing', 'environmental', 'challenges', 'related', 'extreme', 'weather', 'due', 'changing', 'climate', 'patterns']","['environmental', 'expert', 'gwadar', 'experiencing', 'environmental', 'challenge', 'related', 'extreme', 'weather', 'due', 'changing', 'climate', 'pattern']",environmental expert gwadar experiencing environmental challenge related extreme weather due changing climate pattern,13,12,Positive Environmental Outlook,General
TWT396,user_959050,Residents in Chaman have noticed economic pressure related to heavy rainfall in recent months.,10/30/2018 12:00:00 AM,Chaman,#GlobalWarming,en,-0.1776,Negative,Disaster Risk,Climate,1390,7446,heavy rainfall,residents in chaman have noticed economic pressure related to heavy rainfall in recent months.,[],[],FALSE,FALSE,5.785714286,"['residents', 'in', 'chaman', 'have', 'noticed', 'economic', 'pressure', 'related', 'to', 'heavy', 'rainfall', 'in', 'recent', 'months', '.']","['residents', 'chaman', 'noticed', 'economic', 'pressure', 'related', 'heavy', 'rainfall', 'recent', 'months', '.']","['residents', 'chaman', 'noticed', 'economic', 'pressure', 'related', 'heavy', 'rainfall', 'recent', 'months']","['resident', 'chaman', 'noticed', 'economic', 'pressure', 'related', 'heavy', 'rainfall', 'recent', 'month']",resident chaman noticed economic pressure related heavy rainfall recent month,10,10,Severe Disaster Concern,Disaster
TWT397,user_78886,Residents in Nawabshah are discussing serious impacts related to rising temperatures in recent months.,3/5/2024 12:00:00 AM,Nawabshah,#GlobalWarming,en,-0.090764444,Neutral,Climate Stress,Climate,4911,5688,rising temperatures,residents in nawabshah are discussing serious impacts related to rising temperatures in recent months.,[],[],FALSE,FALSE,6.357142857,"['residents', 'in', 'nawabshah', 'are', 'discussing', 'serious', 'impacts', 'related', 'to', 'rising', 'temperatures', 'in', 'recent', 'months', '.']","['residents', 'nawabshah', 'discussing', 'serious', 'impacts', 'related', 'rising', 'temperatures', 'recent', 'months', '.']","['residents', 'nawabshah', 'discussing', 'serious', 'impacts', 'related', 'rising', 'temperatures', 'recent', 'months']","['resident', 'nawabshah', 'discussing', 'serious', 'impact', 'related', 'rising', 'temperature', 'recent', 'month']",resident nawabshah discussing serious impact related rising temperature recent month,10,10,Climate Stress,Climate Change
TWT398,user_677792,Residents in Swabi are observing long-term effects related to air pollution after recent reports.,2/19/2018 12:00:00 AM,Swabi,#PakistanClimate,en,0,Neutral,Health Hazard,Climate,4516,1675,air pollution,residents in swabi are observing long-term effects related to air pollution after recent reports.,[],[],FALSE,FALSE,6,"['residents', 'in', 'swabi', 'are', 'observing', 'long-term', 'effects', 'related', 'to', 'air', 'pollution', 'after', 'recent', 'reports', '.']","['residents', 'swabi', 'observing', 'long-term', 'effects', 'related', 'air', 'pollution', 'recent', 'reports', '.']","['residents', 'swabi', 'observing', 'long-term', 'effects', 'related', 'air', 'pollution', 'recent', 'reports']","['resident', 'swabi', 'observing', 'long-term', 'effect', 'related', 'air', 'pollution', 'recent', 'report']",resident swabi observing long-term effect related air pollution recent report,10,10,Environmental Awareness,Pollution
TWT399,user_216285,Residents in Islamabad are reporting economic pressure related to smog in recent months.,5/18/2023 12:00:00 AM,Islamabad,#Floods,en,-0.289353333,Negative,Health Hazard,Climate,3195,7904,smog,residents in islamabad are reporting economic pressure related to smog in recent months.,[],[],FALSE,FALSE,5.846153846,"['residents', 'in', 'islamabad', 'are', 'reporting', 'economic', 'pressure', 'related', 'to', 'smog', 'in', 'recent', 'months', '.']","['residents', 'islamabad', 'reporting', 'economic', 'pressure', 'related', 'smog', 'recent', 'months', '.']","['residents', 'islamabad', 'reporting', 'economic', 'pressure', 'related', 'smog', 'recent', 'months']","['resident', 'islamabad', 'reporting', 'economic', 'pressure', 'related', 'smog', 'recent', 'month']",resident islamabad reporting economic pressure related smog recent month,9,9,Health Hazard,Pollution
TWT400,user_323259,Citizens in Mansehra are raising concerns about serious impacts related to heatwave due to changing climate patterns.,12/11/2022 12:00:00 AM,Mansehra,#Environment,en,-0.107431111,Neutral,Climate Stress,Climate,4196,1434,heatwave,citizens in mansehra are raising concerns about serious impacts related to heatwave due to changing climate patterns.,[],[],FALSE,FALSE,5.941176471,"['citizens', 'in', 'mansehra', 'are', 'raising', 'concerns', 'about', 'serious', 'impacts', 'related', 'to', 'heatwave', 'due', 'to', 'changing', 'climate', 'patterns', '.']","['citizens', 'mansehra', 'raising', 'concerns', 'serious', 'impacts', 'related', 'heatwave', 'due', 'changing', 'climate', 'patterns', '.']","['citizens', 'mansehra', 'raising', 'concerns', 'serious', 'impacts', 'related', 'heatwave', 'due', 'changing', 'climate', 'patterns']","['citizen', 'mansehra', 'raising', 'concern', 'serious', 'impact', 'related', 'heatwave', 'due', 'changing', 'climate', 'pattern']",citizen mansehra raising concern serious impact related heatwave due changing climate pattern,12,12,Severe Disaster Concern,Disaster
TWT401,user_364600,Local communities in Nowshera have noticed serious impacts related to drought during ongoing environmental changes.,10/26/2023 12:00:00 AM,Nowshera,#Smog,en,-0.090764444,Neutral,Resource Crisis,Climate,357,9188,drought,local communities in nowshera have noticed serious impacts related to drought during ongoing environmental changes.,[],[],FALSE,FALSE,6.733333333,"['local', 'communities', 'in', 'nowshera', 'have', 'noticed', 'serious', 'impacts', 'related', 'to', 'drought', 'during', 'ongoing', 'environmental', 'changes', '.']","['local', 'communities', 'nowshera', 'noticed', 'serious', 'impacts', 'related', 'drought', 'ongoing', 'environmental', 'changes', '.']","['local', 'communities', 'nowshera', 'noticed', 'serious', 'impacts', 'related', 'drought', 'ongoing', 'environmental', 'changes']","['local', 'community', 'nowshera', 'noticed', 'serious', 'impact', 'related', 'drought', 'ongoing', 'environmental', 'change']",local community nowshera noticed serious impact related drought ongoing environmental change,11,11,Severe Disaster Concern,Disaster
TWT402,user_619045,Local communities in Shikarpur are experiencing public safety issues related to flooding after recent reports.,9/10/2019 12:00:00 AM,Shikarpur,#Heatwave,en,0.2529,Positive,Disaster Risk,Climate,1349,4687,flooding,local communities in shikarpur are experiencing public safety issues related to flooding after recent reports.,[],[],FALSE,FALSE,6.4,"['local', 'communities', 'in', 'shikarpur', 'are', 'experiencing', 'public', 'safety', 'issues', 'related', 'to', 'flooding', 'after', 'recent', 'reports', '.']","['local', 'communities', 'shikarpur', 'experiencing', 'public', 'safety', 'issues', 'related', 'flooding', 'recent', 'reports', '.']","['local', 'communities', 'shikarpur', 'experiencing', 'public', 'safety', 'issues', 'related', 'flooding', 'recent', 'reports']","['local', 'community', 'shikarpur', 'experiencing', 'public', 'safety', 'issue', 'related', 'flooding', 'recent', 'report']",local community shikarpur experiencing public safety issue related flooding recent report,11,11,General Disaster Discussion,Disaster
TWT403,user_324252,Citizens in Islamabad are observing public safety issues related to rising temperatures due to changing climate patterns.,11/10/2024 12:00:00 AM,Islamabad,#Environment,en,0.236233333,Positive,Climate Stress,Climate,658,2059,rising temperatures,citizens in islamabad are observing public safety issues related to rising temperatures due to changing climate patterns.,[],[],FALSE,FALSE,6.176470588,"['citizens', 'in', 'islamabad', 'are', 'observing', 'public', 'safety', 'issues', 'related', 'to', 'rising', 'temperatures', 'due', 'to', 'changing', 'climate', 'patterns', '.']","['citizens', 'islamabad', 'observing', 'public', 'safety', 'issues', 'related', 'rising', 'temperatures', 'due', 'changing', 'climate', 'patterns', '.']","['citizens', 'islamabad', 'observing', 'public', 'safety', 'issues', 'related', 'rising', 'temperatures', 'due', 'changing', 'climate', 'patterns']","['citizen', 'islamabad', 'observing', 'public', 'safety', 'issue', 'related', 'rising', 'temperature', 'due', 'changing', 'climate', 'pattern']",citizen islamabad observing public safety issue related rising temperature due changing climate pattern,13,13,Climate Awareness,Climate Change
TWT404,user_514372,Climate researchers in Thatta are observing health risks related to heatwave during ongoing environmental changes.,10/19/2023 12:00:00 AM,Thatta,#Heatwave,en,-0.16392,Negative,Climate Stress,Climate,3498,8651,heatwave,climate researchers in thatta are observing health risks related to heatwave during ongoing environmental changes.,[],[],FALSE,FALSE,6.666666667,"['climate', 'researchers', 'in', 'thatta', 'are', 'observing', 'health', 'risks', 'related', 'to', 'heatwave', 'during', 'ongoing', 'environmental', 'changes', '.']","['climate', 'researchers', 'thatta', 'observing', 'health', 'risks', 'related', 'heatwave', 'ongoing', 'environmental', 'changes', '.']","['climate', 'researchers', 'thatta', 'observing', 'health', 'risks', 'related', 'heatwave', 'ongoing', 'environmental', 'changes']","['climate', 'researcher', 'thatta', 'observing', 'health', 'risk', 'related', 'heatwave', 'ongoing', 'environmental', 'change']",climate researcher thatta observing health risk related heatwave ongoing environmental change,11,11,Severe Disaster Concern,Disaster
TWT405,user_901620,Urban planners in Shikarpur are observing long-term effects related to heavy rainfall as weather conditions shift.,3/27/2020 12:00:00 AM,Shikarpur,#Environment,en,-0.026666667,Neutral,Disaster Risk,Climate,637,4328,heavy rainfall,urban planners in shikarpur are observing long-term effects related to heavy rainfall as weather conditions shift.,[],[],FALSE,FALSE,6.1875,"['urban', 'planners', 'in', 'shikarpur', 'are', 'observing', 'long-term', 'effects', 'related', 'to', 'heavy', 'rainfall', 'as', 'weather', 'conditions', 'shift', '.']","['urban', 'planners', 'shikarpur', 'observing', 'long-term', 'effects', 'related', 'heavy', 'rainfall', 'weather', 'conditions', 'shift', '.']","['urban', 'planners', 'shikarpur', 'observing', 'long-term', 'effects', 'related', 'heavy', 'rainfall', 'weather', 'conditions', 'shift']","['urban', 'planner', 'shikarpur', 'observing', 'long-term', 'effect', 'related', 'heavy', 'rainfall', 'weather', 'condition', 'shift']",urban planner shikarpur observing long-term effect related heavy rainfall weather condition shift,12,12,Severe Disaster Concern,Disaster
TWT406,user_565015,Urban planners in Mirpurkhas are raising concerns about long-term effects related to rising temperatures in recent months.,2/19/2025 12:00:00 AM,Mirpurkhas,#Floods,en,0,Neutral,Climate Stress,Climate,1454,7253,rising temperatures,urban planners in mirpurkhas are raising concerns about long-term effects related to rising temperatures in recent months.,[],[],FALSE,FALSE,6.235294118,"['urban', 'planners', 'in', 'mirpurkhas', 'are', 'raising', 'concerns', 'about', 'long-term', 'effects', 'related', 'to', 'rising', 'temperatures', 'in', 'recent', 'months', '.']","['urban', 'planners', 'mirpurkhas', 'raising', 'concerns', 'long-term', 'effects', 'related', 'rising', 'temperatures', 'recent', 'months', '.']","['urban', 'planners', 'mirpurkhas', 'raising', 'concerns', 'long-term', 'effects', 'related', 'rising', 'temperatures', 'recent', 'months']","['urban', 'planner', 'mirpurkhas', 'raising', 'concern', 'long-term', 'effect', 'related', 'rising', 'temperature', 'recent', 'month']",urban planner mirpurkhas raising concern long-term effect related rising temperature recent month,12,12,Climate Awareness,Climate Change
TWT407,user_220399,Local communities in Shikarpur are experiencing serious impacts related to heatwave during ongoing environmental changes.,3/12/2018 12:00:00 AM,Shikarpur,#GlobalWarming,en,-0.090764444,Neutral,Climate Stress,Climate,1622,5230,heatwave,local communities in shikarpur are experiencing serious impacts related to heatwave during ongoing environmental changes.,[],[],FALSE,FALSE,7.133333333,"['local', 'communities', 'in', 'shikarpur', 'are', 'experiencing', 'serious', 'impacts', 'related', 'to', 'heatwave', 'during', 'ongoing', 'environmental', 'changes', '.']","['local', 'communities', 'shikarpur', 'experiencing', 'serious', 'impacts', 'related', 'heatwave', 'ongoing', 'environmental', 'changes', '.']","['local', 'communities', 'shikarpur', 'experiencing', 'serious', 'impacts', 'related', 'heatwave', 'ongoing', 'environmental', 'changes']","['local', 'community', 'shikarpur', 'experiencing', 'serious', 'impact', 'related', 'heatwave', 'ongoing', 'environmental', 'change']",local community shikarpur experiencing serious impact related heatwave ongoing environmental change,11,11,Severe Disaster Concern,Disaster
TWT408,user_125066,Health officials in Chiniot have noticed serious impacts related to heavy rainfall due to changing climate patterns.,8/14/2025 12:00:00 AM,Chiniot,#PakistanClimate,en,-0.112153333,Neutral,Disaster Risk,Climate,3030,9834,heavy rainfall,health officials in chiniot have noticed serious impacts related to heavy rainfall due to changing climate patterns.,[],[],FALSE,FALSE,5.882352941,"['health', 'officials', 'in', 'chiniot', 'have', 'noticed', 'serious', 'impacts', 'related', 'to', 'heavy', 'rainfall', 'due', 'to', 'changing', 'climate', 'patterns', '.']","['health', 'officials', 'chiniot', 'noticed', 'serious', 'impacts', 'related', 'heavy', 'rainfall', 'due', 'changing', 'climate', 'patterns', '.']","['health', 'officials', 'chiniot', 'noticed', 'serious', 'impacts', 'related', 'heavy', 'rainfall', 'due', 'changing', 'climate', 'patterns']","['health', 'official', 'chiniot', 'noticed', 'serious', 'impact', 'related', 'heavy', 'rainfall', 'due', 'changing', 'climate', 'pattern']",health official chiniot noticed serious impact related heavy rainfall due changing climate pattern,13,13,Severe Disaster Concern,Disaster
TWT409,user_953944,Citizens in Islamabad are reporting health risks related to flooding in recent months.,9/15/2018 12:00:00 AM,Islamabad,#Smog,en,-0.16392,Negative,Disaster Risk,Climate,4407,4277,flooding,citizens in islamabad are reporting health risks related to flooding in recent months.,[],[],FALSE,FALSE,5.692307692,"['citizens', 'in', 'islamabad', 'are', 'reporting', 'health', 'risks', 'related', 'to', 'flooding', 'in', 'recent', 'months', '.']","['citizens', 'islamabad', 'reporting', 'health', 'risks', 'related', 'flooding', 'recent', 'months', '.']","['citizens', 'islamabad', 'reporting', 'health', 'risks', 'related', 'flooding', 'recent', 'months']","['citizen', 'islamabad', 'reporting', 'health', 'risk', 'related', 'flooding', 'recent', 'month']",citizen islamabad reporting health risk related flooding recent month,9,9,Severe Disaster Concern,Disaster
TWT410,user_544458,Citizens in Islamabad are observing long-term effects related to extreme weather during ongoing environmental changes.,5/30/2021 12:00:00 AM,Islamabad,#ClimateChange,en,-0.025,Neutral,Climate Concern,Climate,1702,6270,extreme weather,citizens in islamabad are observing long-term effects related to extreme weather during ongoing environmental changes.,[],[],FALSE,FALSE,6.933333333,"['citizens', 'in', 'islamabad', 'are', 'observing', 'long-term', 'effects', 'related', 'to', 'extreme', 'weather', 'during', 'ongoing', 'environmental', 'changes', '.']","['citizens', 'islamabad', 'observing', 'long-term', 'effects', 'related', 'extreme', 'weather', 'ongoing', 'environmental', 'changes', '.']","['citizens', 'islamabad', 'observing', 'long-term', 'effects', 'related', 'extreme', 'weather', 'ongoing', 'environmental', 'changes']","['citizen', 'islamabad', 'observing', 'long-term', 'effect', 'related', 'extreme', 'weather', 'ongoing', 'environmental', 'change']",citizen islamabad observing long-term effect related extreme weather ongoing environmental change,11,11,Negative Climate Concern,General
TWT411,user_289834,Citizens in Mirpurkhas have noticed public safety issues related to heavy rainfall due to changing climate patterns.,9/14/2019 12:00:00 AM,Mirpurkhas,#Floods,en,0.2204,Positive,Disaster Risk,Climate,205,1780,heavy rainfall,citizens in mirpurkhas have noticed public safety issues related to heavy rainfall due to changing climate patterns.,[],[],FALSE,FALSE,5.882352941,"['citizens', 'in', 'mirpurkhas', 'have', 'noticed', 'public', 'safety', 'issues', 'related', 'to', 'heavy', 'rainfall', 'due', 'to', 'changing', 'climate', 'patterns', '.']","['citizens', 'mirpurkhas', 'noticed', 'public', 'safety', 'issues', 'related', 'heavy', 'rainfall', 'due', 'changing', 'climate', 'patterns', '.']","['citizens', 'mirpurkhas', 'noticed', 'public', 'safety', 'issues', 'related', 'heavy', 'rainfall', 'due', 'changing', 'climate', 'patterns']","['citizen', 'mirpurkhas', 'noticed', 'public', 'safety', 'issue', 'related', 'heavy', 'rainfall', 'due', 'changing', 'climate', 'pattern']",citizen mirpurkhas noticed public safety issue related heavy rainfall due changing climate pattern,13,13,Disaster Relief / Recovery,Disaster
TWT412,user_115146,Health officials in Islamabad are discussing economic pressure related to flooding after recent reports.,9/25/2022 12:00:00 AM,Islamabad,#Heatwave,en,-0.150933333,Negative,Disaster Risk,Climate,2217,8054,flooding,health officials in islamabad are discussing economic pressure related to flooding after recent reports.,[],[],FALSE,FALSE,6.5,"['health', 'officials', 'in', 'islamabad', 'are', 'discussing', 'economic', 'pressure', 'related', 'to', 'flooding', 'after', 'recent', 'reports', '.']","['health', 'officials', 'islamabad', 'discussing', 'economic', 'pressure', 'related', 'flooding', 'recent', 'reports', '.']","['health', 'officials', 'islamabad', 'discussing', 'economic', 'pressure', 'related', 'flooding', 'recent', 'reports']","['health', 'official', 'islamabad', 'discussing', 'economic', 'pressure', 'related', 'flooding', 'recent', 'report']",health official islamabad discussing economic pressure related flooding recent report,10,10,Severe Disaster Concern,Disaster
TWT413,user_604367,Citizens in Islamabad are experiencing environmental challenges related to extreme weather due to changing climate patterns.,1/29/2024 12:00:00 AM,Islamabad,#GlobalWarming,en,0.012986667,Neutral,Climate Concern,Climate,2592,7779,extreme weather,citizens in islamabad are experiencing environmental challenges related to extreme weather due to changing climate patterns.,[],[],FALSE,FALSE,6.8125,"['citizens', 'in', 'islamabad', 'are', 'experiencing', 'environmental', 'challenges', 'related', 'to', 'extreme', 'weather', 'due', 'to', 'changing', 'climate', 'patterns', '.']","['citizens', 'islamabad', 'experiencing', 'environmental', 'challenges', 'related', 'extreme', 'weather', 'due', 'changing', 'climate', 'patterns', '.']","['citizens', 'islamabad', 'experiencing', 'environmental', 'challenges', 'related', 'extreme', 'weather', 'due', 'changing', 'climate', 'patterns']","['citizen', 'islamabad', 'experiencing', 'environmental', 'challenge', 'related', 'extreme', 'weather', 'due', 'changing', 'climate', 'pattern']",citizen islamabad experiencing environmental challenge related extreme weather due changing climate pattern,12,12,Positive Environmental Outlook,General
TWT414,user_591488,Citizens in Jhelum are observing health risks related to heavy rainfall after recent reports.,2/28/2024 12:00:00 AM,Jhelum,#PakistanClimate,en,-0.190586667,Negative,Disaster Risk,Climate,221,6081,heavy rainfall,citizens in jhelum are observing health risks related to heavy rainfall after recent reports.,[],[],FALSE,FALSE,5.714285714,"['citizens', 'in', 'jhelum', 'are', 'observing', 'health', 'risks', 'related', 'to', 'heavy', 'rainfall', 'after', 'recent', 'reports', '.']","['citizens', 'jhelum', 'observing', 'health', 'risks', 'related', 'heavy', 'rainfall', 'recent', 'reports', '.']","['citizens', 'jhelum', 'observing', 'health', 'risks', 'related', 'heavy', 'rainfall', 'recent', 'reports']","['citizen', 'jhelum', 'observing', 'health', 'risk', 'related', 'heavy', 'rainfall', 'recent', 'report']",citizen jhelum observing health risk related heavy rainfall recent report,10,10,Severe Disaster Concern,Disaster
TWT415,user_910278,Climate researchers in Attock are discussing environmental challenges related to flooding during ongoing environmental changes.,3/14/2021 12:00:00 AM,Attock,#Smog,en,0.04632,Neutral,Disaster Risk,Climate,3417,88,flooding,climate researchers in attock are discussing environmental challenges related to flooding during ongoing environmental changes.,[],[],FALSE,FALSE,7.533333333,"['climate', 'researchers', 'in', 'attock', 'are', 'discussing', 'environmental', 'challenges', 'related', 'to', 'flooding', 'during', 'ongoing', 'environmental', 'changes', '.']","['climate', 'researchers', 'attock', 'discussing', 'environmental', 'challenges', 'related', 'flooding', 'ongoing', 'environmental', 'changes', '.']","['climate', 'researchers', 'attock', 'discussing', 'environmental', 'challenges', 'related', 'flooding', 'ongoing', 'environmental', 'changes']","['climate', 'researcher', 'attock', 'discussing', 'environmental', 'challenge', 'related', 'flooding', 'ongoing', 'environmental', 'change']",climate researcher attock discussing environmental challenge related flooding ongoing environmental change,11,10,General Disaster Discussion,Disaster
TWT416,user_255862,Residents in Vehari have noticed long-term effects related to smog in recent months.,1/21/2023 12:00:00 AM,Vehari,#Floods,en,-0.1776,Negative,Health Hazard,Climate,3518,8349,smog,residents in vehari have noticed long-term effects related to smog in recent months.,[],[],FALSE,FALSE,5.538461538,"['residents', 'in', 'vehari', 'have', 'noticed', 'long-term', 'effects', 'related', 'to', 'smog', 'in', 'recent', 'months', '.']","['residents', 'vehari', 'noticed', 'long-term', 'effects', 'related', 'smog', 'recent', 'months', '.']","['residents', 'vehari', 'noticed', 'long-term', 'effects', 'related', 'smog', 'recent', 'months']","['resident', 'vehari', 'noticed', 'long-term', 'effect', 'related', 'smog', 'recent', 'month']",resident vehari noticed long-term effect related smog recent month,9,9,Health Hazard,Pollution
TWT417,user_114146,Climate researchers in Islamabad are reporting long-term effects related to air pollution in recent months.,6/16/2018 12:00:00 AM,Islamabad,#ClimateChange,en,0,Neutral,Health Hazard,Climate,2087,3356,air pollution,climate researchers in islamabad are reporting long-term effects related to air pollution in recent months.,[],[],FALSE,FALSE,6.2,"['climate', 'researchers', 'in', 'islamabad', 'are', 'reporting', 'long-term', 'effects', 'related', 'to', 'air', 'pollution', 'in', 'recent', 'months', '.']","['climate', 'researchers', 'islamabad', 'reporting', 'long-term', 'effects', 'related', 'air', 'pollution', 'recent', 'months', '.']","['climate', 'researchers', 'islamabad', 'reporting', 'long-term', 'effects', 'related', 'air', 'pollution', 'recent', 'months']","['climate', 'researcher', 'islamabad', 'reporting', 'long-term', 'effect', 'related', 'air', 'pollution', 'recent', 'month']",climate researcher islamabad reporting long-term effect related air pollution recent month,11,11,Environmental Awareness,Pollution
TWT418,user_527620,Residents in Vehari are observing serious impacts related to climate change as weather conditions shift.,7/25/2022 12:00:00 AM,Vehari,#PakistanClimate,en,-0.112986667,Neutral,Climate Concern,Climate,3400,8247,climate change,residents in vehari are observing serious impacts related to climate change as weather conditions shift.,[],[],FALSE,FALSE,6,"['residents', 'in', 'vehari', 'are', 'observing', 'serious', 'impacts', 'related', 'to', 'climate', 'change', 'as', 'weather', 'conditions', 'shift', '.']","['residents', 'vehari', 'observing', 'serious', 'impacts', 'related', 'climate', 'change', 'weather', 'conditions', 'shift', '.']","['residents', 'vehari', 'observing', 'serious', 'impacts', 'related', 'climate', 'change', 'weather', 'conditions', 'shift']","['resident', 'vehari', 'observing', 'serious', 'impact', 'related', 'climate', 'change', 'weather', 'condition', 'shift']",resident vehari observing serious impact related climate change weather condition shift,11,11,Climate Stress,Climate Change
TWT419,user_645976,Environmental experts in Khuzdar are reporting long-term effects related to heatwave after recent reports.,1/27/2019 12:00:00 AM,Khuzdar,#ClimateChange,en,0,Neutral,Climate Stress,Climate,3986,7995,heatwave,environmental experts in khuzdar are reporting long-term effects related to heatwave after recent reports.,[],[],FALSE,FALSE,6.642857143,"['environmental', 'experts', 'in', 'khuzdar', 'are', 'reporting', 'long-term', 'effects', 'related', 'to', 'heatwave', 'after', 'recent', 'reports', '.']","['environmental', 'experts', 'khuzdar', 'reporting', 'long-term', 'effects', 'related', 'heatwave', 'recent', 'reports', '.']","['environmental', 'experts', 'khuzdar', 'reporting', 'long-term', 'effects', 'related', 'heatwave', 'recent', 'reports']","['environmental', 'expert', 'khuzdar', 'reporting', 'long-term', 'effect', 'related', 'heatwave', 'recent', 'report']",environmental expert khuzdar reporting long-term effect related heatwave recent report,10,10,General Disaster Discussion,Disaster
TWT420,user_649633,Residents in Okara are reporting environmental challenges related to air pollution in recent months.,11/1/2018 12:00:00 AM,Okara,#Heatwave,en,0.04632,Neutral,Health Hazard,Climate,4502,8073,air pollution,residents in okara are reporting environmental challenges related to air pollution in recent months.,[],[],FALSE,FALSE,6.214285714,"['residents', 'in', 'okara', 'are', 'reporting', 'environmental', 'challenges', 'related', 'to', 'air', 'pollution', 'in', 'recent', 'months', '.']","['residents', 'okara', 'reporting', 'environmental', 'challenges', 'related', 'air', 'pollution', 'recent', 'months', '.']","['residents', 'okara', 'reporting', 'environmental', 'challenges', 'related', 'air', 'pollution', 'recent', 'months']","['resident', 'okara', 'reporting', 'environmental', 'challenge', 'related', 'air', 'pollution', 'recent', 'month']",resident okara reporting environmental challenge related air pollution recent month,10,10,Environmental Awareness,Pollution
TWT421,user_659730,Climate researchers in Multan are raising concerns about health risks related to rising temperatures after recent reports.,8/19/2021 12:00:00 AM,Multan,#GlobalWarming,en,-0.16392,Negative,Climate Stress,Climate,2748,1528,rising temperatures,climate researchers in multan are raising concerns about health risks related to rising temperatures after recent reports.,[],[],FALSE,FALSE,6.235294118,"['climate', 'researchers', 'in', 'multan', 'are', 'raising', 'concerns', 'about', 'health', 'risks', 'related', 'to', 'rising', 'temperatures', 'after', 'recent', 'reports', '.']","['climate', 'researchers', 'multan', 'raising', 'concerns', 'health', 'risks', 'related', 'rising', 'temperatures', 'recent', 'reports', '.']","['climate', 'researchers', 'multan', 'raising', 'concerns', 'health', 'risks', 'related', 'rising', 'temperatures', 'recent', 'reports']","['climate', 'researcher', 'multan', 'raising', 'concern', 'health', 'risk', 'related', 'rising', 'temperature', 'recent', 'report']",climate researcher multan raising concern health risk related rising temperature recent report,12,12,Climate Stress,Climate Change
TWT422,user_832247,Residents in Quetta are reporting serious impacts related to drought during ongoing environmental changes.,8/22/2025 12:00:00 AM,Quetta,#ClimateChange,en,-0.112986667,Neutral,Resource Crisis,Climate,32,8481,drought,residents in quetta are reporting serious impacts related to drought during ongoing environmental changes.,[],[],FALSE,FALSE,6.642857143,"['residents', 'in', 'quetta', 'are', 'reporting', 'serious', 'impacts', 'related', 'to', 'drought', 'during', 'ongoing', 'environmental', 'changes', '.']","['residents', 'quetta', 'reporting', 'serious', 'impacts', 'related', 'drought', 'ongoing', 'environmental', 'changes', '.']","['residents', 'quetta', 'reporting', 'serious', 'impacts', 'related', 'drought', 'ongoing', 'environmental', 'changes']","['resident', 'quetta', 'reporting', 'serious', 'impact', 'related', 'drought', 'ongoing', 'environmental', 'change']",resident quetta reporting serious impact related drought ongoing environmental change,10,10,Severe Disaster Concern,Disaster
TWT423,user_523749,Residents in Karachi are observing environmental challenges related to water scarcity in recent months.,1/31/2024 12:00:00 AM,Karachi,#Heatwave,en,0.04632,Neutral,Resource Crisis,Climate,4986,1672,water scarcity,residents in karachi are observing environmental challenges related to water scarcity in recent months.,[],[],FALSE,FALSE,6.428571429,"['residents', 'in', 'karachi', 'are', 'observing', 'environmental', 'challenges', 'related', 'to', 'water', 'scarcity', 'in', 'recent', 'months', '.']","['residents', 'karachi', 'observing', 'environmental', 'challenges', 'related', 'water', 'scarcity', 'recent', 'months', '.']","['residents', 'karachi', 'observing', 'environmental', 'challenges', 'related', 'water', 'scarcity', 'recent', 'months']","['resident', 'karachi', 'observing', 'environmental', 'challenge', 'related', 'water', 'scarcity', 'recent', 'month']",resident karachi observing environmental challenge related water scarcity recent month,10,10,Resource Discussion,Resource Issue
TWT424,user_24065,Climate researchers in Chiniot are observing economic pressure related to heavy rainfall as weather conditions shift.,9/29/2021 12:00:00 AM,Chiniot,#Floods,en,-0.1776,Negative,Disaster Risk,Climate,22,7986,heavy rainfall,climate researchers in chiniot are observing economic pressure related to heavy rainfall as weather conditions shift.,[],[],FALSE,FALSE,6.375,"['climate', 'researchers', 'in', 'chiniot', 'are', 'observing', 'economic', 'pressure', 'related', 'to', 'heavy', 'rainfall', 'as', 'weather', 'conditions', 'shift', '.']","['climate', 'researchers', 'chiniot', 'observing', 'economic', 'pressure', 'related', 'heavy', 'rainfall', 'weather', 'conditions', 'shift', '.']","['climate', 'researchers', 'chiniot', 'observing', 'economic', 'pressure', 'related', 'heavy', 'rainfall', 'weather', 'conditions', 'shift']","['climate', 'researcher', 'chiniot', 'observing', 'economic', 'pressure', 'related', 'heavy', 'rainfall', 'weather', 'condition', 'shift']",climate researcher chiniot observing economic pressure related heavy rainfall weather condition shift,12,12,Severe Disaster Concern,Disaster
TWT425,user_329649,Local communities in Mianwali are discussing health risks related to smog during ongoing environmental changes.,4/17/2021 12:00:00 AM,Mianwali,#Floods,en,-0.30636,Negative,Health Hazard,Climate,2579,5332,smog,local communities in mianwali are discussing health risks related to smog during ongoing environmental changes.,[],[],FALSE,FALSE,6.466666667,"['local', 'communities', 'in', 'mianwali', 'are', 'discussing', 'health', 'risks', 'related', 'to', 'smog', 'during', 'ongoing', 'environmental', 'changes', '.']","['local', 'communities', 'mianwali', 'discussing', 'health', 'risks', 'related', 'smog', 'ongoing', 'environmental', 'changes', '.']","['local', 'communities', 'mianwali', 'discussing', 'health', 'risks', 'related', 'smog', 'ongoing', 'environmental', 'changes']","['local', 'community', 'mianwali', 'discussing', 'health', 'risk', 'related', 'smog', 'ongoing', 'environmental', 'change']",local community mianwali discussing health risk related smog ongoing environmental change,11,11,Health Hazard,Pollution
TWT426,user_871534,Environmental experts in Zhob are reporting health risks related to smog after recent reports.,11/3/2024 12:00:00 AM,Zhob,#Floods,en,-0.30636,Negative,Health Hazard,Climate,3200,2392,smog,environmental experts in zhob are reporting health risks related to smog after recent reports.,[],[],FALSE,FALSE,5.785714286,"['environmental', 'experts', 'in', 'zhob', 'are', 'reporting', 'health', 'risks', 'related', 'to', 'smog', 'after', 'recent', 'reports', '.']","['environmental', 'experts', 'zhob', 'reporting', 'health', 'risks', 'related', 'smog', 'recent', 'reports', '.']","['environmental', 'experts', 'zhob', 'reporting', 'health', 'risks', 'related', 'smog', 'recent', 'reports']","['environmental', 'expert', 'zhob', 'reporting', 'health', 'risk', 'related', 'smog', 'recent', 'report']",environmental expert zhob reporting health risk related smog recent report,10,10,Health Hazard,Pollution
TWT427,user_714646,Environmental experts in Abbottabad are raising concerns about health risks related to smog during ongoing environmental changes.,2/9/2025 12:00:00 AM,Abbottabad,#Floods,en,-0.30636,Negative,Health Hazard,Climate,3663,2927,smog,environmental experts in abbottabad are raising concerns about health risks related to smog during ongoing environmental changes.,[],[],FALSE,FALSE,6.647058824,"['environmental', 'experts', 'in', 'abbottabad', 'are', 'raising', 'concerns', 'about', 'health', 'risks', 'related', 'to', 'smog', 'during', 'ongoing', 'environmental', 'changes', '.']","['environmental', 'experts', 'abbottabad', 'raising', 'concerns', 'health', 'risks', 'related', 'smog', 'ongoing', 'environmental', 'changes', '.']","['environmental', 'experts', 'abbottabad', 'raising', 'concerns', 'health', 'risks', 'related', 'smog', 'ongoing', 'environmental', 'changes']","['environmental', 'expert', 'abbottabad', 'raising', 'concern', 'health', 'risk', 'related', 'smog', 'ongoing', 'environmental', 'change']",environmental expert abbottabad raising concern health risk related smog ongoing environmental change,12,11,Health Hazard,Pollution
TWT428,user_759025,Climate researchers in Jacobabad are raising concerns about serious impacts related to heavy rainfall after recent reports.,7/22/2025 12:00:00 AM,Jacobabad,#Heatwave,en,-0.099653333,Neutral,Disaster Risk,Climate,4550,3042,heavy rainfall,climate researchers in jacobabad are raising concerns about serious impacts related to heavy rainfall after recent reports.,[],[],FALSE,FALSE,6.294117647,"['climate', 'researchers', 'in', 'jacobabad', 'are', 'raising', 'concerns', 'about', 'serious', 'impacts', 'related', 'to', 'heavy', 'rainfall', 'after', 'recent', 'reports', '.']","['climate', 'researchers', 'jacobabad', 'raising', 'concerns', 'serious', 'impacts', 'related', 'heavy', 'rainfall', 'recent', 'reports', '.']","['climate', 'researchers', 'jacobabad', 'raising', 'concerns', 'serious', 'impacts', 'related', 'heavy', 'rainfall', 'recent', 'reports']","['climate', 'researcher', 'jacobabad', 'raising', 'concern', 'serious', 'impact', 'related', 'heavy', 'rainfall', 'recent', 'report']",climate researcher jacobabad raising concern serious impact related heavy rainfall recent report,12,12,Severe Disaster Concern,Disaster
TWT429,user_817122,Citizens in Panjgur are observing public safety issues related to climate change in recent months.,8/16/2018 12:00:00 AM,Panjgur,#Heatwave,en,0.2529,Positive,Climate Concern,Climate,3827,8332,climate change,citizens in panjgur are observing public safety issues related to climate change in recent months.,[],[],FALSE,FALSE,5.6,"['citizens', 'in', 'panjgur', 'are', 'observing', 'public', 'safety', 'issues', 'related', 'to', 'climate', 'change', 'in', 'recent', 'months', '.']","['citizens', 'panjgur', 'observing', 'public', 'safety', 'issues', 'related', 'climate', 'change', 'recent', 'months', '.']","['citizens', 'panjgur', 'observing', 'public', 'safety', 'issues', 'related', 'climate', 'change', 'recent', 'months']","['citizen', 'panjgur', 'observing', 'public', 'safety', 'issue', 'related', 'climate', 'change', 'recent', 'month']",citizen panjgur observing public safety issue related climate change recent month,11,11,Climate Awareness,Climate Change
TWT430,user_884715,Local communities in Sibi have noticed serious impacts related to air pollution in recent months.,3/29/2025 12:00:00 AM,Sibi,#GlobalWarming,en,-0.079653333,Neutral,Health Hazard,Climate,2180,8059,air pollution,local communities in sibi have noticed serious impacts related to air pollution in recent months.,[],[],FALSE,FALSE,5.533333333,"['local', 'communities', 'in', 'sibi', 'have', 'noticed', 'serious', 'impacts', 'related', 'to', 'air', 'pollution', 'in', 'recent', 'months', '.']","['local', 'communities', 'sibi', 'noticed', 'serious', 'impacts', 'related', 'air', 'pollution', 'recent', 'months', '.']","['local', 'communities', 'sibi', 'noticed', 'serious', 'impacts', 'related', 'air', 'pollution', 'recent', 'months']","['local', 'community', 'sibi', 'noticed', 'serious', 'impact', 'related', 'air', 'pollution', 'recent', 'month']",local community sibi noticed serious impact related air pollution recent month,11,11,Health Hazard,Pollution
TWT431,user_52409,Residents in Bannu are discussing serious impacts related to heavy rainfall after recent reports.,11/11/2021 12:00:00 AM,Bannu,#Environment,en,-0.099653333,Neutral,Disaster Risk,Climate,900,1890,heavy rainfall,residents in bannu are discussing serious impacts related to heavy rainfall after recent reports.,[],[],FALSE,FALSE,6,"['residents', 'in', 'bannu', 'are', 'discussing', 'serious', 'impacts', 'related', 'to', 'heavy', 'rainfall', 'after', 'recent', 'reports', '.']","['residents', 'bannu', 'discussing', 'serious', 'impacts', 'related', 'heavy', 'rainfall', 'recent', 'reports', '.']","['residents', 'bannu', 'discussing', 'serious', 'impacts', 'related', 'heavy', 'rainfall', 'recent', 'reports']","['resident', 'bannu', 'discussing', 'serious', 'impact', 'related', 'heavy', 'rainfall', 'recent', 'report']",resident bannu discussing serious impact related heavy rainfall recent report,10,10,Severe Disaster Concern,Disaster
TWT432,user_565319,Citizens in Peshawar are discussing serious impacts related to water scarcity due to changing climate patterns.,5/27/2018 12:00:00 AM,Peshawar,#ClimateChange,en,-0.107431111,Neutral,Resource Crisis,Climate,2920,4375,water scarcity,citizens in peshawar are discussing serious impacts related to water scarcity due to changing climate patterns.,[],[],FALSE,FALSE,6,"['citizens', 'in', 'peshawar', 'are', 'discussing', 'serious', 'impacts', 'related', 'to', 'water', 'scarcity', 'due', 'to', 'changing', 'climate', 'patterns', '.']","['citizens', 'peshawar', 'discussing', 'serious', 'impacts', 'related', 'water', 'scarcity', 'due', 'changing', 'climate', 'patterns', '.']","['citizens', 'peshawar', 'discussing', 'serious', 'impacts', 'related', 'water', 'scarcity', 'due', 'changing', 'climate', 'patterns']","['citizen', 'peshawar', 'discussing', 'serious', 'impact', 'related', 'water', 'scarcity', 'due', 'changing', 'climate', 'pattern']",citizen peshawar discussing serious impact related water scarcity due changing climate pattern,12,12,Resource Crisis,Resource Issue
TWT433,user_500169,Local communities in Karachi are discussing public safety issues related to climate change due to changing climate patterns.,8/8/2019 12:00:00 AM,Karachi,#ClimateChange,en,0.2404,Positive,Climate Concern,Climate,2510,4531,climate change,local communities in karachi are discussing public safety issues related to climate change due to changing climate patterns.,[],[],FALSE,FALSE,5.944444444,"['local', 'communities', 'in', 'karachi', 'are', 'discussing', 'public', 'safety', 'issues', 'related', 'to', 'climate', 'change', 'due', 'to', 'changing', 'climate', 'patterns', '.']","['local', 'communities', 'karachi', 'discussing', 'public', 'safety', 'issues', 'related', 'climate', 'change', 'due', 'changing', 'climate', 'patterns', '.']","['local', 'communities', 'karachi', 'discussing', 'public', 'safety', 'issues', 'related', 'climate', 'change', 'due', 'changing', 'climate', 'patterns']","['local', 'community', 'karachi', 'discussing', 'public', 'safety', 'issue', 'related', 'climate', 'change', 'due', 'changing', 'climate', 'pattern']",local community karachi discussing public safety issue related climate change due changing climate pattern,14,13,Climate Awareness,Climate Change
TWT434,user_944807,Urban planners in Turbat have noticed health risks related to air pollution in recent months.,7/22/2018 12:00:00 AM,Turbat,#ClimateChange,en,-0.16392,Negative,Health Hazard,Climate,2205,3983,air pollution,urban planners in turbat have noticed health risks related to air pollution in recent months.,[],[],FALSE,FALSE,5.266666667,"['urban', 'planners', 'in', 'turbat', 'have', 'noticed', 'health', 'risks', 'related', 'to', 'air', 'pollution', 'in', 'recent', 'months', '.']","['urban', 'planners', 'turbat', 'noticed', 'health', 'risks', 'related', 'air', 'pollution', 'recent', 'months', '.']","['urban', 'planners', 'turbat', 'noticed', 'health', 'risks', 'related', 'air', 'pollution', 'recent', 'months']","['urban', 'planner', 'turbat', 'noticed', 'health', 'risk', 'related', 'air', 'pollution', 'recent', 'month']",urban planner turbat noticed health risk related air pollution recent month,11,11,Health Hazard,Pollution
TWT435,user_512124,Climate researchers in Islamabad are experiencing health risks related to smog after recent reports.,2/14/2023 12:00:00 AM,Islamabad,#Floods,en,-0.30636,Negative,Health Hazard,Climate,4969,468,smog,climate researchers in islamabad are experiencing health risks related to smog after recent reports.,[],[],FALSE,FALSE,6.214285714,"['climate', 'researchers', 'in', 'islamabad', 'are', 'experiencing', 'health', 'risks', 'related', 'to', 'smog', 'after', 'recent', 'reports', '.']","['climate', 'researchers', 'islamabad', 'experiencing', 'health', 'risks', 'related', 'smog', 'recent', 'reports', '.']","['climate', 'researchers', 'islamabad', 'experiencing', 'health', 'risks', 'related', 'smog', 'recent', 'reports']","['climate', 'researcher', 'islamabad', 'experiencing', 'health', 'risk', 'related', 'smog', 'recent', 'report']",climate researcher islamabad experiencing health risk related smog recent report,10,10,Health Hazard,Pollution
TWT436,user_401599,Residents in Bannu are raising concerns about serious impacts related to rising temperatures due to changing climate patterns.,3/25/2018 12:00:00 AM,Bannu,#Floods,en,-0.107431111,Neutral,Climate Stress,Climate,4110,7311,rising temperatures,residents in bannu are raising concerns about serious impacts related to rising temperatures due to changing climate patterns.,[],[],FALSE,FALSE,6.055555556,"['residents', 'in', 'bannu', 'are', 'raising', 'concerns', 'about', 'serious', 'impacts', 'related', 'to', 'rising', 'temperatures', 'due', 'to', 'changing', 'climate', 'patterns', '.']","['residents', 'bannu', 'raising', 'concerns', 'serious', 'impacts', 'related', 'rising', 'temperatures', 'due', 'changing', 'climate', 'patterns', '.']","['residents', 'bannu', 'raising', 'concerns', 'serious', 'impacts', 'related', 'rising', 'temperatures', 'due', 'changing', 'climate', 'patterns']","['resident', 'bannu', 'raising', 'concern', 'serious', 'impact', 'related', 'rising', 'temperature', 'due', 'changing', 'climate', 'pattern']",resident bannu raising concern serious impact related rising temperature due changing climate pattern,13,13,Climate Stress,Climate Change
TWT437,user_717078,Environmental experts in Thatta are reporting serious impacts related to air pollution in recent months.,11/29/2018 12:00:00 AM,Thatta,#PakistanClimate,en,-0.090764444,Neutral,Health Hazard,Climate,172,7924,air pollution,environmental experts in thatta are reporting serious impacts related to air pollution in recent months.,[],[],FALSE,FALSE,6,"['environmental', 'experts', 'in', 'thatta', 'are', 'reporting', 'serious', 'impacts', 'related', 'to', 'air', 'pollution', 'in', 'recent', 'months', '.']","['environmental', 'experts', 'thatta', 'reporting', 'serious', 'impacts', 'related', 'air', 'pollution', 'recent', 'months', '.']","['environmental', 'experts', 'thatta', 'reporting', 'serious', 'impacts', 'related', 'air', 'pollution', 'recent', 'months']","['environmental', 'expert', 'thatta', 'reporting', 'serious', 'impact', 'related', 'air', 'pollution', 'recent', 'month']",environmental expert thatta reporting serious impact related air pollution recent month,11,11,Health Hazard,Pollution
TWT438,user_819158,Climate researchers in Sargodha are discussing environmental challenges related to climate change due to changing climate patterns.,3/31/2024 12:00:00 AM,Sargodha,#Heatwave,en,0.02132,Neutral,Climate Concern,Climate,396,9412,climate change,climate researchers in sargodha are discussing environmental challenges related to climate change due to changing climate patterns.,[],[],FALSE,FALSE,6.764705882,"['climate', 'researchers', 'in', 'sargodha', 'are', 'discussing', 'environmental', 'challenges', 'related', 'to', 'climate', 'change', 'due', 'to', 'changing', 'climate', 'patterns', '.']","['climate', 'researchers', 'sargodha', 'discussing', 'environmental', 'challenges', 'related', 'climate', 'change', 'due', 'changing', 'climate', 'patterns', '.']","['climate', 'researchers', 'sargodha', 'discussing', 'environmental', 'challenges', 'related', 'climate', 'change', 'due', 'changing', 'climate', 'patterns']","['climate', 'researcher', 'sargodha', 'discussing', 'environmental', 'challenge', 'related', 'climate', 'change', 'due', 'changing', 'climate', 'pattern']",climate researcher sargodha discussing environmental challenge related climate change due changing climate pattern,13,11,Climate Awareness,Climate Change
TWT439,user_909375,Environmental experts in Kohat are reporting health risks related to air pollution during ongoing environmental changes.,4/27/2025 12:00:00 AM,Kohat,#ClimateChange,en,-0.16392,Negative,Health Hazard,Climate,1357,6369,air pollution,environmental experts in kohat are reporting health risks related to air pollution during ongoing environmental changes.,[],[],FALSE,FALSE,6.5625,"['environmental', 'experts', 'in', 'kohat', 'are', 'reporting', 'health', 'risks', 'related', 'to', 'air', 'pollution', 'during', 'ongoing', 'environmental', 'changes', '.']","['environmental', 'experts', 'kohat', 'reporting', 'health', 'risks', 'related', 'air', 'pollution', 'ongoing', 'environmental', 'changes', '.']","['environmental', 'experts', 'kohat', 'reporting', 'health', 'risks', 'related', 'air', 'pollution', 'ongoing', 'environmental', 'changes']","['environmental', 'expert', 'kohat', 'reporting', 'health', 'risk', 'related', 'air', 'pollution', 'ongoing', 'environmental', 'change']",environmental expert kohat reporting health risk related air pollution ongoing environmental change,12,11,Health Hazard,Pollution
TWT440,user_695436,Urban planners in Panjgur are raising concerns about long-term effects related to climate change during ongoing environmental changes.,12/8/2023 12:00:00 AM,Panjgur,#Floods,en,0,Neutral,Climate Concern,Climate,2474,6097,climate change,urban planners in panjgur are raising concerns about long-term effects related to climate change during ongoing environmental changes.,[],[],FALSE,FALSE,6.5,"['urban', 'planners', 'in', 'panjgur', 'are', 'raising', 'concerns', 'about', 'long-term', 'effects', 'related', 'to', 'climate', 'change', 'during', 'ongoing', 'environmental', 'changes', '.']","['urban', 'planners', 'panjgur', 'raising', 'concerns', 'long-term', 'effects', 'related', 'climate', 'change', 'ongoing', 'environmental', 'changes', '.']","['urban', 'planners', 'panjgur', 'raising', 'concerns', 'long-term', 'effects', 'related', 'climate', 'change', 'ongoing', 'environmental', 'changes']","['urban', 'planner', 'panjgur', 'raising', 'concern', 'long-term', 'effect', 'related', 'climate', 'change', 'ongoing', 'environmental', 'change']",urban planner panjgur raising concern long-term effect related climate change ongoing environmental change,13,12,Climate Awareness,Climate Change
TWT441,user_738199,Citizens in Mirpurkhas are reporting long-term effects related to smog during ongoing environmental changes.,10/30/2020 12:00:00 AM,Mirpurkhas,#ClimateChange,en,-0.1776,Negative,Health Hazard,Climate,1279,8994,smog,citizens in mirpurkhas are reporting long-term effects related to smog during ongoing environmental changes.,[],[],FALSE,FALSE,6.785714286,"['citizens', 'in', 'mirpurkhas', 'are', 'reporting', 'long-term', 'effects', 'related', 'to', 'smog', 'during', 'ongoing', 'environmental', 'changes', '.']","['citizens', 'mirpurkhas', 'reporting', 'long-term', 'effects', 'related', 'smog', 'ongoing', 'environmental', 'changes', '.']","['citizens', 'mirpurkhas', 'reporting', 'long-term', 'effects', 'related', 'smog', 'ongoing', 'environmental', 'changes']","['citizen', 'mirpurkhas', 'reporting', 'long-term', 'effect', 'related', 'smog', 'ongoing', 'environmental', 'change']",citizen mirpurkhas reporting long-term effect related smog ongoing environmental change,10,10,Health Hazard,Pollution
TWT442,user_127373,Environmental experts in Thatta are discussing health risks related to rising temperatures during ongoing environmental changes.,2/7/2018 12:00:00 AM,Thatta,#Smog,en,-0.16392,Negative,Climate Stress,Climate,2777,5610,rising temperatures,environmental experts in thatta are discussing health risks related to rising temperatures during ongoing environmental changes.,[],[],FALSE,FALSE,7.0625,"['environmental', 'experts', 'in', 'thatta', 'are', 'discussing', 'health', 'risks', 'related', 'to', 'rising', 'temperatures', 'during', 'ongoing', 'environmental', 'changes', '.']","['environmental', 'experts', 'thatta', 'discussing', 'health', 'risks', 'related', 'rising', 'temperatures', 'ongoing', 'environmental', 'changes', '.']","['environmental', 'experts', 'thatta', 'discussing', 'health', 'risks', 'related', 'rising', 'temperatures', 'ongoing', 'environmental', 'changes']","['environmental', 'expert', 'thatta', 'discussing', 'health', 'risk', 'related', 'rising', 'temperature', 'ongoing', 'environmental', 'change']",environmental expert thatta discussing health risk related rising temperature ongoing environmental change,12,11,Climate Stress,Climate Change
TWT443,user_732034,Health officials in Swabi are reporting health risks related to smog after recent reports.,2/16/2018 12:00:00 AM,Swabi,#ClimateChange,en,-0.30636,Negative,Health Hazard,Climate,3294,2409,smog,health officials in swabi are reporting health risks related to smog after recent reports.,[],[],FALSE,FALSE,5.5,"['health', 'officials', 'in', 'swabi', 'are', 'reporting', 'health', 'risks', 'related', 'to', 'smog', 'after', 'recent', 'reports', '.']","['health', 'officials', 'swabi', 'reporting', 'health', 'risks', 'related', 'smog', 'recent', 'reports', '.']","['health', 'officials', 'swabi', 'reporting', 'health', 'risks', 'related', 'smog', 'recent', 'reports']","['health', 'official', 'swabi', 'reporting', 'health', 'risk', 'related', 'smog', 'recent', 'report']",health official swabi reporting health risk related smog recent report,10,9,Health Hazard,Pollution
TWT444,user_981847,Environmental experts in Islamabad are discussing environmental challenges related to smog as weather conditions shift.,10/29/2024 12:00:00 AM,Islamabad,#ClimateChange,en,-0.13578,Negative,Health Hazard,Climate,2887,7643,smog,environmental experts in islamabad are discussing environmental challenges related to smog as weather conditions shift.,[],[],FALSE,FALSE,7,"['environmental', 'experts', 'in', 'islamabad', 'are', 'discussing', 'environmental', 'challenges', 'related', 'to', 'smog', 'as', 'weather', 'conditions', 'shift', '.']","['environmental', 'experts', 'islamabad', 'discussing', 'environmental', 'challenges', 'related', 'smog', 'weather', 'conditions', 'shift', '.']","['environmental', 'experts', 'islamabad', 'discussing', 'environmental', 'challenges', 'related', 'smog', 'weather', 'conditions', 'shift']","['environmental', 'expert', 'islamabad', 'discussing', 'environmental', 'challenge', 'related', 'smog', 'weather', 'condition', 'shift']",environmental expert islamabad discussing environmental challenge related smog weather condition shift,11,10,Health Hazard,Pollution
TWT445,user_856786,Citizens in Nowshera are discussing public safety issues related to water scarcity during ongoing environmental changes.,12/1/2024 12:00:00 AM,Nowshera,#Smog,en,0.2529,Positive,Resource Crisis,Climate,2216,4157,water scarcity,citizens in nowshera are discussing public safety issues related to water scarcity during ongoing environmental changes.,[],[],FALSE,FALSE,6.5625,"['citizens', 'in', 'nowshera', 'are', 'discussing', 'public', 'safety', 'issues', 'related', 'to', 'water', 'scarcity', 'during', 'ongoing', 'environmental', 'changes', '.']","['citizens', 'nowshera', 'discussing', 'public', 'safety', 'issues', 'related', 'water', 'scarcity', 'ongoing', 'environmental', 'changes', '.']","['citizens', 'nowshera', 'discussing', 'public', 'safety', 'issues', 'related', 'water', 'scarcity', 'ongoing', 'environmental', 'changes']","['citizen', 'nowshera', 'discussing', 'public', 'safety', 'issue', 'related', 'water', 'scarcity', 'ongoing', 'environmental', 'change']",citizen nowshera discussing public safety issue related water scarcity ongoing environmental change,12,12,Resource Discussion,Resource Issue
TWT446,user_907502,Climate researchers in Multan have noticed long-term effects related to air pollution as weather conditions shift.,6/4/2023 12:00:00 AM,Multan,#PakistanClimate,en,0,Neutral,Health Hazard,Climate,3529,3681,air pollution,climate researchers in multan have noticed long-term effects related to air pollution as weather conditions shift.,[],[],FALSE,FALSE,6.1875,"['climate', 'researchers', 'in', 'multan', 'have', 'noticed', 'long-term', 'effects', 'related', 'to', 'air', 'pollution', 'as', 'weather', 'conditions', 'shift', '.']","['climate', 'researchers', 'multan', 'noticed', 'long-term', 'effects', 'related', 'air', 'pollution', 'weather', 'conditions', 'shift', '.']","['climate', 'researchers', 'multan', 'noticed', 'long-term', 'effects', 'related', 'air', 'pollution', 'weather', 'conditions', 'shift']","['climate', 'researcher', 'multan', 'noticed', 'long-term', 'effect', 'related', 'air', 'pollution', 'weather', 'condition', 'shift']",climate researcher multan noticed long-term effect related air pollution weather condition shift,12,12,Environmental Awareness,Pollution
TWT447,user_755834,Urban planners in Thatta have noticed economic pressure related to air pollution due to changing climate patterns.,3/6/2022 12:00:00 AM,Thatta,#Smog,en,-0.1701,Negative,Health Hazard,Climate,2987,4469,air pollution,urban planners in thatta have noticed economic pressure related to air pollution due to changing climate patterns.,[],[],FALSE,FALSE,5.764705882,"['urban', 'planners', 'in', 'thatta', 'have', 'noticed', 'economic', 'pressure', 'related', 'to', 'air', 'pollution', 'due', 'to', 'changing', 'climate', 'patterns', '.']","['urban', 'planners', 'thatta', 'noticed', 'economic', 'pressure', 'related', 'air', 'pollution', 'due', 'changing', 'climate', 'patterns', '.']","['urban', 'planners', 'thatta', 'noticed', 'economic', 'pressure', 'related', 'air', 'pollution', 'due', 'changing', 'climate', 'patterns']","['urban', 'planner', 'thatta', 'noticed', 'economic', 'pressure', 'related', 'air', 'pollution', 'due', 'changing', 'climate', 'pattern']",urban planner thatta noticed economic pressure related air pollution due changing climate pattern,13,13,Health Hazard,Pollution
TWT448,user_672942,Health officials in Sahiwal are experiencing health risks related to drought as weather conditions shift.,8/6/2023 12:00:00 AM,Sahiwal,#ClimateChange,en,-0.16392,Negative,Resource Crisis,Climate,4517,8695,drought,health officials in sahiwal are experiencing health risks related to drought as weather conditions shift.,[],[],FALSE,FALSE,6.066666667,"['health', 'officials', 'in', 'sahiwal', 'are', 'experiencing', 'health', 'risks', 'related', 'to', 'drought', 'as', 'weather', 'conditions', 'shift', '.']","['health', 'officials', 'sahiwal', 'experiencing', 'health', 'risks', 'related', 'drought', 'weather', 'conditions', 'shift', '.']","['health', 'officials', 'sahiwal', 'experiencing', 'health', 'risks', 'related', 'drought', 'weather', 'conditions', 'shift']","['health', 'official', 'sahiwal', 'experiencing', 'health', 'risk', 'related', 'drought', 'weather', 'condition', 'shift']",health official sahiwal experiencing health risk related drought weather condition shift,11,10,Severe Disaster Concern,Disaster
TWT449,user_819786,Climate researchers in Islamabad are experiencing serious impacts related to flooding as weather conditions shift.,2/25/2025 12:00:00 AM,Islamabad,#Smog,en,-0.112986667,Neutral,Disaster Risk,Climate,1988,7476,flooding,climate researchers in islamabad are experiencing serious impacts related to flooding as weather conditions shift.,[],[],FALSE,FALSE,6.666666667,"['climate', 'researchers', 'in', 'islamabad', 'are', 'experiencing', 'serious', 'impacts', 'related', 'to', 'flooding', 'as', 'weather', 'conditions', 'shift', '.']","['climate', 'researchers', 'islamabad', 'experiencing', 'serious', 'impacts', 'related', 'flooding', 'weather', 'conditions', 'shift', '.']","['climate', 'researchers', 'islamabad', 'experiencing', 'serious', 'impacts', 'related', 'flooding', 'weather', 'conditions', 'shift']","['climate', 'researcher', 'islamabad', 'experiencing', 'serious', 'impact', 'related', 'flooding', 'weather', 'condition', 'shift']",climate researcher islamabad experiencing serious impact related flooding weather condition shift,11,11,Severe Disaster Concern,Disaster
TWT450,user_514302,Health officials in Mardan are observing serious impacts related to extreme weather as weather conditions shift.,12/25/2020 12:00:00 AM,Mardan,#Environment,en,-0.107431111,Neutral,Climate Concern,Climate,4371,4995,extreme weather,health officials in mardan are observing serious impacts related to extreme weather as weather conditions shift.,[],[],FALSE,FALSE,6.0625,"['health', 'officials', 'in', 'mardan', 'are', 'observing', 'serious', 'impacts', 'related', 'to', 'extreme', 'weather', 'as', 'weather', 'conditions', 'shift', '.']","['health', 'officials', 'mardan', 'observing', 'serious', 'impacts', 'related', 'extreme', 'weather', 'weather', 'conditions', 'shift', '.']","['health', 'officials', 'mardan', 'observing', 'serious', 'impacts', 'related', 'extreme', 'weather', 'weather', 'conditions', 'shift']","['health', 'official', 'mardan', 'observing', 'serious', 'impact', 'related', 'extreme', 'weather', 'weather', 'condition', 'shift']",health official mardan observing serious impact related extreme weather weather condition shift,12,11,Negative Climate Concern,General
TWT451,user_68674,Environmental experts in Larkana are reporting public safety issues related to rising temperatures due to changing climate patterns.,6/5/2024 12:00:00 AM,Larkana,#Smog,en,0.236233333,Positive,Climate Stress,Climate,3778,4960,rising temperatures,environmental experts in larkana are reporting public safety issues related to rising temperatures due to changing climate patterns.,[],[],FALSE,FALSE,6.388888889,"['environmental', 'experts', 'in', 'larkana', 'are', 'reporting', 'public', 'safety', 'issues', 'related', 'to', 'rising', 'temperatures', 'due', 'to', 'changing', 'climate', 'patterns', '.']","['environmental', 'experts', 'larkana', 'reporting', 'public', 'safety', 'issues', 'related', 'rising', 'temperatures', 'due', 'changing', 'climate', 'patterns', '.']","['environmental', 'experts', 'larkana', 'reporting', 'public', 'safety', 'issues', 'related', 'rising', 'temperatures', 'due', 'changing', 'climate', 'patterns']","['environmental', 'expert', 'larkana', 'reporting', 'public', 'safety', 'issue', 'related', 'rising', 'temperature', 'due', 'changing', 'climate', 'pattern']",environmental expert larkana reporting public safety issue related rising temperature due changing climate pattern,14,14,Climate Awareness,Climate Change
TWT452,user_962333,Health officials in Islamabad have noticed health risks related to air pollution as weather conditions shift.,10/23/2024 12:00:00 AM,Islamabad,#PakistanClimate,en,-0.16392,Negative,Health Hazard,Climate,3005,4087,air pollution,health officials in islamabad have noticed health risks related to air pollution as weather conditions shift.,[],[],FALSE,FALSE,5.875,"['health', 'officials', 'in', 'islamabad', 'have', 'noticed', 'health', 'risks', 'related', 'to', 'air', 'pollution', 'as', 'weather', 'conditions', 'shift', '.']","['health', 'officials', 'islamabad', 'noticed', 'health', 'risks', 'related', 'air', 'pollution', 'weather', 'conditions', 'shift', '.']","['health', 'officials', 'islamabad', 'noticed', 'health', 'risks', 'related', 'air', 'pollution', 'weather', 'conditions', 'shift']","['health', 'official', 'islamabad', 'noticed', 'health', 'risk', 'related', 'air', 'pollution', 'weather', 'condition', 'shift']",health official islamabad noticed health risk related air pollution weather condition shift,12,11,Health Hazard,Pollution
TWT453,user_319344,Environmental experts in Panjgur are reporting health risks related to flooding during ongoing environmental changes.,7/4/2020 12:00:00 AM,Panjgur,#Smog,en,-0.16392,Negative,Disaster Risk,Climate,4815,6770,flooding,environmental experts in panjgur are reporting health risks related to flooding during ongoing environmental changes.,[],[],FALSE,FALSE,6.866666667,"['environmental', 'experts', 'in', 'panjgur', 'are', 'reporting', 'health', 'risks', 'related', 'to', 'flooding', 'during', 'ongoing', 'environmental', 'changes', '.']","['environmental', 'experts', 'panjgur', 'reporting', 'health', 'risks', 'related', 'flooding', 'ongoing', 'environmental', 'changes', '.']","['environmental', 'experts', 'panjgur', 'reporting', 'health', 'risks', 'related', 'flooding', 'ongoing', 'environmental', 'changes']","['environmental', 'expert', 'panjgur', 'reporting', 'health', 'risk', 'related', 'flooding', 'ongoing', 'environmental', 'change']",environmental expert panjgur reporting health risk related flooding ongoing environmental change,11,10,Severe Disaster Concern,Disaster
TWT454,user_176061,Local communities in Bannu have noticed economic pressure related to water scarcity during ongoing environmental changes.,1/29/2023 12:00:00 AM,Bannu,#Floods,en,-0.150933333,Negative,Resource Crisis,Climate,84,1610,water scarcity,local communities in bannu have noticed economic pressure related to water scarcity during ongoing environmental changes.,[],[],FALSE,FALSE,6.625,"['local', 'communities', 'in', 'bannu', 'have', 'noticed', 'economic', 'pressure', 'related', 'to', 'water', 'scarcity', 'during', 'ongoing', 'environmental', 'changes', '.']","['local', 'communities', 'bannu', 'noticed', 'economic', 'pressure', 'related', 'water', 'scarcity', 'ongoing', 'environmental', 'changes', '.']","['local', 'communities', 'bannu', 'noticed', 'economic', 'pressure', 'related', 'water', 'scarcity', 'ongoing', 'environmental', 'changes']","['local', 'community', 'bannu', 'noticed', 'economic', 'pressure', 'related', 'water', 'scarcity', 'ongoing', 'environmental', 'change']",local community bannu noticed economic pressure related water scarcity ongoing environmental change,12,12,Resource Crisis,Resource Issue
TWT455,user_172625,Climate researchers in Turbat are discussing environmental challenges related to heavy rainfall after recent reports.,4/11/2022 12:00:00 AM,Turbat,#Smog,en,0.019653333,Neutral,Disaster Risk,Climate,685,8362,heavy rainfall,climate researchers in turbat are discussing environmental challenges related to heavy rainfall after recent reports.,[],[],FALSE,FALSE,6.866666667,"['climate', 'researchers', 'in', 'turbat', 'are', 'discussing', 'environmental', 'challenges', 'related', 'to', 'heavy', 'rainfall', 'after', 'recent', 'reports', '.']","['climate', 'researchers', 'turbat', 'discussing', 'environmental', 'challenges', 'related', 'heavy', 'rainfall', 'recent', 'reports', '.']","['climate', 'researchers', 'turbat', 'discussing', 'environmental', 'challenges', 'related', 'heavy', 'rainfall', 'recent', 'reports']","['climate', 'researcher', 'turbat', 'discussing', 'environmental', 'challenge', 'related', 'heavy', 'rainfall', 'recent', 'report']",climate researcher turbat discussing environmental challenge related heavy rainfall recent report,11,11,General Disaster Discussion,Disaster
TWT456,user_190829,Citizens in Kohat are discussing environmental challenges related to climate change in recent months.,10/21/2023 12:00:00 AM,Kohat,#Heatwave,en,0.04632,Neutral,Climate Concern,Climate,419,9239,climate change,citizens in kohat are discussing environmental challenges related to climate change in recent months.,[],[],FALSE,FALSE,6.285714286,"['citizens', 'in', 'kohat', 'are', 'discussing', 'environmental', 'challenges', 'related', 'to', 'climate', 'change', 'in', 'recent', 'months', '.']","['citizens', 'kohat', 'discussing', 'environmental', 'challenges', 'related', 'climate', 'change', 'recent', 'months', '.']","['citizens', 'kohat', 'discussing', 'environmental', 'challenges', 'related', 'climate', 'change', 'recent', 'months']","['citizen', 'kohat', 'discussing', 'environmental', 'challenge', 'related', 'climate', 'change', 'recent', 'month']",citizen kohat discussing environmental challenge related climate change recent month,10,10,Climate Awareness,Climate Change
TWT457,user_995369,Local communities in Peshawar are reporting serious impacts related to air pollution as weather conditions shift.,7/25/2020 12:00:00 AM,Peshawar,#Smog,en,-0.090764444,Neutral,Health Hazard,Climate,3825,2637,air pollution,local communities in peshawar are reporting serious impacts related to air pollution as weather conditions shift.,[],[],FALSE,FALSE,6.125,"['local', 'communities', 'in', 'peshawar', 'are', 'reporting', 'serious', 'impacts', 'related', 'to', 'air', 'pollution', 'as', 'weather', 'conditions', 'shift', '.']","['local', 'communities', 'peshawar', 'reporting', 'serious', 'impacts', 'related', 'air', 'pollution', 'weather', 'conditions', 'shift', '.']","['local', 'communities', 'peshawar', 'reporting', 'serious', 'impacts', 'related', 'air', 'pollution', 'weather', 'conditions', 'shift']","['local', 'community', 'peshawar', 'reporting', 'serious', 'impact', 'related', 'air', 'pollution', 'weather', 'condition', 'shift']",local community peshawar reporting serious impact related air pollution weather condition shift,12,12,Health Hazard,Pollution
TWT458,user_124240,Local communities in Okara are reporting environmental challenges related to air pollution in recent months.,5/2/2021 12:00:00 AM,Okara,#ClimateChange,en,0.04632,Neutral,Health Hazard,Climate,4219,2388,air pollution,local communities in okara are reporting environmental challenges related to air pollution in recent months.,[],[],FALSE,FALSE,6.266666667,"['local', 'communities', 'in', 'okara', 'are', 'reporting', 'environmental', 'challenges', 'related', 'to', 'air', 'pollution', 'in', 'recent', 'months', '.']","['local', 'communities', 'okara', 'reporting', 'environmental', 'challenges', 'related', 'air', 'pollution', 'recent', 'months', '.']","['local', 'communities', 'okara', 'reporting', 'environmental', 'challenges', 'related', 'air', 'pollution', 'recent', 'months']","['local', 'community', 'okara', 'reporting', 'environmental', 'challenge', 'related', 'air', 'pollution', 'recent', 'month']",local community okara reporting environmental challenge related air pollution recent month,11,11,Environmental Awareness,Pollution
TWT459,user_460151,Local communities in Bannu are reporting serious impacts related to extreme weather due to changing climate patterns.,4/24/2018 12:00:00 AM,Bannu,#Environment,en,-0.092986667,Neutral,Climate Concern,Climate,4833,5579,extreme weather,local communities in bannu are reporting serious impacts related to extreme weather due to changing climate patterns.,[],[],FALSE,FALSE,5.941176471,"['local', 'communities', 'in', 'bannu', 'are', 'reporting', 'serious', 'impacts', 'related', 'to', 'extreme', 'weather', 'due', 'to', 'changing', 'climate', 'patterns', '.']","['local', 'communities', 'bannu', 'reporting', 'serious', 'impacts', 'related', 'extreme', 'weather', 'due', 'changing', 'climate', 'patterns', '.']","['local', 'communities', 'bannu', 'reporting', 'serious', 'impacts', 'related', 'extreme', 'weather', 'due', 'changing', 'climate', 'patterns']","['local', 'community', 'bannu', 'reporting', 'serious', 'impact', 'related', 'extreme', 'weather', 'due', 'changing', 'climate', 'pattern']",local community bannu reporting serious impact related extreme weather due changing climate pattern,13,13,Negative Climate Concern,General
TWT460,user_530692,Environmental experts in Attock are observing serious impacts related to drought in recent months.,12/24/2020 12:00:00 AM,Attock,#GlobalWarming,en,-0.090764444,Neutral,Resource Crisis,Climate,4282,8155,drought,environmental experts in attock are observing serious impacts related to drought in recent months.,[],[],FALSE,FALSE,6.071428571,"['environmental', 'experts', 'in', 'attock', 'are', 'observing', 'serious', 'impacts', 'related', 'to', 'drought', 'in', 'recent', 'months', '.']","['environmental', 'experts', 'attock', 'observing', 'serious', 'impacts', 'related', 'drought', 'recent', 'months', '.']","['environmental', 'experts', 'attock', 'observing', 'serious', 'impacts', 'related', 'drought', 'recent', 'months']","['environmental', 'expert', 'attock', 'observing', 'serious', 'impact', 'related', 'drought', 'recent', 'month']",environmental expert attock observing serious impact related drought recent month,10,10,Severe Disaster Concern,Disaster
TWT461,user_934585,Residents in Kohat are observing long-term effects related to extreme weather after recent reports.,11/20/2020 12:00:00 AM,Kohat,#Smog,en,-0.016666667,Neutral,Climate Concern,Climate,3587,1372,extreme weather,residents in kohat are observing long-term effects related to extreme weather after recent reports.,[],[],FALSE,FALSE,6.142857143,"['residents', 'in', 'kohat', 'are', 'observing', 'long-term', 'effects', 'related', 'to', 'extreme', 'weather', 'after', 'recent', 'reports', '.']","['residents', 'kohat', 'observing', 'long-term', 'effects', 'related', 'extreme', 'weather', 'recent', 'reports', '.']","['residents', 'kohat', 'observing', 'long-term', 'effects', 'related', 'extreme', 'weather', 'recent', 'reports']","['resident', 'kohat', 'observing', 'long-term', 'effect', 'related', 'extreme', 'weather', 'recent', 'report']",resident kohat observing long-term effect related extreme weather recent report,10,10,Negative Climate Concern,General
TWT462,user_934339,Residents in Bahawalpur are raising concerns about environmental challenges related to heatwave during ongoing environmental changes.,5/10/2022 12:00:00 AM,Bahawalpur,#Smog,en,0.04632,Neutral,Climate Stress,Climate,351,1680,heatwave,residents in bahawalpur are raising concerns about environmental challenges related to heatwave during ongoing environmental changes.,[],[],FALSE,FALSE,7.375,"['residents', 'in', 'bahawalpur', 'are', 'raising', 'concerns', 'about', 'environmental', 'challenges', 'related', 'to', 'heatwave', 'during', 'ongoing', 'environmental', 'changes', '.']","['residents', 'bahawalpur', 'raising', 'concerns', 'environmental', 'challenges', 'related', 'heatwave', 'ongoing', 'environmental', 'changes', '.']","['residents', 'bahawalpur', 'raising', 'concerns', 'environmental', 'challenges', 'related', 'heatwave', 'ongoing', 'environmental', 'changes']","['resident', 'bahawalpur', 'raising', 'concern', 'environmental', 'challenge', 'related', 'heatwave', 'ongoing', 'environmental', 'change']",resident bahawalpur raising concern environmental challenge related heatwave ongoing environmental change,11,10,General Disaster Discussion,Disaster
TWT463,user_90474,Health officials in Shikarpur are observing health risks related to drought as weather conditions shift.,10/27/2021 12:00:00 AM,Shikarpur,#Heatwave,en,-0.16392,Negative,Resource Crisis,Climate,2851,887,drought,health officials in shikarpur are observing health risks related to drought as weather conditions shift.,[],[],FALSE,FALSE,6,"['health', 'officials', 'in', 'shikarpur', 'are', 'observing', 'health', 'risks', 'related', 'to', 'drought', 'as', 'weather', 'conditions', 'shift', '.']","['health', 'officials', 'shikarpur', 'observing', 'health', 'risks', 'related', 'drought', 'weather', 'conditions', 'shift', '.']","['health', 'officials', 'shikarpur', 'observing', 'health', 'risks', 'related', 'drought', 'weather', 'conditions', 'shift']","['health', 'official', 'shikarpur', 'observing', 'health', 'risk', 'related', 'drought', 'weather', 'condition', 'shift']",health official shikarpur observing health risk related drought weather condition shift,11,10,Severe Disaster Concern,Disaster
TWT464,user_402830,Environmental experts in Abbottabad are experiencing public safety issues related to heatwave due to changing climate patterns.,6/8/2019 12:00:00 AM,Abbottabad,#Floods,en,0.236233333,Positive,Climate Stress,Climate,2640,2792,heatwave,environmental experts in abbottabad are experiencing public safety issues related to heatwave due to changing climate patterns.,[],[],FALSE,FALSE,6.529411765,"['environmental', 'experts', 'in', 'abbottabad', 'are', 'experiencing', 'public', 'safety', 'issues', 'related', 'to', 'heatwave', 'due', 'to', 'changing', 'climate', 'patterns', '.']","['environmental', 'experts', 'abbottabad', 'experiencing', 'public', 'safety', 'issues', 'related', 'heatwave', 'due', 'changing', 'climate', 'patterns', '.']","['environmental', 'experts', 'abbottabad', 'experiencing', 'public', 'safety', 'issues', 'related', 'heatwave', 'due', 'changing', 'climate', 'patterns']","['environmental', 'expert', 'abbottabad', 'experiencing', 'public', 'safety', 'issue', 'related', 'heatwave', 'due', 'changing', 'climate', 'pattern']",environmental expert abbottabad experiencing public safety issue related heatwave due changing climate pattern,13,13,General Disaster Discussion,Disaster
TWT465,user_654835,Citizens in Panjgur are observing public safety issues related to rising temperatures due to changing climate patterns.,5/22/2019 12:00:00 AM,Panjgur,#Environment,en,0.236233333,Positive,Climate Stress,Climate,457,6609,rising temperatures,citizens in panjgur are observing public safety issues related to rising temperatures due to changing climate patterns.,[],[],FALSE,FALSE,6.058823529,"['citizens', 'in', 'panjgur', 'are', 'observing', 'public', 'safety', 'issues', 'related', 'to', 'rising', 'temperatures', 'due', 'to', 'changing', 'climate', 'patterns', '.']","['citizens', 'panjgur', 'observing', 'public', 'safety', 'issues', 'related', 'rising', 'temperatures', 'due', 'changing', 'climate', 'patterns', '.']","['citizens', 'panjgur', 'observing', 'public', 'safety', 'issues', 'related', 'rising', 'temperatures', 'due', 'changing', 'climate', 'patterns']","['citizen', 'panjgur', 'observing', 'public', 'safety', 'issue', 'related', 'rising', 'temperature', 'due', 'changing', 'climate', 'pattern']",citizen panjgur observing public safety issue related rising temperature due changing climate pattern,13,13,Climate Awareness,Climate Change
TWT466,user_72001,Citizens in Karachi are reporting economic pressure related to water scarcity in recent months.,6/28/2020 12:00:00 AM,Karachi,#Heatwave,en,-0.150933333,Negative,Resource Crisis,Climate,3201,6002,water scarcity,citizens in karachi are reporting economic pressure related to water scarcity in recent months.,[],[],FALSE,FALSE,5.857142857,"['citizens', 'in', 'karachi', 'are', 'reporting', 'economic', 'pressure', 'related', 'to', 'water', 'scarcity', 'in', 'recent', 'months', '.']","['citizens', 'karachi', 'reporting', 'economic', 'pressure', 'related', 'water', 'scarcity', 'recent', 'months', '.']","['citizens', 'karachi', 'reporting', 'economic', 'pressure', 'related', 'water', 'scarcity', 'recent', 'months']","['citizen', 'karachi', 'reporting', 'economic', 'pressure', 'related', 'water', 'scarcity', 'recent', 'month']",citizen karachi reporting economic pressure related water scarcity recent month,10,10,Resource Crisis,Resource Issue
TWT467,user_767559,Health officials in Islamabad are raising concerns about health risks related to rising temperatures due to changing climate patterns.,5/12/2021 12:00:00 AM,Islamabad,#Floods,en,-0.18892,Negative,Climate Stress,Climate,3533,7386,rising temperatures,health officials in islamabad are raising concerns about health risks related to rising temperatures due to changing climate patterns.,[],[],FALSE,FALSE,6.105263158,"['health', 'officials', 'in', 'islamabad', 'are', 'raising', 'concerns', 'about', 'health', 'risks', 'related', 'to', 'rising', 'temperatures', 'due', 'to', 'changing', 'climate', 'patterns', '.']","['health', 'officials', 'islamabad', 'raising', 'concerns', 'health', 'risks', 'related', 'rising', 'temperatures', 'due', 'changing', 'climate', 'patterns', '.']","['health', 'officials', 'islamabad', 'raising', 'concerns', 'health', 'risks', 'related', 'rising', 'temperatures', 'due', 'changing', 'climate', 'patterns']","['health', 'official', 'islamabad', 'raising', 'concern', 'health', 'risk', 'related', 'rising', 'temperature', 'due', 'changing', 'climate', 'pattern']",health official islamabad raising concern health risk related rising temperature due changing climate pattern,14,13,Climate Stress,Climate Change
TWT468,user_480370,Environmental experts in Jhelum are experiencing long-term effects related to drought due to changing climate patterns.,8/12/2023 12:00:00 AM,Jhelum,#ClimateChange,en,-0.025,Neutral,Resource Crisis,Climate,3964,7527,drought,environmental experts in jhelum are experiencing long-term effects related to drought due to changing climate patterns.,[],[],FALSE,FALSE,6.5,"['environmental', 'experts', 'in', 'jhelum', 'are', 'experiencing', 'long-term', 'effects', 'related', 'to', 'drought', 'due', 'to', 'changing', 'climate', 'patterns', '.']","['environmental', 'experts', 'jhelum', 'experiencing', 'long-term', 'effects', 'related', 'drought', 'due', 'changing', 'climate', 'patterns', '.']","['environmental', 'experts', 'jhelum', 'experiencing', 'long-term', 'effects', 'related', 'drought', 'due', 'changing', 'climate', 'patterns']","['environmental', 'expert', 'jhelum', 'experiencing', 'long-term', 'effect', 'related', 'drought', 'due', 'changing', 'climate', 'pattern']",environmental expert jhelum experiencing long-term effect related drought due changing climate pattern,12,12,Severe Disaster Concern,Disaster
TWT469,user_216468,Residents in Islamabad are discussing economic pressure related to smog during ongoing environmental changes.,6/23/2022 12:00:00 AM,Islamabad,#GlobalWarming,en,-0.27602,Negative,Health Hazard,Climate,1194,6356,smog,residents in islamabad are discussing economic pressure related to smog during ongoing environmental changes.,[],[],FALSE,FALSE,6.857142857,"['residents', 'in', 'islamabad', 'are', 'discussing', 'economic', 'pressure', 'related', 'to', 'smog', 'during', 'ongoing', 'environmental', 'changes', '.']","['residents', 'islamabad', 'discussing', 'economic', 'pressure', 'related', 'smog', 'ongoing', 'environmental', 'changes', '.']","['residents', 'islamabad', 'discussing', 'economic', 'pressure', 'related', 'smog', 'ongoing', 'environmental', 'changes']","['resident', 'islamabad', 'discussing', 'economic', 'pressure', 'related', 'smog', 'ongoing', 'environmental', 'change']",resident islamabad discussing economic pressure related smog ongoing environmental change,10,10,Health Hazard,Pollution
TWT470,user_621501,Citizens in Peshawar are experiencing serious impacts related to heatwave after recent reports.,4/13/2023 12:00:00 AM,Peshawar,#Smog,en,-0.090764444,Neutral,Climate Stress,Climate,395,9388,heatwave,citizens in peshawar are experiencing serious impacts related to heatwave after recent reports.,[],[],FALSE,FALSE,6.384615385,"['citizens', 'in', 'peshawar', 'are', 'experiencing', 'serious', 'impacts', 'related', 'to', 'heatwave', 'after', 'recent', 'reports', '.']","['citizens', 'peshawar', 'experiencing', 'serious', 'impacts', 'related', 'heatwave', 'recent', 'reports', '.']","['citizens', 'peshawar', 'experiencing', 'serious', 'impacts', 'related', 'heatwave', 'recent', 'reports']","['citizen', 'peshawar', 'experiencing', 'serious', 'impact', 'related', 'heatwave', 'recent', 'report']",citizen peshawar experiencing serious impact related heatwave recent report,9,9,Severe Disaster Concern,Disaster
TWT471,user_882409,Residents in Nawabshah are experiencing serious impacts related to heavy rainfall after recent reports.,3/3/2021 12:00:00 AM,Nawabshah,#Smog,en,-0.099653333,Neutral,Disaster Risk,Climate,1012,9210,heavy rainfall,residents in nawabshah are experiencing serious impacts related to heavy rainfall after recent reports.,[],[],FALSE,FALSE,6.428571429,"['residents', 'in', 'nawabshah', 'are', 'experiencing', 'serious', 'impacts', 'related', 'to', 'heavy', 'rainfall', 'after', 'recent', 'reports', '.']","['residents', 'nawabshah', 'experiencing', 'serious', 'impacts', 'related', 'heavy', 'rainfall', 'recent', 'reports', '.']","['residents', 'nawabshah', 'experiencing', 'serious', 'impacts', 'related', 'heavy', 'rainfall', 'recent', 'reports']","['resident', 'nawabshah', 'experiencing', 'serious', 'impact', 'related', 'heavy', 'rainfall', 'recent', 'report']",resident nawabshah experiencing serious impact related heavy rainfall recent report,10,10,Severe Disaster Concern,Disaster
TWT472,user_291412,Environmental experts in Swat have noticed serious impacts related to rising temperatures during ongoing environmental changes.,5/18/2018 12:00:00 AM,Swat,#Smog,en,-0.112986667,Neutral,Climate Stress,Climate,2330,7290,rising temperatures,environmental experts in swat have noticed serious impacts related to rising temperatures during ongoing environmental changes.,[],[],FALSE,FALSE,7,"['environmental', 'experts', 'in', 'swat', 'have', 'noticed', 'serious', 'impacts', 'related', 'to', 'rising', 'temperatures', 'during', 'ongoing', 'environmental', 'changes', '.']","['environmental', 'experts', 'swat', 'noticed', 'serious', 'impacts', 'related', 'rising', 'temperatures', 'ongoing', 'environmental', 'changes', '.']","['environmental', 'experts', 'swat', 'noticed', 'serious', 'impacts', 'related', 'rising', 'temperatures', 'ongoing', 'environmental', 'changes']","['environmental', 'expert', 'swat', 'noticed', 'serious', 'impact', 'related', 'rising', 'temperature', 'ongoing', 'environmental', 'change']",environmental expert swat noticed serious impact related rising temperature ongoing environmental change,12,11,Climate Stress,Climate Change
TWT473,user_165357,Environmental experts in Mardan are discussing health risks related to drought as weather conditions shift.,3/1/2021 12:00:00 AM,Mardan,#Heatwave,en,-0.16392,Negative,Resource Crisis,Climate,840,715,drought,environmental experts in mardan are discussing health risks related to drought as weather conditions shift.,[],[],FALSE,FALSE,6.2,"['environmental', 'experts', 'in', 'mardan', 'are', 'discussing', 'health', 'risks', 'related', 'to', 'drought', 'as', 'weather', 'conditions', 'shift', '.']","['environmental', 'experts', 'mardan', 'discussing', 'health', 'risks', 'related', 'drought', 'weather', 'conditions', 'shift', '.']","['environmental', 'experts', 'mardan', 'discussing', 'health', 'risks', 'related', 'drought', 'weather', 'conditions', 'shift']","['environmental', 'expert', 'mardan', 'discussing', 'health', 'risk', 'related', 'drought', 'weather', 'condition', 'shift']",environmental expert mardan discussing health risk related drought weather condition shift,11,11,Severe Disaster Concern,Disaster
TWT474,user_904602,Citizens in Rawalpindi are observing environmental challenges related to drought in recent months.,11/21/2020 12:00:00 AM,Rawalpindi,#PakistanClimate,en,0.04632,Neutral,Resource Crisis,Climate,1578,4270,drought,citizens in rawalpindi are observing environmental challenges related to drought in recent months.,[],[],FALSE,FALSE,6.615384615,"['citizens', 'in', 'rawalpindi', 'are', 'observing', 'environmental', 'challenges', 'related', 'to', 'drought', 'in', 'recent', 'months', '.']","['citizens', 'rawalpindi', 'observing', 'environmental', 'challenges', 'related', 'drought', 'recent', 'months', '.']","['citizens', 'rawalpindi', 'observing', 'environmental', 'challenges', 'related', 'drought', 'recent', 'months']","['citizen', 'rawalpindi', 'observing', 'environmental', 'challenge', 'related', 'drought', 'recent', 'month']",citizen rawalpindi observing environmental challenge related drought recent month,9,9,General Disaster Discussion,Disaster
TWT475,user_756596,Climate researchers in Islamabad are discussing environmental challenges related to air pollution as weather conditions shift.,1/29/2021 12:00:00 AM,Islamabad,#Smog,en,0.04632,Neutral,Health Hazard,Climate,2167,7322,air pollution,climate researchers in islamabad are discussing environmental challenges related to air pollution as weather conditions shift.,[],[],FALSE,FALSE,6.9375,"['climate', 'researchers', 'in', 'islamabad', 'are', 'discussing', 'environmental', 'challenges', 'related', 'to', 'air', 'pollution', 'as', 'weather', 'conditions', 'shift', '.']","['climate', 'researchers', 'islamabad', 'discussing', 'environmental', 'challenges', 'related', 'air', 'pollution', 'weather', 'conditions', 'shift', '.']","['climate', 'researchers', 'islamabad', 'discussing', 'environmental', 'challenges', 'related', 'air', 'pollution', 'weather', 'conditions', 'shift']","['climate', 'researcher', 'islamabad', 'discussing', 'environmental', 'challenge', 'related', 'air', 'pollution', 'weather', 'condition', 'shift']",climate researcher islamabad discussing environmental challenge related air pollution weather condition shift,12,12,Environmental Awareness,Pollution
TWT476,user_665762,Local communities in Abbottabad are observing environmental challenges related to rising temperatures as weather conditions shift.,1/6/2018 12:00:00 AM,Abbottabad,#PakistanClimate,en,0.04632,Neutral,Climate Stress,Climate,1047,9670,rising temperatures,local communities in abbottabad are observing environmental challenges related to rising temperatures as weather conditions shift.,[],[],FALSE,FALSE,7.1875,"['local', 'communities', 'in', 'abbottabad', 'are', 'observing', 'environmental', 'challenges', 'related', 'to', 'rising', 'temperatures', 'as', 'weather', 'conditions', 'shift', '.']","['local', 'communities', 'abbottabad', 'observing', 'environmental', 'challenges', 'related', 'rising', 'temperatures', 'weather', 'conditions', 'shift', '.']","['local', 'communities', 'abbottabad', 'observing', 'environmental', 'challenges', 'related', 'rising', 'temperatures', 'weather', 'conditions', 'shift']","['local', 'community', 'abbottabad', 'observing', 'environmental', 'challenge', 'related', 'rising', 'temperature', 'weather', 'condition', 'shift']",local community abbottabad observing environmental challenge related rising temperature weather condition shift,12,12,Climate Awareness,Climate Change
TWT477,user_309103,Climate researchers in Karachi have noticed serious impacts related to climate change due to changing climate patterns.,8/15/2022 12:00:00 AM,Karachi,#ClimateChange,en,-0.107431111,Neutral,Climate Concern,Climate,4263,6062,climate change,climate researchers in karachi have noticed serious impacts related to climate change due to changing climate patterns.,[],[],FALSE,FALSE,6.058823529,"['climate', 'researchers', 'in', 'karachi', 'have', 'noticed', 'serious', 'impacts', 'related', 'to', 'climate', 'change', 'due', 'to', 'changing', 'climate', 'patterns', '.']","['climate', 'researchers', 'karachi', 'noticed', 'serious', 'impacts', 'related', 'climate', 'change', 'due', 'changing', 'climate', 'patterns', '.']","['climate', 'researchers', 'karachi', 'noticed', 'serious', 'impacts', 'related', 'climate', 'change', 'due', 'changing', 'climate', 'patterns']","['climate', 'researcher', 'karachi', 'noticed', 'serious', 'impact', 'related', 'climate', 'change', 'due', 'changing', 'climate', 'pattern']",climate researcher karachi noticed serious impact related climate change due changing climate pattern,13,11,Climate Stress,Climate Change
TWT478,user_805169,Citizens in Multan are observing health risks related to heavy rainfall due to changing climate patterns.,7/8/2024 12:00:00 AM,Multan,#ClimateChange,en,-0.207253333,Negative,Disaster Risk,Climate,4348,5067,heavy rainfall,citizens in multan are observing health risks related to heavy rainfall due to changing climate patterns.,[],[],FALSE,FALSE,5.625,"['citizens', 'in', 'multan', 'are', 'observing', 'health', 'risks', 'related', 'to', 'heavy', 'rainfall', 'due', 'to', 'changing', 'climate', 'patterns', '.']","['citizens', 'multan', 'observing', 'health', 'risks', 'related', 'heavy', 'rainfall', 'due', 'changing', 'climate', 'patterns', '.']","['citizens', 'multan', 'observing', 'health', 'risks', 'related', 'heavy', 'rainfall', 'due', 'changing', 'climate', 'patterns']","['citizen', 'multan', 'observing', 'health', 'risk', 'related', 'heavy', 'rainfall', 'due', 'changing', 'climate', 'pattern']",citizen multan observing health risk related heavy rainfall due changing climate pattern,12,12,Severe Disaster Concern,Disaster
TWT479,user_898685,Local communities in Turbat are discussing health risks related to air pollution after recent reports.,3/1/2024 12:00:00 AM,Turbat,#Environment,en,-0.16392,Negative,Health Hazard,Climate,1786,5511,air pollution,local communities in turbat are discussing health risks related to air pollution after recent reports.,[],[],FALSE,FALSE,5.866666667,"['local', 'communities', 'in', 'turbat', 'are', 'discussing', 'health', 'risks', 'related', 'to', 'air', 'pollution', 'after', 'recent', 'reports', '.']","['local', 'communities', 'turbat', 'discussing', 'health', 'risks', 'related', 'air', 'pollution', 'recent', 'reports', '.']","['local', 'communities', 'turbat', 'discussing', 'health', 'risks', 'related', 'air', 'pollution', 'recent', 'reports']","['local', 'community', 'turbat', 'discussing', 'health', 'risk', 'related', 'air', 'pollution', 'recent', 'report']",local community turbat discussing health risk related air pollution recent report,11,11,Health Hazard,Pollution
TWT480,user_842557,Environmental experts in Islamabad are experiencing serious impacts related to rising temperatures after recent reports.,3/11/2023 12:00:00 AM,Islamabad,#ClimateChange,en,-0.090764444,Neutral,Climate Stress,Climate,1200,3884,rising temperatures,environmental experts in islamabad are experiencing serious impacts related to rising temperatures after recent reports.,[],[],FALSE,FALSE,7.066666667,"['environmental', 'experts', 'in', 'islamabad', 'are', 'experiencing', 'serious', 'impacts', 'related', 'to', 'rising', 'temperatures', 'after', 'recent', 'reports', '.']","['environmental', 'experts', 'islamabad', 'experiencing', 'serious', 'impacts', 'related', 'rising', 'temperatures', 'recent', 'reports', '.']","['environmental', 'experts', 'islamabad', 'experiencing', 'serious', 'impacts', 'related', 'rising', 'temperatures', 'recent', 'reports']","['environmental', 'expert', 'islamabad', 'experiencing', 'serious', 'impact', 'related', 'rising', 'temperature', 'recent', 'report']",environmental expert islamabad experiencing serious impact related rising temperature recent report,11,11,Climate Stress,Climate Change
TWT481,user_660290,Climate researchers in Thatta are reporting public safety issues related to rising temperatures after recent reports.,12/17/2022 12:00:00 AM,Thatta,#GlobalWarming,en,0.2529,Positive,Climate Stress,Climate,4479,4606,rising temperatures,climate researchers in thatta are reporting public safety issues related to rising temperatures after recent reports.,[],[],FALSE,FALSE,6.375,"['climate', 'researchers', 'in', 'thatta', 'are', 'reporting', 'public', 'safety', 'issues', 'related', 'to', 'rising', 'temperatures', 'after', 'recent', 'reports', '.']","['climate', 'researchers', 'thatta', 'reporting', 'public', 'safety', 'issues', 'related', 'rising', 'temperatures', 'recent', 'reports', '.']","['climate', 'researchers', 'thatta', 'reporting', 'public', 'safety', 'issues', 'related', 'rising', 'temperatures', 'recent', 'reports']","['climate', 'researcher', 'thatta', 'reporting', 'public', 'safety', 'issue', 'related', 'rising', 'temperature', 'recent', 'report']",climate researcher thatta reporting public safety issue related rising temperature recent report,12,12,Climate Awareness,Climate Change
TWT482,user_934798,Climate researchers in Islamabad are raising concerns about long-term effects related to smog during ongoing environmental changes.,7/9/2020 12:00:00 AM,Islamabad,#Floods,en,-0.1776,Negative,Health Hazard,Climate,528,6507,smog,climate researchers in islamabad are raising concerns about long-term effects related to smog during ongoing environmental changes.,[],[],FALSE,FALSE,6.764705882,"['climate', 'researchers', 'in', 'islamabad', 'are', 'raising', 'concerns', 'about', 'long-term', 'effects', 'related', 'to', 'smog', 'during', 'ongoing', 'environmental', 'changes', '.']","['climate', 'researchers', 'islamabad', 'raising', 'concerns', 'long-term', 'effects', 'related', 'smog', 'ongoing', 'environmental', 'changes', '.']","['climate', 'researchers', 'islamabad', 'raising', 'concerns', 'long-term', 'effects', 'related', 'smog', 'ongoing', 'environmental', 'changes']","['climate', 'researcher', 'islamabad', 'raising', 'concern', 'long-term', 'effect', 'related', 'smog', 'ongoing', 'environmental', 'change']",climate researcher islamabad raising concern long-term effect related smog ongoing environmental change,12,12,Health Hazard,Pollution
TWT483,user_413584,Urban planners in Rawalpindi are observing serious impacts related to drought during ongoing environmental changes.,9/26/2024 12:00:00 AM,Rawalpindi,#PakistanClimate,en,-0.090764444,Neutral,Resource Crisis,Climate,2431,546,drought,urban planners in rawalpindi are observing serious impacts related to drought during ongoing environmental changes.,[],[],FALSE,FALSE,6.733333333,"['urban', 'planners', 'in', 'rawalpindi', 'are', 'observing', 'serious', 'impacts', 'related', 'to', 'drought', 'during', 'ongoing', 'environmental', 'changes', '.']","['urban', 'planners', 'rawalpindi', 'observing', 'serious', 'impacts', 'related', 'drought', 'ongoing', 'environmental', 'changes', '.']","['urban', 'planners', 'rawalpindi', 'observing', 'serious', 'impacts', 'related', 'drought', 'ongoing', 'environmental', 'changes']","['urban', 'planner', 'rawalpindi', 'observing', 'serious', 'impact', 'related', 'drought', 'ongoing', 'environmental', 'change']",urban planner rawalpindi observing serious impact related drought ongoing environmental change,11,11,Severe Disaster Concern,Disaster
TWT484,user_904527,Climate researchers in Islamabad are reporting long-term effects related to heatwave due to changing climate patterns.,1/20/2025 12:00:00 AM,Islamabad,#Floods,en,-0.025,Neutral,Climate Stress,Climate,4320,1250,heatwave,climate researchers in islamabad are reporting long-term effects related to heatwave due to changing climate patterns.,[],[],FALSE,FALSE,6.4375,"['climate', 'researchers', 'in', 'islamabad', 'are', 'reporting', 'long-term', 'effects', 'related', 'to', 'heatwave', 'due', 'to', 'changing', 'climate', 'patterns', '.']","['climate', 'researchers', 'islamabad', 'reporting', 'long-term', 'effects', 'related', 'heatwave', 'due', 'changing', 'climate', 'patterns', '.']","['climate', 'researchers', 'islamabad', 'reporting', 'long-term', 'effects', 'related', 'heatwave', 'due', 'changing', 'climate', 'patterns']","['climate', 'researcher', 'islamabad', 'reporting', 'long-term', 'effect', 'related', 'heatwave', 'due', 'changing', 'climate', 'pattern']",climate researcher islamabad reporting long-term effect related heatwave due changing climate pattern,12,11,Severe Disaster Concern,Disaster
TWT485,user_226452,Citizens in Swat have noticed public safety issues related to heatwave during ongoing environmental changes.,8/12/2023 12:00:00 AM,Swat,#Environment,en,0.2529,Positive,Climate Stress,Climate,4022,4983,heatwave,citizens in swat have noticed public safety issues related to heatwave during ongoing environmental changes.,[],[],FALSE,FALSE,6.266666667,"['citizens', 'in', 'swat', 'have', 'noticed', 'public', 'safety', 'issues', 'related', 'to', 'heatwave', 'during', 'ongoing', 'environmental', 'changes', '.']","['citizens', 'swat', 'noticed', 'public', 'safety', 'issues', 'related', 'heatwave', 'ongoing', 'environmental', 'changes', '.']","['citizens', 'swat', 'noticed', 'public', 'safety', 'issues', 'related', 'heatwave', 'ongoing', 'environmental', 'changes']","['citizen', 'swat', 'noticed', 'public', 'safety', 'issue', 'related', 'heatwave', 'ongoing', 'environmental', 'change']",citizen swat noticed public safety issue related heatwave ongoing environmental change,11,11,Disaster Relief / Recovery,Disaster
TWT486,user_98082,Local communities in Gwadar are experiencing environmental challenges related to water scarcity due to changing climate patterns.,2/19/2018 12:00:00 AM,Gwadar,#GlobalWarming,en,0.029653333,Neutral,Resource Crisis,Climate,2809,2581,water scarcity,local communities in gwadar are experiencing environmental challenges related to water scarcity due to changing climate patterns.,[],[],FALSE,FALSE,6.647058824,"['local', 'communities', 'in', 'gwadar', 'are', 'experiencing', 'environmental', 'challenges', 'related', 'to', 'water', 'scarcity', 'due', 'to', 'changing', 'climate', 'patterns', '.']","['local', 'communities', 'gwadar', 'experiencing', 'environmental', 'challenges', 'related', 'water', 'scarcity', 'due', 'changing', 'climate', 'patterns', '.']","['local', 'communities', 'gwadar', 'experiencing', 'environmental', 'challenges', 'related', 'water', 'scarcity', 'due', 'changing', 'climate', 'patterns']","['local', 'community', 'gwadar', 'experiencing', 'environmental', 'challenge', 'related', 'water', 'scarcity', 'due', 'changing', 'climate', 'pattern']",local community gwadar experiencing environmental challenge related water scarcity due changing climate pattern,13,13,Resource Discussion,Resource Issue
TWT487,user_570613,Residents in Nawabshah are observing public safety issues related to heatwave due to changing climate patterns.,8/29/2020 12:00:00 AM,Nawabshah,#Floods,en,0.236233333,Positive,Climate Stress,Climate,4468,9165,heatwave,residents in nawabshah are observing public safety issues related to heatwave due to changing climate patterns.,[],[],FALSE,FALSE,6,"['residents', 'in', 'nawabshah', 'are', 'observing', 'public', 'safety', 'issues', 'related', 'to', 'heatwave', 'due', 'to', 'changing', 'climate', 'patterns', '.']","['residents', 'nawabshah', 'observing', 'public', 'safety', 'issues', 'related', 'heatwave', 'due', 'changing', 'climate', 'patterns', '.']","['residents', 'nawabshah', 'observing', 'public', 'safety', 'issues', 'related', 'heatwave', 'due', 'changing', 'climate', 'patterns']","['resident', 'nawabshah', 'observing', 'public', 'safety', 'issue', 'related', 'heatwave', 'due', 'changing', 'climate', 'pattern']",resident nawabshah observing public safety issue related heatwave due changing climate pattern,12,12,General Disaster Discussion,Disaster
TWT488,user_932762,Climate researchers in Gujranwala are experiencing public safety issues related to water scarcity due to changing climate patterns.,6/5/2023 12:00:00 AM,Gujranwala,#PakistanClimate,en,0.236233333,Positive,Resource Crisis,Climate,3516,3604,water scarcity,climate researchers in gujranwala are experiencing public safety issues related to water scarcity due to changing climate patterns.,[],[],FALSE,FALSE,6.333333333,"['climate', 'researchers', 'in', 'gujranwala', 'are', 'experiencing', 'public', 'safety', 'issues', 'related', 'to', 'water', 'scarcity', 'due', 'to', 'changing', 'climate', 'patterns', '.']","['climate', 'researchers', 'gujranwala', 'experiencing', 'public', 'safety', 'issues', 'related', 'water', 'scarcity', 'due', 'changing', 'climate', 'patterns', '.']","['climate', 'researchers', 'gujranwala', 'experiencing', 'public', 'safety', 'issues', 'related', 'water', 'scarcity', 'due', 'changing', 'climate', 'patterns']","['climate', 'researcher', 'gujranwala', 'experiencing', 'public', 'safety', 'issue', 'related', 'water', 'scarcity', 'due', 'changing', 'climate', 'pattern']",climate researcher gujranwala experiencing public safety issue related water scarcity due changing climate pattern,14,13,Resource Discussion,Resource Issue
TWT489,user_994818,Residents in Sukkur are observing public safety issues related to smog during ongoing environmental changes.,4/3/2023 12:00:00 AM,Sukkur,#Floods,en,0.09186,Neutral,Health Hazard,Climate,267,4147,smog,residents in sukkur are observing public safety issues related to smog during ongoing environmental changes.,[],[],FALSE,FALSE,6.266666667,"['residents', 'in', 'sukkur', 'are', 'observing', 'public', 'safety', 'issues', 'related', 'to', 'smog', 'during', 'ongoing', 'environmental', 'changes', '.']","['residents', 'sukkur', 'observing', 'public', 'safety', 'issues', 'related', 'smog', 'ongoing', 'environmental', 'changes', '.']","['residents', 'sukkur', 'observing', 'public', 'safety', 'issues', 'related', 'smog', 'ongoing', 'environmental', 'changes']","['resident', 'sukkur', 'observing', 'public', 'safety', 'issue', 'related', 'smog', 'ongoing', 'environmental', 'change']",resident sukkur observing public safety issue related smog ongoing environmental change,11,11,Environmental Awareness,Pollution
TWT490,user_534454,Citizens in Islamabad are experiencing long-term effects related to rising temperatures due to changing climate patterns.,3/27/2019 12:00:00 AM,Islamabad,#ClimateChange,en,-0.025,Neutral,Climate Stress,Climate,1313,591,rising temperatures,citizens in islamabad are experiencing long-term effects related to rising temperatures due to changing climate patterns.,[],[],FALSE,FALSE,6.625,"['citizens', 'in', 'islamabad', 'are', 'experiencing', 'long-term', 'effects', 'related', 'to', 'rising', 'temperatures', 'due', 'to', 'changing', 'climate', 'patterns', '.']","['citizens', 'islamabad', 'experiencing', 'long-term', 'effects', 'related', 'rising', 'temperatures', 'due', 'changing', 'climate', 'patterns', '.']","['citizens', 'islamabad', 'experiencing', 'long-term', 'effects', 'related', 'rising', 'temperatures', 'due', 'changing', 'climate', 'patterns']","['citizen', 'islamabad', 'experiencing', 'long-term', 'effect', 'related', 'rising', 'temperature', 'due', 'changing', 'climate', 'pattern']",citizen islamabad experiencing long-term effect related rising temperature due changing climate pattern,12,12,Climate Stress,Climate Change
TWT491,user_217399,Environmental experts in Sibi have noticed long-term effects related to air pollution in recent months.,2/1/2019 12:00:00 AM,Sibi,#Floods,en,0,Neutral,Health Hazard,Climate,3130,5346,air pollution,environmental experts in sibi have noticed long-term effects related to air pollution in recent months.,[],[],FALSE,FALSE,5.933333333,"['environmental', 'experts', 'in', 'sibi', 'have', 'noticed', 'long-term', 'effects', 'related', 'to', 'air', 'pollution', 'in', 'recent', 'months', '.']","['environmental', 'experts', 'sibi', 'noticed', 'long-term', 'effects', 'related', 'air', 'pollution', 'recent', 'months', '.']","['environmental', 'experts', 'sibi', 'noticed', 'long-term', 'effects', 'related', 'air', 'pollution', 'recent', 'months']","['environmental', 'expert', 'sibi', 'noticed', 'long-term', 'effect', 'related', 'air', 'pollution', 'recent', 'month']",environmental expert sibi noticed long-term effect related air pollution recent month,11,11,Environmental Awareness,Pollution
TWT492,user_302950,Local communities in Nawabshah are reporting public safety issues related to drought due to changing climate patterns.,5/9/2024 12:00:00 AM,Nawabshah,#GlobalWarming,en,0.2404,Positive,Resource Crisis,Climate,2986,2619,drought,local communities in nawabshah are reporting public safety issues related to drought due to changing climate patterns.,[],[],FALSE,FALSE,6,"['local', 'communities', 'in', 'nawabshah', 'are', 'reporting', 'public', 'safety', 'issues', 'related', 'to', 'drought', 'due', 'to', 'changing', 'climate', 'patterns', '.']","['local', 'communities', 'nawabshah', 'reporting', 'public', 'safety', 'issues', 'related', 'drought', 'due', 'changing', 'climate', 'patterns', '.']","['local', 'communities', 'nawabshah', 'reporting', 'public', 'safety', 'issues', 'related', 'drought', 'due', 'changing', 'climate', 'patterns']","['local', 'community', 'nawabshah', 'reporting', 'public', 'safety', 'issue', 'related', 'drought', 'due', 'changing', 'climate', 'pattern']",local community nawabshah reporting public safety issue related drought due changing climate pattern,13,13,General Disaster Discussion,Disaster
TWT493,user_984390,Local communities in Islamabad are raising concerns about serious impacts related to drought in recent months.,2/15/2024 12:00:00 AM,Islamabad,#Floods,en,-0.079653333,Neutral,Resource Crisis,Climate,3646,3952,drought,local communities in islamabad are raising concerns about serious impacts related to drought in recent months.,[],[],FALSE,FALSE,5.9375,"['local', 'communities', 'in', 'islamabad', 'are', 'raising', 'concerns', 'about', 'serious', 'impacts', 'related', 'to', 'drought', 'in', 'recent', 'months', '.']","['local', 'communities', 'islamabad', 'raising', 'concerns', 'serious', 'impacts', 'related', 'drought', 'recent', 'months', '.']","['local', 'communities', 'islamabad', 'raising', 'concerns', 'serious', 'impacts', 'related', 'drought', 'recent', 'months']","['local', 'community', 'islamabad', 'raising', 'concern', 'serious', 'impact', 'related', 'drought', 'recent', 'month']",local community islamabad raising concern serious impact related drought recent month,11,11,Severe Disaster Concern,Disaster
TWT494,user_77774,Citizens in Mardan are observing environmental challenges related to climate change as weather conditions shift.,12/23/2023 12:00:00 AM,Mardan,#PakistanClimate,en,0.04632,Neutral,Climate Concern,Climate,3513,7367,climate change,citizens in mardan are observing environmental challenges related to climate change as weather conditions shift.,[],[],FALSE,FALSE,6.533333333,"['citizens', 'in', 'mardan', 'are', 'observing', 'environmental', 'challenges', 'related', 'to', 'climate', 'change', 'as', 'weather', 'conditions', 'shift', '.']","['citizens', 'mardan', 'observing', 'environmental', 'challenges', 'related', 'climate', 'change', 'weather', 'conditions', 'shift', '.']","['citizens', 'mardan', 'observing', 'environmental', 'challenges', 'related', 'climate', 'change', 'weather', 'conditions', 'shift']","['citizen', 'mardan', 'observing', 'environmental', 'challenge', 'related', 'climate', 'change', 'weather', 'condition', 'shift']",citizen mardan observing environmental challenge related climate change weather condition shift,11,11,Climate Awareness,Climate Change
TWT495,user_261444,Health officials in Bannu are experiencing economic pressure related to water scarcity during ongoing environmental changes.,2/1/2021 12:00:00 AM,Bannu,#Heatwave,en,-0.1376,Negative,Resource Crisis,Climate,1675,52,water scarcity,health officials in bannu are experiencing economic pressure related to water scarcity during ongoing environmental changes.,[],[],FALSE,FALSE,6.8125,"['health', 'officials', 'in', 'bannu', 'are', 'experiencing', 'economic', 'pressure', 'related', 'to', 'water', 'scarcity', 'during', 'ongoing', 'environmental', 'changes', '.']","['health', 'officials', 'bannu', 'experiencing', 'economic', 'pressure', 'related', 'water', 'scarcity', 'ongoing', 'environmental', 'changes', '.']","['health', 'officials', 'bannu', 'experiencing', 'economic', 'pressure', 'related', 'water', 'scarcity', 'ongoing', 'environmental', 'changes']","['health', 'official', 'bannu', 'experiencing', 'economic', 'pressure', 'related', 'water', 'scarcity', 'ongoing', 'environmental', 'change']",health official bannu experiencing economic pressure related water scarcity ongoing environmental change,12,12,Resource Crisis,Resource Issue
TWT496,user_391953,Climate researchers in Sheikhupura are reporting long-term effects related to smog in recent months.,9/30/2018 12:00:00 AM,Sheikhupura,#GlobalWarming,en,-0.1776,Negative,Health Hazard,Climate,2341,8057,smog,climate researchers in sheikhupura are reporting long-term effects related to smog in recent months.,[],[],FALSE,FALSE,6.214285714,"['climate', 'researchers', 'in', 'sheikhupura', 'are', 'reporting', 'long-term', 'effects', 'related', 'to', 'smog', 'in', 'recent', 'months', '.']","['climate', 'researchers', 'sheikhupura', 'reporting', 'long-term', 'effects', 'related', 'smog', 'recent', 'months', '.']","['climate', 'researchers', 'sheikhupura', 'reporting', 'long-term', 'effects', 'related', 'smog', 'recent', 'months']","['climate', 'researcher', 'sheikhupura', 'reporting', 'long-term', 'effect', 'related', 'smog', 'recent', 'month']",climate researcher sheikhupura reporting long-term effect related smog recent month,10,10,Health Hazard,Pollution
TWT497,user_268709,Climate researchers in Swabi are raising concerns about environmental challenges related to rising temperatures due to changing climate patterns.,2/5/2024 12:00:00 AM,Swabi,#ClimateChange,en,0.02132,Neutral,Climate Stress,Climate,1044,9052,rising temperatures,climate researchers in swabi are raising concerns about environmental challenges related to rising temperatures due to changing climate patterns.,[],[],FALSE,FALSE,6.684210526,"['climate', 'researchers', 'in', 'swabi', 'are', 'raising', 'concerns', 'about', 'environmental', 'challenges', 'related', 'to', 'rising', 'temperatures', 'due', 'to', 'changing', 'climate', 'patterns', '.']","['climate', 'researchers', 'swabi', 'raising', 'concerns', 'environmental', 'challenges', 'related', 'rising', 'temperatures', 'due', 'changing', 'climate', 'patterns', '.']","['climate', 'researchers', 'swabi', 'raising', 'concerns', 'environmental', 'challenges', 'related', 'rising', 'temperatures', 'due', 'changing', 'climate', 'patterns']","['climate', 'researcher', 'swabi', 'raising', 'concern', 'environmental', 'challenge', 'related', 'rising', 'temperature', 'due', 'changing', 'climate', 'pattern']",climate researcher swabi raising concern environmental challenge related rising temperature due changing climate pattern,14,13,Climate Awareness,Climate Change
TWT498,user_448794,Residents in Bannu are reporting long-term effects related to rising temperatures after recent reports.,12/14/2018 12:00:00 AM,Bannu,#PakistanClimate,en,0,Neutral,Climate Stress,Climate,504,5357,rising temperatures,residents in bannu are reporting long-term effects related to rising temperatures after recent reports.,[],[],FALSE,FALSE,6.428571429,"['residents', 'in', 'bannu', 'are', 'reporting', 'long-term', 'effects', 'related', 'to', 'rising', 'temperatures', 'after', 'recent', 'reports', '.']","['residents', 'bannu', 'reporting', 'long-term', 'effects', 'related', 'rising', 'temperatures', 'recent', 'reports', '.']","['residents', 'bannu', 'reporting', 'long-term', 'effects', 'related', 'rising', 'temperatures', 'recent', 'reports']","['resident', 'bannu', 'reporting', 'long-term', 'effect', 'related', 'rising', 'temperature', 'recent', 'report']",resident bannu reporting long-term effect related rising temperature recent report,10,10,Climate Awareness,Climate Change
TWT499,user_132667,Climate researchers in Islamabad are raising concerns about environmental challenges related to water scarcity after recent reports.,10/29/2018 12:00:00 AM,Islamabad,#PakistanClimate,en,0.04632,Neutral,Resource Crisis,Climate,3085,8587,water scarcity,climate researchers in islamabad are raising concerns about environmental challenges related to water scarcity after recent reports.,[],[],FALSE,FALSE,6.823529412,"['climate', 'researchers', 'in', 'islamabad', 'are', 'raising', 'concerns', 'about', 'environmental', 'challenges', 'related', 'to', 'water', 'scarcity', 'after', 'recent', 'reports', '.']","['climate', 'researchers', 'islamabad', 'raising', 'concerns', 'environmental', 'challenges', 'related', 'water', 'scarcity', 'recent', 'reports', '.']","['climate', 'researchers', 'islamabad', 'raising', 'concerns', 'environmental', 'challenges', 'related', 'water', 'scarcity', 'recent', 'reports']","['climate', 'researcher', 'islamabad', 'raising', 'concern', 'environmental', 'challenge', 'related', 'water', 'scarcity', 'recent', 'report']",climate researcher islamabad raising concern environmental challenge related water scarcity recent report,12,12,Resource Discussion,Resource Issue
TWT500,user_917243,Climate researchers in Mardan have noticed health risks related to heatwave during ongoing environmental changes.,1/25/2021 12:00:00 AM,Mardan,#PakistanClimate,en,-0.16392,Negative,Climate Stress,Climate,1622,189,heatwave,climate researchers in mardan have noticed health risks related to heatwave during ongoing environmental changes.,[],[],FALSE,FALSE,6.6,"['climate', 'researchers', 'in', 'mardan', 'have', 'noticed', 'health', 'risks', 'related', 'to', 'heatwave', 'during', 'ongoing', 'environmental', 'changes', '.']","['climate', 'researchers', 'mardan', 'noticed', 'health', 'risks', 'related', 'heatwave', 'ongoing', 'environmental', 'changes', '.']","['climate', 'researchers', 'mardan', 'noticed', 'health', 'risks', 'related', 'heatwave', 'ongoing', 'environmental', 'changes']","['climate', 'researcher', 'mardan', 'noticed', 'health', 'risk', 'related', 'heatwave', 'ongoing', 'environmental', 'change']",climate researcher mardan noticed health risk related heatwave ongoing environmental change,11,11,Severe Disaster Concern,Disaster
